==========================================
Started: Tue Jul 21 14:33:38 +06 2026
audio.cpp OmniVoice Batch Benchmark
Device: cuda:0 | Batch: prompts.txt | Seed: 42
Global Log: benchmark_audiocpp_omnivoice_clone_batch.log
==========================================

[1/32] weight_type=f16 | steps=1 -> ./outputs/batch_infer/audiocpp_omnivoice_clone_batch_f16_step1
  Started at: 14:33:38
[TRACE ts=20260721-143338] runtime.model.family omnivoice
[TRACE ts=20260721-143338] runtime.model.variant omnivoice
[TRACE ts=20260721-143338] runtime.model.root /home/ipt/kawshik/tts-testing/audio.cpp/models/OmniVoice
[TRACE ts=20260721-143338] runtime.model.discovered_config_count 6
[TRACE ts=20260721-143338] runtime.model.discovered_weight_count 2
[TRACE ts=20260721-143338] runtime.model.task_count 1
[TRACE ts=20260721-143338] runtime.model.language_count 1
[TRACE ts=20260721-143338] runtime.model.supports_speaker_reference 1
[TRACE ts=20260721-143338] runtime.model.supports_style_condition 1
[TRACE ts=20260721-143338] runtime.model.supports_timestamps 0
ggml_cuda_init: found 1 CUDA devices (Total VRAM: 24111 MiB):
  Device 0: NVIDIA GeForce RTX 4090, compute capability 8.9, VMM: yes, VRAM: 24111 MiB
family=omnivoice
task=tts
mode=offline
[TIMING ts=20260721-143341] omnivoice.reference.encode_ms 1.704348
[TIMING ts=20260721-143341] omnivoice.encoder.graph.rebuilt 1
[TIMING ts=20260721-143341] omnivoice.session.prompt_ms 2.794338
[TIMING ts=20260721-143341] omnivoice.session.generate_ms 44.240274
[TIMING ts=20260721-143341] omnivoice.generator.graph.rebuilt 1
[TIMING ts=20260721-143341] omnivoice.generator.graph.rebuild_ms 2.958784
[TIMING ts=20260721-143341] omnivoice.session.decode_ms 39.592293
[TIMING ts=20260721-143341] omnivoice.decoder.graph.rebuilt 1
[TIMING ts=20260721-143341] omnivoice.decoder.graph.rebuild_ms 1.302594
[TIMING ts=20260721-143341] omnivoice.session.postprocess_ms 5.574468
[TIMING ts=20260721-143341] session.wall_ms 94.12671
request_index=0
request_id=line_1
[TIMING] request.line_1.wall_ms 94.2487
audio_out=./outputs/batch_infer/audiocpp_omnivoice_clone_batch_f16_step1/line_1.wav
[TIMING ts=20260721-143341] omnivoice.reference.encode_ms 1.695218
[TIMING ts=20260721-143341] omnivoice.encoder.graph.rebuilt 1
[TIMING ts=20260721-143341] omnivoice.session.prompt_ms 0.516816
[TIMING ts=20260721-143341] omnivoice.session.generate_ms 40.300164
[TIMING ts=20260721-143341] omnivoice.generator.graph.rebuilt 1
[TIMING ts=20260721-143341] omnivoice.generator.graph.rebuild_ms 3.2946
[TIMING ts=20260721-143341] omnivoice.session.decode_ms 12.135076
[TIMING ts=20260721-143341] omnivoice.decoder.graph.rebuilt 1
[TIMING ts=20260721-143341] omnivoice.decoder.graph.rebuild_ms 2.402814
[TIMING ts=20260721-143341] omnivoice.session.postprocess_ms 5.825808
[TIMING ts=20260721-143341] session.wall_ms 60.651567
request_index=1
request_id=line_2
[TIMING] request.line_2.wall_ms 60.7418
audio_out=./outputs/batch_infer/audiocpp_omnivoice_clone_batch_f16_step1/line_2.wav
[TIMING ts=20260721-143341] omnivoice.reference.encode_ms 1.744832
[TIMING ts=20260721-143341] omnivoice.encoder.graph.rebuilt 1
[TIMING ts=20260721-143341] omnivoice.session.prompt_ms 0.465422
[TIMING ts=20260721-143341] omnivoice.session.generate_ms 39.337519
[TIMING ts=20260721-143341] omnivoice.generator.graph.rebuilt 1
[TIMING ts=20260721-143341] omnivoice.generator.graph.rebuild_ms 2.932333
[TIMING ts=20260721-143341] omnivoice.session.decode_ms 9.95832
[TIMING ts=20260721-143341] omnivoice.decoder.graph.rebuilt 1
[TIMING ts=20260721-143341] omnivoice.decoder.graph.rebuild_ms 0.795768
[TIMING ts=20260721-143341] omnivoice.session.postprocess_ms 6.272512
[TIMING ts=20260721-143341] session.wall_ms 57.995246
request_index=2
request_id=line_3
[TIMING] request.line_3.wall_ms 58.0863
audio_out=./outputs/batch_infer/audiocpp_omnivoice_clone_batch_f16_step1/line_3.wav
[TIMING ts=20260721-143341] omnivoice.reference.encode_ms 1.745868
[TIMING ts=20260721-143341] omnivoice.encoder.graph.rebuilt 1
[TIMING ts=20260721-143341] omnivoice.session.prompt_ms 0.50089
[TIMING ts=20260721-143341] omnivoice.session.generate_ms 39.982761
[TIMING ts=20260721-143341] omnivoice.generator.graph.rebuilt 1
[TIMING ts=20260721-143341] omnivoice.generator.graph.rebuild_ms 3.046477
[TIMING ts=20260721-143341] omnivoice.session.decode_ms 9.217397
[TIMING ts=20260721-143341] omnivoice.decoder.graph.rebuilt 1
[TIMING ts=20260721-143341] omnivoice.decoder.graph.rebuild_ms 0.774531
[TIMING ts=20260721-143341] omnivoice.session.postprocess_ms 5.709198
[TIMING ts=20260721-143341] session.wall_ms 57.308822
request_index=3
request_id=line_4
[TIMING] request.line_4.wall_ms 57.4007
audio_out=./outputs/batch_infer/audiocpp_omnivoice_clone_batch_f16_step1/line_4.wav
[TIMING ts=20260721-143341] omnivoice.reference.encode_ms 1.694618
[TIMING ts=20260721-143341] omnivoice.encoder.graph.rebuilt 1
[TIMING ts=20260721-143341] omnivoice.session.prompt_ms 0.470095
[TIMING ts=20260721-143341] omnivoice.session.generate_ms 37.948075
[TIMING ts=20260721-143341] omnivoice.generator.graph.rebuilt 1
[TIMING ts=20260721-143341] omnivoice.generator.graph.rebuild_ms 2.988072
[TIMING ts=20260721-143341] omnivoice.session.decode_ms 9.037785
[TIMING ts=20260721-143341] omnivoice.decoder.graph.rebuilt 1
[TIMING ts=20260721-143341] omnivoice.decoder.graph.rebuild_ms 0.79423
[TIMING ts=20260721-143341] omnivoice.session.postprocess_ms 6.042695
[TIMING ts=20260721-143341] session.wall_ms 55.373642
request_index=4
request_id=line_5
[TIMING] request.line_5.wall_ms 55.4659
audio_out=./outputs/batch_infer/audiocpp_omnivoice_clone_batch_f16_step1/line_5.wav
[TIMING ts=20260721-143341] omnivoice.reference.encode_ms 1.764038
[TIMING ts=20260721-143341] omnivoice.encoder.graph.rebuilt 1
[TIMING ts=20260721-143341] omnivoice.session.prompt_ms 0.487155
[TIMING ts=20260721-143341] omnivoice.session.generate_ms 38.380591
[TIMING ts=20260721-143341] omnivoice.generator.graph.rebuilt 1
[TIMING ts=20260721-143341] omnivoice.generator.graph.rebuild_ms 2.997718
[TIMING ts=20260721-143341] omnivoice.session.decode_ms 10.843093
[TIMING ts=20260721-143341] omnivoice.decoder.graph.rebuilt 1
[TIMING ts=20260721-143341] omnivoice.decoder.graph.rebuild_ms 1.255547
[TIMING ts=20260721-143341] omnivoice.session.postprocess_ms 5.278683
[TIMING ts=20260721-143341] session.wall_ms 56.897578
request_index=5
request_id=line_6
[TIMING] request.line_6.wall_ms 56.9871
audio_out=./outputs/batch_infer/audiocpp_omnivoice_clone_batch_f16_step1/line_6.wav
[TIMING ts=20260721-143342] omnivoice.reference.encode_ms 1.694727
[TIMING ts=20260721-143342] omnivoice.encoder.graph.rebuilt 1
[TIMING ts=20260721-143342] omnivoice.session.prompt_ms 0.53403
[TIMING ts=20260721-143342] omnivoice.session.generate_ms 38.954989
[TIMING ts=20260721-143342] omnivoice.generator.graph.rebuilt 1
[TIMING ts=20260721-143342] omnivoice.generator.graph.rebuild_ms 3.15834
[TIMING ts=20260721-143342] omnivoice.session.decode_ms 10.420512
[TIMING ts=20260721-143342] omnivoice.decoder.graph.rebuilt 1
[TIMING ts=20260721-143342] omnivoice.decoder.graph.rebuild_ms 0.803701
[TIMING ts=20260721-143342] omnivoice.session.postprocess_ms 5.537979
[TIMING ts=20260721-143342] session.wall_ms 57.28799
ggml_backend_cuda_graph_compute: CUDA graph warmup complete
ggml_backend_cuda_graph_compute: CUDA graph warmup complete
request_index=6
request_id=line_7
[TIMING] request.line_7.wall_ms 57.3809
audio_out=./outputs/batch_infer/audiocpp_omnivoice_clone_batch_f16_step1/line_7.wav
[TIMING ts=20260721-143342] omnivoice.reference.encode_ms 1.6952
[TIMING ts=20260721-143342] omnivoice.encoder.graph.rebuilt 1
[TIMING ts=20260721-143342] omnivoice.session.prompt_ms 0.531852
[TIMING ts=20260721-143342] omnivoice.session.generate_ms 40.528872
[TIMING ts=20260721-143342] omnivoice.generator.graph.rebuilt 0
[TIMING ts=20260721-143342] omnivoice.generator.graph.rebuild_ms 0
[TIMING ts=20260721-143342] omnivoice.session.decode_ms 16.842101
[TIMING ts=20260721-143342] omnivoice.decoder.graph.rebuilt 0
[TIMING ts=20260721-143342] omnivoice.decoder.graph.rebuild_ms 0
[TIMING ts=20260721-143342] omnivoice.session.postprocess_ms 5.554459
[TIMING ts=20260721-143342] session.wall_ms 65.324413
request_index=7
request_id=line_8
[TIMING] request.line_8.wall_ms 65.4225
audio_out=./outputs/batch_infer/audiocpp_omnivoice_clone_batch_f16_step1/line_8.wav
[TIMING ts=20260721-143342] omnivoice.reference.encode_ms 1.747494
[TIMING ts=20260721-143342] omnivoice.encoder.graph.rebuilt 1
[TIMING ts=20260721-143342] omnivoice.session.prompt_ms 0.510413
[TIMING ts=20260721-143342] omnivoice.session.generate_ms 40.808058
[TIMING ts=20260721-143342] omnivoice.generator.graph.rebuilt 1
[TIMING ts=20260721-143342] omnivoice.generator.graph.rebuild_ms 4.307739
[TIMING ts=20260721-143342] omnivoice.session.decode_ms 9.396835
[TIMING ts=20260721-143342] omnivoice.decoder.graph.rebuilt 1
[TIMING ts=20260721-143342] omnivoice.decoder.graph.rebuild_ms 1.55119
[TIMING ts=20260721-143342] omnivoice.session.postprocess_ms 5.536541
[TIMING ts=20260721-143342] session.wall_ms 58.166997
request_index=8
request_id=line_9
[TIMING] request.line_9.wall_ms 58.2735
audio_out=./outputs/batch_infer/audiocpp_omnivoice_clone_batch_f16_step1/line_9.wav
[TIMING ts=20260721-143342] omnivoice.reference.encode_ms 1.734348
[TIMING ts=20260721-143342] omnivoice.encoder.graph.rebuilt 1
[TIMING ts=20260721-143342] omnivoice.session.prompt_ms 0.495928
[TIMING ts=20260721-143342] omnivoice.session.generate_ms 28.881093
[TIMING ts=20260721-143342] omnivoice.generator.graph.rebuilt 1
[TIMING ts=20260721-143342] omnivoice.generator.graph.rebuild_ms 3.11514
[TIMING ts=20260721-143342] omnivoice.session.decode_ms 6.255331
[TIMING ts=20260721-143342] omnivoice.decoder.graph.rebuilt 1
[TIMING ts=20260721-143342] omnivoice.decoder.graph.rebuild_ms 0.83375
[TIMING ts=20260721-143342] omnivoice.session.postprocess_ms 5.194875
[TIMING ts=20260721-143342] session.wall_ms 42.784016
request_index=9
request_id=line_10
[TIMING] request.line_10.wall_ms 42.8724
audio_out=./outputs/batch_infer/audiocpp_omnivoice_clone_batch_f16_step1/line_10.wav
  Completed at: 14:33:42
  Output dir: ./outputs/batch_infer/audiocpp_omnivoice_clone_batch_f16_step1

[2/32] weight_type=f32 | steps=1 -> ./outputs/batch_infer/audiocpp_omnivoice_clone_batch_f32_step1
  Started at: 14:33:42
[TRACE ts=20260721-143342] runtime.model.family omnivoice
[TRACE ts=20260721-143342] runtime.model.variant omnivoice
[TRACE ts=20260721-143342] runtime.model.root /home/ipt/kawshik/tts-testing/audio.cpp/models/OmniVoice
[TRACE ts=20260721-143342] runtime.model.discovered_config_count 6
[TRACE ts=20260721-143342] runtime.model.discovered_weight_count 2
[TRACE ts=20260721-143342] runtime.model.task_count 1
[TRACE ts=20260721-143342] runtime.model.language_count 1
[TRACE ts=20260721-143342] runtime.model.supports_speaker_reference 1
[TRACE ts=20260721-143342] runtime.model.supports_style_condition 1
[TRACE ts=20260721-143342] runtime.model.supports_timestamps 0
ggml_cuda_init: found 1 CUDA devices (Total VRAM: 24111 MiB):
  Device 0: NVIDIA GeForce RTX 4090, compute capability 8.9, VMM: yes, VRAM: 24111 MiB
family=omnivoice
task=tts
mode=offline
[TIMING ts=20260721-143345] omnivoice.reference.encode_ms 1.694148
[TIMING ts=20260721-143345] omnivoice.encoder.graph.rebuilt 1
[TIMING ts=20260721-143345] omnivoice.session.prompt_ms 2.80577
[TIMING ts=20260721-143345] omnivoice.session.generate_ms 40.603056
[TIMING ts=20260721-143345] omnivoice.generator.graph.rebuilt 1
[TIMING ts=20260721-143345] omnivoice.generator.graph.rebuild_ms 3.269128
[TIMING ts=20260721-143345] omnivoice.session.decode_ms 40.469228
[TIMING ts=20260721-143345] omnivoice.decoder.graph.rebuilt 1
[TIMING ts=20260721-143345] omnivoice.decoder.graph.rebuild_ms 1.340471
[TIMING ts=20260721-143345] omnivoice.session.postprocess_ms 5.589937
[TIMING ts=20260721-143345] session.wall_ms 91.445322
request_index=0
request_id=line_1
[TIMING] request.line_1.wall_ms 91.5665
audio_out=./outputs/batch_infer/audiocpp_omnivoice_clone_batch_f32_step1/line_1.wav
[TIMING ts=20260721-143345] omnivoice.reference.encode_ms 1.705978
[TIMING ts=20260721-143345] omnivoice.encoder.graph.rebuilt 1
[TIMING ts=20260721-143345] omnivoice.session.prompt_ms 0.529672
[TIMING ts=20260721-143345] omnivoice.session.generate_ms 36.544034
[TIMING ts=20260721-143345] omnivoice.generator.graph.rebuilt 1
[TIMING ts=20260721-143345] omnivoice.generator.graph.rebuild_ms 3.435112
[TIMING ts=20260721-143345] omnivoice.session.decode_ms 11.747764
[TIMING ts=20260721-143345] omnivoice.decoder.graph.rebuilt 1
[TIMING ts=20260721-143345] omnivoice.decoder.graph.rebuild_ms 2.431326
[TIMING ts=20260721-143345] omnivoice.session.postprocess_ms 5.843842
[TIMING ts=20260721-143345] session.wall_ms 56.589017
request_index=1
request_id=line_2
[TIMING] request.line_2.wall_ms 56.6857
audio_out=./outputs/batch_infer/audiocpp_omnivoice_clone_batch_f32_step1/line_2.wav
[TIMING ts=20260721-143345] omnivoice.reference.encode_ms 1.805897
[TIMING ts=20260721-143345] omnivoice.encoder.graph.rebuilt 1
[TIMING ts=20260721-143345] omnivoice.session.prompt_ms 0.491098
[TIMING ts=20260721-143345] omnivoice.session.generate_ms 36.349848
[TIMING ts=20260721-143345] omnivoice.generator.graph.rebuilt 1
[TIMING ts=20260721-143345] omnivoice.generator.graph.rebuild_ms 3.067139
[TIMING ts=20260721-143345] omnivoice.session.decode_ms 9.175284
[TIMING ts=20260721-143345] omnivoice.decoder.graph.rebuilt 1
[TIMING ts=20260721-143345] omnivoice.decoder.graph.rebuild_ms 0.834052
[TIMING ts=20260721-143345] omnivoice.session.postprocess_ms 5.522929
[TIMING ts=20260721-143345] session.wall_ms 53.605195
request_index=2
request_id=line_3
[TIMING] request.line_3.wall_ms 53.7024
audio_out=./outputs/batch_infer/audiocpp_omnivoice_clone_batch_f32_step1/line_3.wav
[TIMING ts=20260721-143345] omnivoice.reference.encode_ms 1.706966
[TIMING ts=20260721-143345] omnivoice.encoder.graph.rebuilt 1
[TIMING ts=20260721-143345] omnivoice.session.prompt_ms 0.50898
[TIMING ts=20260721-143345] omnivoice.session.generate_ms 38.198892
[TIMING ts=20260721-143345] omnivoice.generator.graph.rebuilt 1
[TIMING ts=20260721-143345] omnivoice.generator.graph.rebuild_ms 3.054228
[TIMING ts=20260721-143345] omnivoice.session.decode_ms 9.816159
[TIMING ts=20260721-143345] omnivoice.decoder.graph.rebuilt 1
[TIMING ts=20260721-143345] omnivoice.decoder.graph.rebuild_ms 0.823517
[TIMING ts=20260721-143345] omnivoice.session.postprocess_ms 5.672917
[TIMING ts=20260721-143345] session.wall_ms 56.071834
request_index=3
request_id=line_4
[TIMING] request.line_4.wall_ms 56.1642
audio_out=./outputs/batch_infer/audiocpp_omnivoice_clone_batch_f32_step1/line_4.wav
[TIMING ts=20260721-143345] omnivoice.reference.encode_ms 1.704745
[TIMING ts=20260721-143345] omnivoice.encoder.graph.rebuilt 1
[TIMING ts=20260721-143345] omnivoice.session.prompt_ms 0.485942
[TIMING ts=20260721-143345] omnivoice.session.generate_ms 37.528286
[TIMING ts=20260721-143345] omnivoice.generator.graph.rebuilt 1
[TIMING ts=20260721-143345] omnivoice.generator.graph.rebuild_ms 3.096541
[TIMING ts=20260721-143345] omnivoice.session.decode_ms 10.071438
[TIMING ts=20260721-143345] omnivoice.decoder.graph.rebuilt 1
[TIMING ts=20260721-143345] omnivoice.decoder.graph.rebuild_ms 1.291045
[TIMING ts=20260721-143345] omnivoice.session.postprocess_ms 5.512236
[TIMING ts=20260721-143345] session.wall_ms 55.486182
request_index=4
request_id=line_5
[TIMING] request.line_5.wall_ms 55.5798
audio_out=./outputs/batch_infer/audiocpp_omnivoice_clone_batch_f32_step1/line_5.wav
[TIMING ts=20260721-143345] omnivoice.reference.encode_ms 1.694829
[TIMING ts=20260721-143345] omnivoice.encoder.graph.rebuilt 1
[TIMING ts=20260721-143345] omnivoice.session.prompt_ms 0.499612
[TIMING ts=20260721-143345] omnivoice.session.generate_ms 38.55856
[TIMING ts=20260721-143345] omnivoice.generator.graph.rebuilt 1
[TIMING ts=20260721-143345] omnivoice.generator.graph.rebuild_ms 3.168423
[TIMING ts=20260721-143345] omnivoice.session.decode_ms 8.908594
[TIMING ts=20260721-143345] omnivoice.decoder.graph.rebuilt 1
[TIMING ts=20260721-143345] omnivoice.decoder.graph.rebuild_ms 0.778955
[TIMING ts=20260721-143345] omnivoice.session.postprocess_ms 5.245625
[TIMING ts=20260721-143345] session.wall_ms 55.05735
request_index=5
request_id=line_6
[TIMING] request.line_6.wall_ms 55.1474
audio_out=./outputs/batch_infer/audiocpp_omnivoice_clone_batch_f32_step1/line_6.wav
[TIMING ts=20260721-143345] omnivoice.reference.encode_ms 1.738308
[TIMING ts=20260721-143345] omnivoice.encoder.graph.rebuilt 1
[TIMING ts=20260721-143345] omnivoice.session.prompt_ms 0.467394
[TIMING ts=20260721-143345] omnivoice.session.generate_ms 36.766548
[TIMING ts=20260721-143345] omnivoice.generator.graph.rebuilt 1
[TIMING ts=20260721-143345] omnivoice.generator.graph.rebuild_ms 3.092335
[TIMING ts=20260721-143345] omnivoice.session.decode_ms 9.967641
[TIMING ts=20260721-143345] omnivoice.decoder.graph.rebuilt 1
[TIMING ts=20260721-143345] omnivoice.decoder.graph.rebuild_ms 0.813383
[TIMING ts=20260721-143345] omnivoice.session.postprocess_ms 5.573466
[TIMING ts=20260721-143345] session.wall_ms 54.661886
ggml_backend_cuda_graph_compute: CUDA graph warmup complete
ggml_backend_cuda_graph_compute: CUDA graph warmup complete
request_index=6
request_id=line_7
[TIMING] request.line_7.wall_ms 54.7561
audio_out=./outputs/batch_infer/audiocpp_omnivoice_clone_batch_f32_step1/line_7.wav
[TIMING ts=20260721-143346] omnivoice.reference.encode_ms 1.721788
[TIMING ts=20260721-143346] omnivoice.encoder.graph.rebuilt 1
[TIMING ts=20260721-143346] omnivoice.session.prompt_ms 0.505251
[TIMING ts=20260721-143346] omnivoice.session.generate_ms 40.158749
[TIMING ts=20260721-143346] omnivoice.generator.graph.rebuilt 0
[TIMING ts=20260721-143346] omnivoice.generator.graph.rebuild_ms 0
[TIMING ts=20260721-143346] omnivoice.session.decode_ms 17.023169
[TIMING ts=20260721-143346] omnivoice.decoder.graph.rebuilt 0
[TIMING ts=20260721-143346] omnivoice.decoder.graph.rebuild_ms 0
[TIMING ts=20260721-143346] omnivoice.session.postprocess_ms 5.540655
[TIMING ts=20260721-143346] session.wall_ms 65.130772
request_index=7
request_id=line_8
[TIMING] request.line_8.wall_ms 65.2255
audio_out=./outputs/batch_infer/audiocpp_omnivoice_clone_batch_f32_step1/line_8.wav
[TIMING ts=20260721-143346] omnivoice.reference.encode_ms 1.702178
[TIMING ts=20260721-143346] omnivoice.encoder.graph.rebuilt 1
[TIMING ts=20260721-143346] omnivoice.session.prompt_ms 0.491724
[TIMING ts=20260721-143346] omnivoice.session.generate_ms 38.960966
[TIMING ts=20260721-143346] omnivoice.generator.graph.rebuilt 1
[TIMING ts=20260721-143346] omnivoice.generator.graph.rebuild_ms 4.332376
[TIMING ts=20260721-143346] omnivoice.session.decode_ms 10.801659
[TIMING ts=20260721-143346] omnivoice.decoder.graph.rebuilt 1
[TIMING ts=20260721-143346] omnivoice.decoder.graph.rebuild_ms 1.56842
[TIMING ts=20260721-143346] omnivoice.session.postprocess_ms 5.382408
[TIMING ts=20260721-143346] session.wall_ms 57.485908
request_index=8
request_id=line_9
[TIMING] request.line_9.wall_ms 57.578
audio_out=./outputs/batch_infer/audiocpp_omnivoice_clone_batch_f32_step1/line_9.wav
[TIMING ts=20260721-143346] omnivoice.reference.encode_ms 1.712863
[TIMING ts=20260721-143346] omnivoice.encoder.graph.rebuilt 1
[TIMING ts=20260721-143346] omnivoice.session.prompt_ms 0.499028
[TIMING ts=20260721-143346] omnivoice.session.generate_ms 41.197735
[TIMING ts=20260721-143346] omnivoice.generator.graph.rebuilt 1
[TIMING ts=20260721-143346] omnivoice.generator.graph.rebuild_ms 3.113707
[TIMING ts=20260721-143346] omnivoice.session.decode_ms 10.332219
[TIMING ts=20260721-143346] omnivoice.decoder.graph.rebuilt 1
[TIMING ts=20260721-143346] omnivoice.decoder.graph.rebuild_ms 1.141167
[TIMING ts=20260721-143346] omnivoice.session.postprocess_ms 6.025685
[TIMING ts=20260721-143346] session.wall_ms 59.991644
request_index=9
request_id=line_10
[TIMING] request.line_10.wall_ms 60.1056
audio_out=./outputs/batch_infer/audiocpp_omnivoice_clone_batch_f32_step1/line_10.wav
  Completed at: 14:33:46
  Output dir: ./outputs/batch_infer/audiocpp_omnivoice_clone_batch_f32_step1

[3/32] weight_type=bf16 | steps=1 -> ./outputs/batch_infer/audiocpp_omnivoice_clone_batch_bf16_step1
  Started at: 14:33:46
[TRACE ts=20260721-143346] runtime.model.family omnivoice
[TRACE ts=20260721-143346] runtime.model.variant omnivoice
[TRACE ts=20260721-143346] runtime.model.root /home/ipt/kawshik/tts-testing/audio.cpp/models/OmniVoice
[TRACE ts=20260721-143346] runtime.model.discovered_config_count 6
[TRACE ts=20260721-143346] runtime.model.discovered_weight_count 2
[TRACE ts=20260721-143346] runtime.model.task_count 1
[TRACE ts=20260721-143346] runtime.model.language_count 1
[TRACE ts=20260721-143346] runtime.model.supports_speaker_reference 1
[TRACE ts=20260721-143346] runtime.model.supports_style_condition 1
[TRACE ts=20260721-143346] runtime.model.supports_timestamps 0
ggml_cuda_init: found 1 CUDA devices (Total VRAM: 24111 MiB):
  Device 0: NVIDIA GeForce RTX 4090, compute capability 8.9, VMM: yes, VRAM: 24111 MiB
family=omnivoice
task=tts
mode=offline
[TIMING ts=20260721-143349] omnivoice.reference.encode_ms 1.693919
[TIMING ts=20260721-143349] omnivoice.encoder.graph.rebuilt 1
[TIMING ts=20260721-143349] omnivoice.session.prompt_ms 2.790019
[TIMING ts=20260721-143349] omnivoice.session.generate_ms 44.331569
[TIMING ts=20260721-143349] omnivoice.generator.graph.rebuilt 1
[TIMING ts=20260721-143349] omnivoice.generator.graph.rebuild_ms 2.953203
[TIMING ts=20260721-143349] omnivoice.session.decode_ms 38.488485
[TIMING ts=20260721-143349] omnivoice.decoder.graph.rebuilt 1
[TIMING ts=20260721-143349] omnivoice.decoder.graph.rebuild_ms 1.32617
[TIMING ts=20260721-143349] omnivoice.session.postprocess_ms 5.544471
[TIMING ts=20260721-143349] session.wall_ms 93.072901
request_index=0
request_id=line_1
[TIMING] request.line_1.wall_ms 93.1862
audio_out=./outputs/batch_infer/audiocpp_omnivoice_clone_batch_bf16_step1/line_1.wav
[TIMING ts=20260721-143349] omnivoice.reference.encode_ms 1.718246
[TIMING ts=20260721-143349] omnivoice.encoder.graph.rebuilt 1
[TIMING ts=20260721-143349] omnivoice.session.prompt_ms 0.501952
[TIMING ts=20260721-143349] omnivoice.session.generate_ms 28.392506
[TIMING ts=20260721-143349] omnivoice.generator.graph.rebuilt 1
[TIMING ts=20260721-143349] omnivoice.generator.graph.rebuild_ms 3.176476
[TIMING ts=20260721-143349] omnivoice.session.decode_ms 40.508082
[TIMING ts=20260721-143349] omnivoice.decoder.graph.rebuilt 1
[TIMING ts=20260721-143349] omnivoice.decoder.graph.rebuild_ms 2.475549
[TIMING ts=20260721-143349] omnivoice.session.postprocess_ms 5.815412
[TIMING ts=20260721-143349] session.wall_ms 77.119334
request_index=1
request_id=line_2
[TIMING] request.line_2.wall_ms 77.211
audio_out=./outputs/batch_infer/audiocpp_omnivoice_clone_batch_bf16_step1/line_2.wav
[TIMING ts=20260721-143349] omnivoice.reference.encode_ms 1.74451
[TIMING ts=20260721-143349] omnivoice.encoder.graph.rebuilt 1
[TIMING ts=20260721-143349] omnivoice.session.prompt_ms 0.474894
[TIMING ts=20260721-143349] omnivoice.session.generate_ms 41.223531
[TIMING ts=20260721-143349] omnivoice.generator.graph.rebuilt 1
[TIMING ts=20260721-143349] omnivoice.generator.graph.rebuild_ms 3.011661
[TIMING ts=20260721-143349] omnivoice.session.decode_ms 9.216498
[TIMING ts=20260721-143349] omnivoice.decoder.graph.rebuilt 1
[TIMING ts=20260721-143349] omnivoice.decoder.graph.rebuild_ms 0.828159
[TIMING ts=20260721-143349] omnivoice.session.postprocess_ms 5.471593
[TIMING ts=20260721-143349] session.wall_ms 58.35157
request_index=2
request_id=line_3
[TIMING] request.line_3.wall_ms 58.4376
audio_out=./outputs/batch_infer/audiocpp_omnivoice_clone_batch_bf16_step1/line_3.wav
[TIMING ts=20260721-143349] omnivoice.reference.encode_ms 1.694742
[TIMING ts=20260721-143349] omnivoice.encoder.graph.rebuilt 1
[TIMING ts=20260721-143349] omnivoice.session.prompt_ms 0.478396
[TIMING ts=20260721-143349] omnivoice.session.generate_ms 38.441993
[TIMING ts=20260721-143349] omnivoice.generator.graph.rebuilt 1
[TIMING ts=20260721-143349] omnivoice.generator.graph.rebuild_ms 3.011704
[TIMING ts=20260721-143349] omnivoice.session.decode_ms 10.408404
[TIMING ts=20260721-143349] omnivoice.decoder.graph.rebuilt 1
[TIMING ts=20260721-143349] omnivoice.decoder.graph.rebuild_ms 0.886749
[TIMING ts=20260721-143349] omnivoice.session.postprocess_ms 5.781678
[TIMING ts=20260721-143349] session.wall_ms 56.968603
request_index=3
request_id=line_4
[TIMING] request.line_4.wall_ms 57.0624
audio_out=./outputs/batch_infer/audiocpp_omnivoice_clone_batch_bf16_step1/line_4.wav
[TIMING ts=20260721-143349] omnivoice.reference.encode_ms 1.718698
[TIMING ts=20260721-143349] omnivoice.encoder.graph.rebuilt 1
[TIMING ts=20260721-143349] omnivoice.session.prompt_ms 0.47622
[TIMING ts=20260721-143349] omnivoice.session.generate_ms 39.942813
[TIMING ts=20260721-143349] omnivoice.generator.graph.rebuilt 1
[TIMING ts=20260721-143349] omnivoice.generator.graph.rebuild_ms 3.216378
[TIMING ts=20260721-143349] omnivoice.session.decode_ms 9.981941
[TIMING ts=20260721-143349] omnivoice.decoder.graph.rebuilt 1
[TIMING ts=20260721-143349] omnivoice.decoder.graph.rebuild_ms 0.875857
[TIMING ts=20260721-143349] omnivoice.session.postprocess_ms 5.523024
[TIMING ts=20260721-143349] session.wall_ms 57.83739
request_index=4
request_id=line_5
[TIMING] request.line_5.wall_ms 57.9312
audio_out=./outputs/batch_infer/audiocpp_omnivoice_clone_batch_bf16_step1/line_5.wav
[TIMING ts=20260721-143349] omnivoice.reference.encode_ms 1.69439
[TIMING ts=20260721-143349] omnivoice.encoder.graph.rebuilt 1
[TIMING ts=20260721-143349] omnivoice.session.prompt_ms 0.495946
[TIMING ts=20260721-143349] omnivoice.session.generate_ms 38.087751
[TIMING ts=20260721-143349] omnivoice.generator.graph.rebuilt 1
[TIMING ts=20260721-143349] omnivoice.generator.graph.rebuild_ms 3.107426
[TIMING ts=20260721-143349] omnivoice.session.decode_ms 9.156576
[TIMING ts=20260721-143349] omnivoice.decoder.graph.rebuilt 1
[TIMING ts=20260721-143349] omnivoice.decoder.graph.rebuild_ms 0.895103
[TIMING ts=20260721-143349] omnivoice.session.postprocess_ms 5.284614
[TIMING ts=20260721-143349] session.wall_ms 54.8688
request_index=5
request_id=line_6
[TIMING] request.line_6.wall_ms 54.9624
audio_out=./outputs/batch_infer/audiocpp_omnivoice_clone_batch_bf16_step1/line_6.wav
[TIMING ts=20260721-143349] omnivoice.reference.encode_ms 1.709006
[TIMING ts=20260721-143349] omnivoice.encoder.graph.rebuilt 1
[TIMING ts=20260721-143349] omnivoice.session.prompt_ms 0.474975
[TIMING ts=20260721-143349] omnivoice.session.generate_ms 37.926463
[TIMING ts=20260721-143349] omnivoice.generator.graph.rebuilt 1
[TIMING ts=20260721-143349] omnivoice.generator.graph.rebuild_ms 3.034666
[TIMING ts=20260721-143349] omnivoice.session.decode_ms 9.769562
[TIMING ts=20260721-143349] omnivoice.decoder.graph.rebuilt 1
[TIMING ts=20260721-143349] omnivoice.decoder.graph.rebuild_ms 0.853811
[TIMING ts=20260721-143349] omnivoice.session.postprocess_ms 5.571397
[TIMING ts=20260721-143349] session.wall_ms 55.595606
ggml_backend_cuda_graph_compute: CUDA graph warmup complete
ggml_backend_cuda_graph_compute: CUDA graph warmup complete
request_index=6
request_id=line_7
[TIMING] request.line_7.wall_ms 55.6872
audio_out=./outputs/batch_infer/audiocpp_omnivoice_clone_batch_bf16_step1/line_7.wav
[TIMING ts=20260721-143349] omnivoice.reference.encode_ms 1.694778
[TIMING ts=20260721-143349] omnivoice.encoder.graph.rebuilt 1
[TIMING ts=20260721-143349] omnivoice.session.prompt_ms 0.491857
[TIMING ts=20260721-143349] omnivoice.session.generate_ms 40.791855
[TIMING ts=20260721-143349] omnivoice.generator.graph.rebuilt 0
[TIMING ts=20260721-143349] omnivoice.generator.graph.rebuild_ms 0
[TIMING ts=20260721-143349] omnivoice.session.decode_ms 17.272212
[TIMING ts=20260721-143349] omnivoice.decoder.graph.rebuilt 0
[TIMING ts=20260721-143349] omnivoice.decoder.graph.rebuild_ms 0
[TIMING ts=20260721-143349] omnivoice.session.postprocess_ms 5.53866
[TIMING ts=20260721-143349] session.wall_ms 65.961666
request_index=7
request_id=line_8
[TIMING] request.line_8.wall_ms 66.0547
audio_out=./outputs/batch_infer/audiocpp_omnivoice_clone_batch_bf16_step1/line_8.wav
[TIMING ts=20260721-143349] omnivoice.reference.encode_ms 1.694681
[TIMING ts=20260721-143349] omnivoice.encoder.graph.rebuilt 1
[TIMING ts=20260721-143349] omnivoice.session.prompt_ms 0.583671
[TIMING ts=20260721-143349] omnivoice.session.generate_ms 38.491191
[TIMING ts=20260721-143349] omnivoice.generator.graph.rebuilt 1
[TIMING ts=20260721-143349] omnivoice.generator.graph.rebuild_ms 4.277149
[TIMING ts=20260721-143349] omnivoice.session.decode_ms 10.853176
[TIMING ts=20260721-143349] omnivoice.decoder.graph.rebuilt 1
[TIMING ts=20260721-143349] omnivoice.decoder.graph.rebuild_ms 1.591059
[TIMING ts=20260721-143349] omnivoice.session.postprocess_ms 5.341834
[TIMING ts=20260721-143349] session.wall_ms 57.130616
request_index=8
request_id=line_9
[TIMING] request.line_9.wall_ms 57.2222
audio_out=./outputs/batch_infer/audiocpp_omnivoice_clone_batch_bf16_step1/line_9.wav
[TIMING ts=20260721-143349] omnivoice.reference.encode_ms 1.69463
[TIMING ts=20260721-143349] omnivoice.encoder.graph.rebuilt 1
[TIMING ts=20260721-143349] omnivoice.session.prompt_ms 0.513804
[TIMING ts=20260721-143349] omnivoice.session.generate_ms 38.771415
[TIMING ts=20260721-143349] omnivoice.generator.graph.rebuilt 1
[TIMING ts=20260721-143349] omnivoice.generator.graph.rebuild_ms 2.940312
[TIMING ts=20260721-143349] omnivoice.session.decode_ms 8.520179
[TIMING ts=20260721-143349] omnivoice.decoder.graph.rebuilt 1
[TIMING ts=20260721-143349] omnivoice.decoder.graph.rebuild_ms 0.866999
[TIMING ts=20260721-143349] omnivoice.session.postprocess_ms 5.228432
[TIMING ts=20260721-143349] session.wall_ms 54.942681
request_index=9
request_id=line_10
[TIMING] request.line_10.wall_ms 55.0372
audio_out=./outputs/batch_infer/audiocpp_omnivoice_clone_batch_bf16_step1/line_10.wav
  Completed at: 14:33:50
  Output dir: ./outputs/batch_infer/audiocpp_omnivoice_clone_batch_bf16_step1

[4/32] weight_type=q8_0 | steps=1 -> ./outputs/batch_infer/audiocpp_omnivoice_clone_batch_q8_0_step1
  Started at: 14:33:50
[TRACE ts=20260721-143350] runtime.model.family omnivoice
[TRACE ts=20260721-143350] runtime.model.variant omnivoice
[TRACE ts=20260721-143350] runtime.model.root /home/ipt/kawshik/tts-testing/audio.cpp/models/OmniVoice
[TRACE ts=20260721-143350] runtime.model.discovered_config_count 6
[TRACE ts=20260721-143350] runtime.model.discovered_weight_count 2
[TRACE ts=20260721-143350] runtime.model.task_count 1
[TRACE ts=20260721-143350] runtime.model.language_count 1
[TRACE ts=20260721-143350] runtime.model.supports_speaker_reference 1
[TRACE ts=20260721-143350] runtime.model.supports_style_condition 1
[TRACE ts=20260721-143350] runtime.model.supports_timestamps 0
ggml_cuda_init: found 1 CUDA devices (Total VRAM: 24111 MiB):
  Device 0: NVIDIA GeForce RTX 4090, compute capability 8.9, VMM: yes, VRAM: 24111 MiB
family=omnivoice
task=tts
mode=offline
[TIMING ts=20260721-143353] omnivoice.reference.encode_ms 1.707634
[TIMING ts=20260721-143353] omnivoice.encoder.graph.rebuilt 1
[TIMING ts=20260721-143353] omnivoice.session.prompt_ms 5.067495
[TIMING ts=20260721-143353] omnivoice.session.generate_ms 40.205859
[TIMING ts=20260721-143353] omnivoice.generator.graph.rebuilt 1
[TIMING ts=20260721-143353] omnivoice.generator.graph.rebuild_ms 3.225244
[TIMING ts=20260721-143353] omnivoice.session.decode_ms 63.005834
[TIMING ts=20260721-143353] omnivoice.decoder.graph.rebuilt 1
[TIMING ts=20260721-143353] omnivoice.decoder.graph.rebuild_ms 1.395289
[TIMING ts=20260721-143353] omnivoice.session.postprocess_ms 6.233761
[TIMING ts=20260721-143353] session.wall_ms 116.499886
request_index=0
request_id=line_1
[TIMING] request.line_1.wall_ms 116.686
audio_out=./outputs/batch_infer/audiocpp_omnivoice_clone_batch_q8_0_step1/line_1.wav
[TIMING ts=20260721-143353] omnivoice.reference.encode_ms 1.697612
[TIMING ts=20260721-143353] omnivoice.encoder.graph.rebuilt 1
[TIMING ts=20260721-143353] omnivoice.session.prompt_ms 1.402235
[TIMING ts=20260721-143353] omnivoice.session.generate_ms 40.319753
[TIMING ts=20260721-143353] omnivoice.generator.graph.rebuilt 1
[TIMING ts=20260721-143353] omnivoice.generator.graph.rebuild_ms 4.310466
[TIMING ts=20260721-143353] omnivoice.session.decode_ms 12.465324
[TIMING ts=20260721-143353] omnivoice.decoder.graph.rebuilt 1
[TIMING ts=20260721-143353] omnivoice.decoder.graph.rebuild_ms 3.485829
[TIMING ts=20260721-143353] omnivoice.session.postprocess_ms 6.998874
[TIMING ts=20260721-143353] session.wall_ms 63.740584
request_index=1
request_id=line_2
[TIMING] request.line_2.wall_ms 63.8424
audio_out=./outputs/batch_infer/audiocpp_omnivoice_clone_batch_q8_0_step1/line_2.wav
[TIMING ts=20260721-143353] omnivoice.reference.encode_ms 1.695456
[TIMING ts=20260721-143353] omnivoice.encoder.graph.rebuilt 1
[TIMING ts=20260721-143353] omnivoice.session.prompt_ms 0.559225
[TIMING ts=20260721-143353] omnivoice.session.generate_ms 42.208154
[TIMING ts=20260721-143353] omnivoice.generator.graph.rebuilt 1
[TIMING ts=20260721-143353] omnivoice.generator.graph.rebuild_ms 6.133336
[TIMING ts=20260721-143353] omnivoice.session.decode_ms 9.263364
[TIMING ts=20260721-143353] omnivoice.decoder.graph.rebuilt 1
[TIMING ts=20260721-143353] omnivoice.decoder.graph.rebuild_ms 0.897388
[TIMING ts=20260721-143353] omnivoice.session.postprocess_ms 5.780203
[TIMING ts=20260721-143353] session.wall_ms 60.594384
request_index=2
request_id=line_3
[TIMING] request.line_3.wall_ms 60.6981
audio_out=./outputs/batch_infer/audiocpp_omnivoice_clone_batch_q8_0_step1/line_3.wav
[TIMING ts=20260721-143353] omnivoice.reference.encode_ms 1.706507
[TIMING ts=20260721-143353] omnivoice.encoder.graph.rebuilt 1
[TIMING ts=20260721-143353] omnivoice.session.prompt_ms 0.621356
[TIMING ts=20260721-143353] omnivoice.session.generate_ms 35.442435
[TIMING ts=20260721-143353] omnivoice.generator.graph.rebuilt 1
[TIMING ts=20260721-143353] omnivoice.generator.graph.rebuild_ms 3.159528
[TIMING ts=20260721-143353] omnivoice.session.decode_ms 8.239323
[TIMING ts=20260721-143353] omnivoice.decoder.graph.rebuilt 1
[TIMING ts=20260721-143353] omnivoice.decoder.graph.rebuild_ms 0.860689
[TIMING ts=20260721-143353] omnivoice.session.postprocess_ms 5.884006
[TIMING ts=20260721-143353] session.wall_ms 52.493611
request_index=3
request_id=line_4
[TIMING] request.line_4.wall_ms 52.5965
audio_out=./outputs/batch_infer/audiocpp_omnivoice_clone_batch_q8_0_step1/line_4.wav
[TIMING ts=20260721-143353] omnivoice.reference.encode_ms 1.72649
[TIMING ts=20260721-143353] omnivoice.encoder.graph.rebuilt 1
[TIMING ts=20260721-143353] omnivoice.session.prompt_ms 0.55329
[TIMING ts=20260721-143353] omnivoice.session.generate_ms 37.087567
[TIMING ts=20260721-143353] omnivoice.generator.graph.rebuilt 1
[TIMING ts=20260721-143353] omnivoice.generator.graph.rebuild_ms 3.190085
[TIMING ts=20260721-143353] omnivoice.session.decode_ms 7.470784
[TIMING ts=20260721-143353] omnivoice.decoder.graph.rebuilt 1
[TIMING ts=20260721-143353] omnivoice.decoder.graph.rebuild_ms 0.824875
[TIMING ts=20260721-143353] omnivoice.session.postprocess_ms 6.111394
[TIMING ts=20260721-143353] session.wall_ms 53.596431
request_index=4
request_id=line_5
[TIMING] request.line_5.wall_ms 53.7521
audio_out=./outputs/batch_infer/audiocpp_omnivoice_clone_batch_q8_0_step1/line_5.wav
[TIMING ts=20260721-143353] omnivoice.reference.encode_ms 1.69479
[TIMING ts=20260721-143353] omnivoice.encoder.graph.rebuilt 1
[TIMING ts=20260721-143353] omnivoice.session.prompt_ms 0.626452
[TIMING ts=20260721-143353] omnivoice.session.generate_ms 36.943405
[TIMING ts=20260721-143353] omnivoice.generator.graph.rebuilt 1
[TIMING ts=20260721-143353] omnivoice.generator.graph.rebuild_ms 3.281936
[TIMING ts=20260721-143353] omnivoice.session.decode_ms 8.627663
[TIMING ts=20260721-143353] omnivoice.decoder.graph.rebuilt 1
[TIMING ts=20260721-143353] omnivoice.decoder.graph.rebuild_ms 0.879955
[TIMING ts=20260721-143353] omnivoice.session.postprocess_ms 5.378004
[TIMING ts=20260721-143353] session.wall_ms 53.913747
request_index=5
request_id=line_6
[TIMING] request.line_6.wall_ms 54.0162
audio_out=./outputs/batch_infer/audiocpp_omnivoice_clone_batch_q8_0_step1/line_6.wav
[TIMING ts=20260721-143353] omnivoice.reference.encode_ms 1.694825
[TIMING ts=20260721-143353] omnivoice.encoder.graph.rebuilt 1
[TIMING ts=20260721-143353] omnivoice.session.prompt_ms 0.548889
[TIMING ts=20260721-143353] omnivoice.session.generate_ms 36.479491
[TIMING ts=20260721-143353] omnivoice.generator.graph.rebuilt 1
[TIMING ts=20260721-143353] omnivoice.generator.graph.rebuild_ms 3.226269
[TIMING ts=20260721-143353] omnivoice.session.decode_ms 8.855335
[TIMING ts=20260721-143353] omnivoice.decoder.graph.rebuilt 1
[TIMING ts=20260721-143353] omnivoice.decoder.graph.rebuild_ms 0.871409
[TIMING ts=20260721-143353] omnivoice.session.postprocess_ms 5.586198
[TIMING ts=20260721-143353] session.wall_ms 53.762518
ggml_backend_cuda_graph_compute: CUDA graph warmup complete
ggml_backend_cuda_graph_compute: CUDA graph warmup complete
request_index=6
request_id=line_7
[TIMING] request.line_7.wall_ms 53.8618
audio_out=./outputs/batch_infer/audiocpp_omnivoice_clone_batch_q8_0_step1/line_7.wav
[TIMING ts=20260721-143353] omnivoice.reference.encode_ms 1.694698
[TIMING ts=20260721-143353] omnivoice.encoder.graph.rebuilt 1
[TIMING ts=20260721-143353] omnivoice.session.prompt_ms 0.624085
[TIMING ts=20260721-143353] omnivoice.session.generate_ms 40.505435
[TIMING ts=20260721-143353] omnivoice.generator.graph.rebuilt 0
[TIMING ts=20260721-143353] omnivoice.generator.graph.rebuild_ms 0
[TIMING ts=20260721-143353] omnivoice.session.decode_ms 21.618756
[TIMING ts=20260721-143353] omnivoice.decoder.graph.rebuilt 0
[TIMING ts=20260721-143353] omnivoice.decoder.graph.rebuild_ms 0
[TIMING ts=20260721-143353] omnivoice.session.postprocess_ms 6.236092
[TIMING ts=20260721-143353] session.wall_ms 71.321839
request_index=7
request_id=line_8
[TIMING] request.line_8.wall_ms 71.4248
audio_out=./outputs/batch_infer/audiocpp_omnivoice_clone_batch_q8_0_step1/line_8.wav
[TIMING ts=20260721-143353] omnivoice.reference.encode_ms 1.710671
[TIMING ts=20260721-143353] omnivoice.encoder.graph.rebuilt 1
[TIMING ts=20260721-143353] omnivoice.session.prompt_ms 0.619487
[TIMING ts=20260721-143353] omnivoice.session.generate_ms 37.834907
[TIMING ts=20260721-143353] omnivoice.generator.graph.rebuilt 1
[TIMING ts=20260721-143353] omnivoice.generator.graph.rebuild_ms 4.755889
[TIMING ts=20260721-143353] omnivoice.session.decode_ms 9.372378
[TIMING ts=20260721-143353] omnivoice.decoder.graph.rebuilt 1
[TIMING ts=20260721-143353] omnivoice.decoder.graph.rebuild_ms 1.764828
[TIMING ts=20260721-143353] omnivoice.session.postprocess_ms 5.408769
[TIMING ts=20260721-143353] session.wall_ms 55.507045
request_index=8
request_id=line_9
[TIMING] request.line_9.wall_ms 55.6087
audio_out=./outputs/batch_infer/audiocpp_omnivoice_clone_batch_q8_0_step1/line_9.wav
[TIMING ts=20260721-143353] omnivoice.reference.encode_ms 1.696868
[TIMING ts=20260721-143353] omnivoice.encoder.graph.rebuilt 1
[TIMING ts=20260721-143353] omnivoice.session.prompt_ms 0.64255
[TIMING ts=20260721-143353] omnivoice.session.generate_ms 36.87071
[TIMING ts=20260721-143353] omnivoice.generator.graph.rebuilt 1
[TIMING ts=20260721-143353] omnivoice.generator.graph.rebuild_ms 3.117817
[TIMING ts=20260721-143353] omnivoice.session.decode_ms 7.961226
[TIMING ts=20260721-143353] omnivoice.decoder.graph.rebuilt 1
[TIMING ts=20260721-143353] omnivoice.decoder.graph.rebuild_ms 0.837418
[TIMING ts=20260721-143353] omnivoice.session.postprocess_ms 5.277676
[TIMING ts=20260721-143353] session.wall_ms 53.124554
request_index=9
request_id=line_10
[TIMING] request.line_10.wall_ms 53.2246
audio_out=./outputs/batch_infer/audiocpp_omnivoice_clone_batch_q8_0_step1/line_10.wav
  Completed at: 14:33:54
  Output dir: ./outputs/batch_infer/audiocpp_omnivoice_clone_batch_q8_0_step1

[5/32] weight_type=f16 | steps=2 -> ./outputs/batch_infer/audiocpp_omnivoice_clone_batch_f16_step2
  Started at: 14:33:54
[TRACE ts=20260721-143354] runtime.model.family omnivoice
[TRACE ts=20260721-143354] runtime.model.variant omnivoice
[TRACE ts=20260721-143354] runtime.model.root /home/ipt/kawshik/tts-testing/audio.cpp/models/OmniVoice
[TRACE ts=20260721-143354] runtime.model.discovered_config_count 6
[TRACE ts=20260721-143354] runtime.model.discovered_weight_count 2
[TRACE ts=20260721-143354] runtime.model.task_count 1
[TRACE ts=20260721-143354] runtime.model.language_count 1
[TRACE ts=20260721-143354] runtime.model.supports_speaker_reference 1
[TRACE ts=20260721-143354] runtime.model.supports_style_condition 1
[TRACE ts=20260721-143354] runtime.model.supports_timestamps 0
ggml_cuda_init: found 1 CUDA devices (Total VRAM: 24111 MiB):
  Device 0: NVIDIA GeForce RTX 4090, compute capability 8.9, VMM: yes, VRAM: 24111 MiB
ggml_backend_cuda_graph_compute: CUDA graph warmup complete
family=omnivoice
task=tts
mode=offline
[TIMING ts=20260721-143357] omnivoice.reference.encode_ms 1.722008
[TIMING ts=20260721-143357] omnivoice.encoder.graph.rebuilt 1
[TIMING ts=20260721-143357] omnivoice.session.prompt_ms 2.785645
[TIMING ts=20260721-143357] omnivoice.session.generate_ms 81.490969
[TIMING ts=20260721-143357] omnivoice.generator.graph.rebuilt 1
[TIMING ts=20260721-143357] omnivoice.generator.graph.rebuild_ms 2.965768
[TIMING ts=20260721-143357] omnivoice.session.decode_ms 38.428986
[TIMING ts=20260721-143357] omnivoice.decoder.graph.rebuilt 1
[TIMING ts=20260721-143357] omnivoice.decoder.graph.rebuild_ms 1.342436
[TIMING ts=20260721-143357] omnivoice.session.postprocess_ms 5.544095
[TIMING ts=20260721-143357] session.wall_ms 130.193959
ggml_backend_cuda_graph_compute: CUDA graph warmup complete
request_index=0
request_id=line_1
[TIMING] request.line_1.wall_ms 130.309
audio_out=./outputs/batch_infer/audiocpp_omnivoice_clone_batch_f16_step2/line_1.wav
[TIMING ts=20260721-143357] omnivoice.reference.encode_ms 1.704886
[TIMING ts=20260721-143357] omnivoice.encoder.graph.rebuilt 1
[TIMING ts=20260721-143357] omnivoice.session.prompt_ms 0.5096
[TIMING ts=20260721-143357] omnivoice.session.generate_ms 81.835087
[TIMING ts=20260721-143357] omnivoice.generator.graph.rebuilt 1
[TIMING ts=20260721-143357] omnivoice.generator.graph.rebuild_ms 4.82786
[TIMING ts=20260721-143357] omnivoice.session.decode_ms 12.973531
[TIMING ts=20260721-143357] omnivoice.decoder.graph.rebuilt 1
[TIMING ts=20260721-143357] omnivoice.decoder.graph.rebuild_ms 3.054383
[TIMING ts=20260721-143357] omnivoice.session.postprocess_ms 5.739544
[TIMING ts=20260721-143357] session.wall_ms 102.904024
ggml_backend_cuda_graph_compute: CUDA graph warmup complete
request_index=1
request_id=line_2
[TIMING] request.line_2.wall_ms 102.999
audio_out=./outputs/batch_infer/audiocpp_omnivoice_clone_batch_f16_step2/line_2.wav
[TIMING ts=20260721-143357] omnivoice.reference.encode_ms 1.694696
[TIMING ts=20260721-143357] omnivoice.encoder.graph.rebuilt 1
[TIMING ts=20260721-143357] omnivoice.session.prompt_ms 0.483674
[TIMING ts=20260721-143357] omnivoice.session.generate_ms 79.49234
[TIMING ts=20260721-143357] omnivoice.generator.graph.rebuilt 1
[TIMING ts=20260721-143357] omnivoice.generator.graph.rebuild_ms 4.003966
[TIMING ts=20260721-143357] omnivoice.session.decode_ms 10.183326
[TIMING ts=20260721-143357] omnivoice.decoder.graph.rebuilt 1
[TIMING ts=20260721-143357] omnivoice.decoder.graph.rebuild_ms 0.901886
[TIMING ts=20260721-143357] omnivoice.session.postprocess_ms 5.548975
[TIMING ts=20260721-143357] session.wall_ms 97.547426
ggml_backend_cuda_graph_compute: CUDA graph warmup complete
request_index=2
request_id=line_3
[TIMING] request.line_3.wall_ms 97.6452
audio_out=./outputs/batch_infer/audiocpp_omnivoice_clone_batch_f16_step2/line_3.wav
[TIMING ts=20260721-143357] omnivoice.reference.encode_ms 1.69618
[TIMING ts=20260721-143357] omnivoice.encoder.graph.rebuilt 1
[TIMING ts=20260721-143357] omnivoice.session.prompt_ms 0.535971
[TIMING ts=20260721-143357] omnivoice.session.generate_ms 82.231227
[TIMING ts=20260721-143357] omnivoice.generator.graph.rebuilt 1
[TIMING ts=20260721-143357] omnivoice.generator.graph.rebuild_ms 4.092896
[TIMING ts=20260721-143357] omnivoice.session.decode_ms 9.917239
[TIMING ts=20260721-143357] omnivoice.decoder.graph.rebuilt 1
[TIMING ts=20260721-143357] omnivoice.decoder.graph.rebuild_ms 0.829255
[TIMING ts=20260721-143357] omnivoice.session.postprocess_ms 5.7079
[TIMING ts=20260721-143357] session.wall_ms 100.235082
ggml_backend_cuda_graph_compute: CUDA graph warmup complete
request_index=3
request_id=line_4
[TIMING] request.line_4.wall_ms 100.333
audio_out=./outputs/batch_infer/audiocpp_omnivoice_clone_batch_f16_step2/line_4.wav
[TIMING ts=20260721-143357] omnivoice.reference.encode_ms 1.69494
[TIMING ts=20260721-143357] omnivoice.encoder.graph.rebuilt 1
[TIMING ts=20260721-143357] omnivoice.session.prompt_ms 0.484592
[TIMING ts=20260721-143357] omnivoice.session.generate_ms 76.536444
[TIMING ts=20260721-143357] omnivoice.generator.graph.rebuilt 1
[TIMING ts=20260721-143357] omnivoice.generator.graph.rebuild_ms 4.293765
[TIMING ts=20260721-143357] omnivoice.session.decode_ms 10.399975
[TIMING ts=20260721-143357] omnivoice.decoder.graph.rebuilt 1
[TIMING ts=20260721-143357] omnivoice.decoder.graph.rebuild_ms 1.094298
[TIMING ts=20260721-143357] omnivoice.session.postprocess_ms 5.535438
[TIMING ts=20260721-143357] session.wall_ms 94.793454
ggml_backend_cuda_graph_compute: CUDA graph warmup complete
request_index=4
request_id=line_5
[TIMING] request.line_5.wall_ms 94.8862
audio_out=./outputs/batch_infer/audiocpp_omnivoice_clone_batch_f16_step2/line_5.wav
[TIMING ts=20260721-143357] omnivoice.reference.encode_ms 1.710667
[TIMING ts=20260721-143357] omnivoice.encoder.graph.rebuilt 1
[TIMING ts=20260721-143357] omnivoice.session.prompt_ms 0.494227
[TIMING ts=20260721-143357] omnivoice.session.generate_ms 68.340634
[TIMING ts=20260721-143357] omnivoice.generator.graph.rebuilt 1
[TIMING ts=20260721-143357] omnivoice.generator.graph.rebuild_ms 4.164709
[TIMING ts=20260721-143357] omnivoice.session.decode_ms 10.958573
[TIMING ts=20260721-143357] omnivoice.decoder.graph.rebuilt 1
[TIMING ts=20260721-143357] omnivoice.decoder.graph.rebuild_ms 1.459072
[TIMING ts=20260721-143357] omnivoice.session.postprocess_ms 5.552147
[TIMING ts=20260721-143357] session.wall_ms 87.214311
ggml_backend_cuda_graph_compute: CUDA graph warmup complete
request_index=5
request_id=line_6
[TIMING] request.line_6.wall_ms 87.3103
audio_out=./outputs/batch_infer/audiocpp_omnivoice_clone_batch_f16_step2/line_6.wav
[TIMING ts=20260721-143357] omnivoice.reference.encode_ms 1.69906
[TIMING ts=20260721-143357] omnivoice.encoder.graph.rebuilt 1
[TIMING ts=20260721-143357] omnivoice.session.prompt_ms 0.488803
[TIMING ts=20260721-143357] omnivoice.session.generate_ms 113.698451
[TIMING ts=20260721-143357] omnivoice.generator.graph.rebuilt 1
[TIMING ts=20260721-143357] omnivoice.generator.graph.rebuild_ms 6.235571
[TIMING ts=20260721-143357] omnivoice.session.decode_ms 10.505709
[TIMING ts=20260721-143357] omnivoice.decoder.graph.rebuilt 1
[TIMING ts=20260721-143357] omnivoice.decoder.graph.rebuild_ms 1.475262
[TIMING ts=20260721-143357] omnivoice.session.postprocess_ms 10.502551
[TIMING ts=20260721-143357] session.wall_ms 137.071119
ggml_backend_cuda_graph_compute: CUDA graph warmup complete
request_index=6
request_id=line_7
[TIMING] request.line_7.wall_ms 137.228
audio_out=./outputs/batch_infer/audiocpp_omnivoice_clone_batch_f16_step2/line_7.wav
[TIMING ts=20260721-143357] omnivoice.reference.encode_ms 3.321927
[TIMING ts=20260721-143357] omnivoice.encoder.graph.rebuilt 1
[TIMING ts=20260721-143357] omnivoice.session.prompt_ms 0.837125
[TIMING ts=20260721-143357] omnivoice.session.generate_ms 70.508822
[TIMING ts=20260721-143357] omnivoice.generator.graph.rebuilt 0
[TIMING ts=20260721-143357] omnivoice.generator.graph.rebuild_ms 0
[TIMING ts=20260721-143357] omnivoice.session.decode_ms 33.744372
[TIMING ts=20260721-143357] omnivoice.decoder.graph.rebuilt 0
[TIMING ts=20260721-143357] omnivoice.decoder.graph.rebuild_ms 0
[TIMING ts=20260721-143357] omnivoice.session.postprocess_ms 11.659035
[TIMING ts=20260721-143357] session.wall_ms 120.288473
ggml_backend_cuda_graph_compute: CUDA graph warmup complete
request_index=7
request_id=line_8
[TIMING] request.line_8.wall_ms 120.467
audio_out=./outputs/batch_infer/audiocpp_omnivoice_clone_batch_f16_step2/line_8.wav
[TIMING ts=20260721-143358] omnivoice.reference.encode_ms 3.016686
[TIMING ts=20260721-143358] omnivoice.encoder.graph.rebuilt 1
[TIMING ts=20260721-143358] omnivoice.session.prompt_ms 1.888459
[TIMING ts=20260721-143358] omnivoice.session.generate_ms 93.74956
[TIMING ts=20260721-143358] omnivoice.generator.graph.rebuilt 1
[TIMING ts=20260721-143358] omnivoice.generator.graph.rebuild_ms 9.612259
[TIMING ts=20260721-143358] omnivoice.session.decode_ms 11.802525
[TIMING ts=20260721-143358] omnivoice.decoder.graph.rebuilt 1
[TIMING ts=20260721-143358] omnivoice.decoder.graph.rebuild_ms 2.592205
[TIMING ts=20260721-143358] omnivoice.session.postprocess_ms 9.984018
[TIMING ts=20260721-143358] session.wall_ms 121.473349
ggml_backend_cuda_graph_compute: CUDA graph warmup complete
request_index=8
request_id=line_9
[TIMING] request.line_9.wall_ms 121.638
audio_out=./outputs/batch_infer/audiocpp_omnivoice_clone_batch_f16_step2/line_9.wav
[TIMING ts=20260721-143358] omnivoice.reference.encode_ms 3.258388
[TIMING ts=20260721-143358] omnivoice.encoder.graph.rebuilt 1
[TIMING ts=20260721-143358] omnivoice.session.prompt_ms 0.849893
[TIMING ts=20260721-143358] omnivoice.session.generate_ms 87.65927
[TIMING ts=20260721-143358] omnivoice.generator.graph.rebuilt 1
[TIMING ts=20260721-143358] omnivoice.generator.graph.rebuild_ms 6.894012
[TIMING ts=20260721-143358] omnivoice.session.decode_ms 10.566432
[TIMING ts=20260721-143358] omnivoice.decoder.graph.rebuilt 1
[TIMING ts=20260721-143358] omnivoice.decoder.graph.rebuild_ms 1.448332
[TIMING ts=20260721-143358] omnivoice.session.postprocess_ms 9.785269
[TIMING ts=20260721-143358] session.wall_ms 113.070951
request_index=9
request_id=line_10
[TIMING] request.line_10.wall_ms 113.226
audio_out=./outputs/batch_infer/audiocpp_omnivoice_clone_batch_f16_step2/line_10.wav
  Completed at: 14:33:58
  Output dir: ./outputs/batch_infer/audiocpp_omnivoice_clone_batch_f16_step2

[6/32] weight_type=f32 | steps=2 -> ./outputs/batch_infer/audiocpp_omnivoice_clone_batch_f32_step2
  Started at: 14:33:58
[TRACE ts=20260721-143358] runtime.model.family omnivoice
[TRACE ts=20260721-143358] runtime.model.variant omnivoice
[TRACE ts=20260721-143358] runtime.model.root /home/ipt/kawshik/tts-testing/audio.cpp/models/OmniVoice
[TRACE ts=20260721-143358] runtime.model.discovered_config_count 6
[TRACE ts=20260721-143358] runtime.model.discovered_weight_count 2
[TRACE ts=20260721-143358] runtime.model.task_count 1
[TRACE ts=20260721-143358] runtime.model.language_count 1
[TRACE ts=20260721-143358] runtime.model.supports_speaker_reference 1
[TRACE ts=20260721-143358] runtime.model.supports_style_condition 1
[TRACE ts=20260721-143358] runtime.model.supports_timestamps 0
ggml_cuda_init: found 1 CUDA devices (Total VRAM: 24111 MiB):
  Device 0: NVIDIA GeForce RTX 4090, compute capability 8.9, VMM: yes, VRAM: 24111 MiB
ggml_backend_cuda_graph_compute: CUDA graph warmup complete
family=omnivoice
task=tts
mode=offline
[TIMING ts=20260721-143401] omnivoice.reference.encode_ms 1.704696
[TIMING ts=20260721-143401] omnivoice.encoder.graph.rebuilt 1
[TIMING ts=20260721-143401] omnivoice.session.prompt_ms 2.903612
[TIMING ts=20260721-143401] omnivoice.session.generate_ms 81.825576
[TIMING ts=20260721-143401] omnivoice.generator.graph.rebuilt 1
[TIMING ts=20260721-143401] omnivoice.generator.graph.rebuild_ms 3.147355
[TIMING ts=20260721-143401] omnivoice.session.decode_ms 40.20009
[TIMING ts=20260721-143401] omnivoice.decoder.graph.rebuilt 1
[TIMING ts=20260721-143401] omnivoice.decoder.graph.rebuild_ms 1.48016
[TIMING ts=20260721-143401] omnivoice.session.postprocess_ms 5.540929
[TIMING ts=20260721-143401] session.wall_ms 132.40763
ggml_backend_cuda_graph_compute: CUDA graph warmup complete
request_index=0
request_id=line_1
[TIMING] request.line_1.wall_ms 132.556
audio_out=./outputs/batch_infer/audiocpp_omnivoice_clone_batch_f32_step2/line_1.wav
[TIMING ts=20260721-143401] omnivoice.reference.encode_ms 1.719424
[TIMING ts=20260721-143401] omnivoice.encoder.graph.rebuilt 1
[TIMING ts=20260721-143401] omnivoice.session.prompt_ms 0.505382
[TIMING ts=20260721-143401] omnivoice.session.generate_ms 80.945987
[TIMING ts=20260721-143401] omnivoice.generator.graph.rebuilt 1
[TIMING ts=20260721-143401] omnivoice.generator.graph.rebuild_ms 4.550938
[TIMING ts=20260721-143401] omnivoice.session.decode_ms 12.799911
[TIMING ts=20260721-143401] omnivoice.decoder.graph.rebuilt 1
[TIMING ts=20260721-143401] omnivoice.decoder.graph.rebuild_ms 3.056933
[TIMING ts=20260721-143401] omnivoice.session.postprocess_ms 5.776444
[TIMING ts=20260721-143401] session.wall_ms 101.89287
ggml_backend_cuda_graph_compute: CUDA graph warmup complete
request_index=1
request_id=line_2
[TIMING] request.line_2.wall_ms 101.996
audio_out=./outputs/batch_infer/audiocpp_omnivoice_clone_batch_f32_step2/line_2.wav
[TIMING ts=20260721-143401] omnivoice.reference.encode_ms 1.721085
[TIMING ts=20260721-143401] omnivoice.encoder.graph.rebuilt 1
[TIMING ts=20260721-143401] omnivoice.session.prompt_ms 0.51325
[TIMING ts=20260721-143401] omnivoice.session.generate_ms 81.400779
[TIMING ts=20260721-143401] omnivoice.generator.graph.rebuilt 1
[TIMING ts=20260721-143401] omnivoice.generator.graph.rebuild_ms 4.292937
[TIMING ts=20260721-143401] omnivoice.session.decode_ms 9.808168
[TIMING ts=20260721-143401] omnivoice.decoder.graph.rebuilt 1
[TIMING ts=20260721-143401] omnivoice.decoder.graph.rebuild_ms 0.89411
[TIMING ts=20260721-143401] omnivoice.session.postprocess_ms 5.537575
[TIMING ts=20260721-143401] session.wall_ms 99.138367
ggml_backend_cuda_graph_compute: CUDA graph warmup complete
request_index=2
request_id=line_3
[TIMING] request.line_3.wall_ms 99.2416
audio_out=./outputs/batch_infer/audiocpp_omnivoice_clone_batch_f32_step2/line_3.wav
[TIMING ts=20260721-143401] omnivoice.reference.encode_ms 1.697564
[TIMING ts=20260721-143401] omnivoice.encoder.graph.rebuilt 1
[TIMING ts=20260721-143401] omnivoice.session.prompt_ms 0.530183
[TIMING ts=20260721-143401] omnivoice.session.generate_ms 78.924952
[TIMING ts=20260721-143401] omnivoice.generator.graph.rebuilt 1
[TIMING ts=20260721-143401] omnivoice.generator.graph.rebuild_ms 4.301788
[TIMING ts=20260721-143401] omnivoice.session.decode_ms 7.063925
[TIMING ts=20260721-143401] omnivoice.decoder.graph.rebuilt 1
[TIMING ts=20260721-143401] omnivoice.decoder.graph.rebuild_ms 0.882129
[TIMING ts=20260721-143401] omnivoice.session.postprocess_ms 5.709284
[TIMING ts=20260721-143401] session.wall_ms 94.075804
ggml_backend_cuda_graph_compute: CUDA graph warmup complete
request_index=3
request_id=line_4
[TIMING] request.line_4.wall_ms 94.1835
audio_out=./outputs/batch_infer/audiocpp_omnivoice_clone_batch_f32_step2/line_4.wav
[TIMING ts=20260721-143402] omnivoice.reference.encode_ms 1.724801
[TIMING ts=20260721-143402] omnivoice.encoder.graph.rebuilt 1
[TIMING ts=20260721-143402] omnivoice.session.prompt_ms 0.485178
[TIMING ts=20260721-143402] omnivoice.session.generate_ms 105.858125
[TIMING ts=20260721-143402] omnivoice.generator.graph.rebuilt 1
[TIMING ts=20260721-143402] omnivoice.generator.graph.rebuild_ms 4.574687
[TIMING ts=20260721-143402] omnivoice.session.decode_ms 9.499249
[TIMING ts=20260721-143402] omnivoice.decoder.graph.rebuilt 1
[TIMING ts=20260721-143402] omnivoice.decoder.graph.rebuild_ms 0.893031
[TIMING ts=20260721-143402] omnivoice.session.postprocess_ms 5.552849
[TIMING ts=20260721-143402] session.wall_ms 123.278539
ggml_backend_cuda_graph_compute: CUDA graph warmup complete
request_index=4
request_id=line_5
[TIMING] request.line_5.wall_ms 123.38
audio_out=./outputs/batch_infer/audiocpp_omnivoice_clone_batch_f32_step2/line_5.wav
[TIMING ts=20260721-143402] omnivoice.reference.encode_ms 1.694522
[TIMING ts=20260721-143402] omnivoice.encoder.graph.rebuilt 1
[TIMING ts=20260721-143402] omnivoice.session.prompt_ms 0.497646
[TIMING ts=20260721-143402] omnivoice.session.generate_ms 78.837017
[TIMING ts=20260721-143402] omnivoice.generator.graph.rebuilt 1
[TIMING ts=20260721-143402] omnivoice.generator.graph.rebuild_ms 4.411089
[TIMING ts=20260721-143402] omnivoice.session.decode_ms 9.065501
[TIMING ts=20260721-143402] omnivoice.decoder.graph.rebuilt 1
[TIMING ts=20260721-143402] omnivoice.decoder.graph.rebuild_ms 0.900982
[TIMING ts=20260721-143402] omnivoice.session.postprocess_ms 5.325447
[TIMING ts=20260721-143402] session.wall_ms 95.595623
ggml_backend_cuda_graph_compute: CUDA graph warmup complete
request_index=5
request_id=line_6
[TIMING] request.line_6.wall_ms 95.6943
audio_out=./outputs/batch_infer/audiocpp_omnivoice_clone_batch_f32_step2/line_6.wav
[TIMING ts=20260721-143402] omnivoice.reference.encode_ms 1.718958
[TIMING ts=20260721-143402] omnivoice.encoder.graph.rebuilt 1
[TIMING ts=20260721-143402] omnivoice.session.prompt_ms 0.488818
[TIMING ts=20260721-143402] omnivoice.session.generate_ms 85.560133
[TIMING ts=20260721-143402] omnivoice.generator.graph.rebuilt 1
[TIMING ts=20260721-143402] omnivoice.generator.graph.rebuild_ms 4.433281
[TIMING ts=20260721-143402] omnivoice.session.decode_ms 11.134188
[TIMING ts=20260721-143402] omnivoice.decoder.graph.rebuilt 1
[TIMING ts=20260721-143402] omnivoice.decoder.graph.rebuild_ms 1.184146
[TIMING ts=20260721-143402] omnivoice.session.postprocess_ms 5.798241
[TIMING ts=20260721-143402] session.wall_ms 104.86504
ggml_backend_cuda_graph_compute: CUDA graph warmup complete
request_index=6
request_id=line_7
[TIMING] request.line_7.wall_ms 104.974
audio_out=./outputs/batch_infer/audiocpp_omnivoice_clone_batch_f32_step2/line_7.wav
[TIMING ts=20260721-143402] omnivoice.reference.encode_ms 1.718967
[TIMING ts=20260721-143402] omnivoice.encoder.graph.rebuilt 1
[TIMING ts=20260721-143402] omnivoice.session.prompt_ms 1.222205
[TIMING ts=20260721-143402] omnivoice.session.generate_ms 60.684784
[TIMING ts=20260721-143402] omnivoice.generator.graph.rebuilt 0
[TIMING ts=20260721-143402] omnivoice.generator.graph.rebuild_ms 0
[TIMING ts=20260721-143402] omnivoice.session.decode_ms 19.526532
[TIMING ts=20260721-143402] omnivoice.decoder.graph.rebuilt 0
[TIMING ts=20260721-143402] omnivoice.decoder.graph.rebuild_ms 0
[TIMING ts=20260721-143402] omnivoice.session.postprocess_ms 4.973207
[TIMING ts=20260721-143402] session.wall_ms 88.697766
ggml_backend_cuda_graph_compute: CUDA graph warmup complete
request_index=7
request_id=line_8
[TIMING] request.line_8.wall_ms 88.7989
audio_out=./outputs/batch_infer/audiocpp_omnivoice_clone_batch_f32_step2/line_8.wav
[TIMING ts=20260721-143402] omnivoice.reference.encode_ms 1.480481
[TIMING ts=20260721-143402] omnivoice.encoder.graph.rebuilt 1
[TIMING ts=20260721-143402] omnivoice.session.prompt_ms 0.470611
[TIMING ts=20260721-143402] omnivoice.session.generate_ms 79.134559
[TIMING ts=20260721-143402] omnivoice.generator.graph.rebuilt 1
[TIMING ts=20260721-143402] omnivoice.generator.graph.rebuild_ms 4.972526
[TIMING ts=20260721-143402] omnivoice.session.decode_ms 9.122584
[TIMING ts=20260721-143402] omnivoice.decoder.graph.rebuilt 1
[TIMING ts=20260721-143402] omnivoice.decoder.graph.rebuild_ms 1.721355
[TIMING ts=20260721-143402] omnivoice.session.postprocess_ms 4.64406
[TIMING ts=20260721-143402] session.wall_ms 95.335996
ggml_backend_cuda_graph_compute: CUDA graph warmup complete
request_index=8
request_id=line_9
[TIMING] request.line_9.wall_ms 95.4296
audio_out=./outputs/batch_infer/audiocpp_omnivoice_clone_batch_f32_step2/line_9.wav
[TIMING ts=20260721-143402] omnivoice.reference.encode_ms 1.524125
[TIMING ts=20260721-143402] omnivoice.encoder.graph.rebuilt 1
[TIMING ts=20260721-143402] omnivoice.session.prompt_ms 0.468035
[TIMING ts=20260721-143402] omnivoice.session.generate_ms 73.357984
[TIMING ts=20260721-143402] omnivoice.generator.graph.rebuilt 1
[TIMING ts=20260721-143402] omnivoice.generator.graph.rebuild_ms 4.315872
[TIMING ts=20260721-143402] omnivoice.session.decode_ms 8.730453
[TIMING ts=20260721-143402] omnivoice.decoder.graph.rebuilt 1
[TIMING ts=20260721-143402] omnivoice.decoder.graph.rebuild_ms 0.782174
[TIMING ts=20260721-143402] omnivoice.session.postprocess_ms 5.003301
[TIMING ts=20260721-143402] session.wall_ms 89.634614
request_index=9
request_id=line_10
[TIMING] request.line_10.wall_ms 89.7493
audio_out=./outputs/batch_infer/audiocpp_omnivoice_clone_batch_f32_step2/line_10.wav
  Completed at: 14:34:02
  Output dir: ./outputs/batch_infer/audiocpp_omnivoice_clone_batch_f32_step2

[7/32] weight_type=bf16 | steps=2 -> ./outputs/batch_infer/audiocpp_omnivoice_clone_batch_bf16_step2
  Started at: 14:34:02
[TRACE ts=20260721-143402] runtime.model.family omnivoice
[TRACE ts=20260721-143402] runtime.model.variant omnivoice
[TRACE ts=20260721-143402] runtime.model.root /home/ipt/kawshik/tts-testing/audio.cpp/models/OmniVoice
[TRACE ts=20260721-143402] runtime.model.discovered_config_count 6
[TRACE ts=20260721-143402] runtime.model.discovered_weight_count 2
[TRACE ts=20260721-143402] runtime.model.task_count 1
[TRACE ts=20260721-143402] runtime.model.language_count 1
[TRACE ts=20260721-143402] runtime.model.supports_speaker_reference 1
[TRACE ts=20260721-143402] runtime.model.supports_style_condition 1
[TRACE ts=20260721-143402] runtime.model.supports_timestamps 0
ggml_cuda_init: found 1 CUDA devices (Total VRAM: 24111 MiB):
  Device 0: NVIDIA GeForce RTX 4090, compute capability 8.9, VMM: yes, VRAM: 24111 MiB
ggml_backend_cuda_graph_compute: CUDA graph warmup complete
family=omnivoice
task=tts
mode=offline
[TIMING ts=20260721-143405] omnivoice.reference.encode_ms 1.694037
[TIMING ts=20260721-143405] omnivoice.encoder.graph.rebuilt 1
[TIMING ts=20260721-143405] omnivoice.session.prompt_ms 2.82751
[TIMING ts=20260721-143405] omnivoice.session.generate_ms 77.040365
[TIMING ts=20260721-143405] omnivoice.generator.graph.rebuilt 1
[TIMING ts=20260721-143405] omnivoice.generator.graph.rebuild_ms 3.110427
[TIMING ts=20260721-143405] omnivoice.session.decode_ms 41.027562
[TIMING ts=20260721-143405] omnivoice.decoder.graph.rebuilt 1
[TIMING ts=20260721-143405] omnivoice.decoder.graph.rebuild_ms 1.410888
[TIMING ts=20260721-143405] omnivoice.session.postprocess_ms 5.573961
[TIMING ts=20260721-143405] session.wall_ms 128.425303
ggml_backend_cuda_graph_compute: CUDA graph warmup complete
request_index=0
request_id=line_1
[TIMING] request.line_1.wall_ms 128.551
audio_out=./outputs/batch_infer/audiocpp_omnivoice_clone_batch_bf16_step2/line_1.wav
[TIMING ts=20260721-143405] omnivoice.reference.encode_ms 1.694942
[TIMING ts=20260721-143405] omnivoice.encoder.graph.rebuilt 1
[TIMING ts=20260721-143405] omnivoice.session.prompt_ms 0.554733
[TIMING ts=20260721-143405] omnivoice.session.generate_ms 75.319864
[TIMING ts=20260721-143405] omnivoice.generator.graph.rebuilt 1
[TIMING ts=20260721-143405] omnivoice.generator.graph.rebuild_ms 4.802259
[TIMING ts=20260721-143405] omnivoice.session.decode_ms 11.622409
[TIMING ts=20260721-143405] omnivoice.decoder.graph.rebuilt 1
[TIMING ts=20260721-143405] omnivoice.decoder.graph.rebuild_ms 2.586586
[TIMING ts=20260721-143405] omnivoice.session.postprocess_ms 5.828398
[TIMING ts=20260721-143405] session.wall_ms 95.183848
ggml_backend_cuda_graph_compute: CUDA graph warmup complete
request_index=1
request_id=line_2
[TIMING] request.line_2.wall_ms 95.2878
audio_out=./outputs/batch_infer/audiocpp_omnivoice_clone_batch_bf16_step2/line_2.wav
[TIMING ts=20260721-143405] omnivoice.reference.encode_ms 1.710521
[TIMING ts=20260721-143405] omnivoice.encoder.graph.rebuilt 1
[TIMING ts=20260721-143405] omnivoice.session.prompt_ms 0.513159
[TIMING ts=20260721-143405] omnivoice.session.generate_ms 75.504901
[TIMING ts=20260721-143405] omnivoice.generator.graph.rebuilt 1
[TIMING ts=20260721-143405] omnivoice.generator.graph.rebuild_ms 4.559911
[TIMING ts=20260721-143405] omnivoice.session.decode_ms 9.310668
[TIMING ts=20260721-143405] omnivoice.decoder.graph.rebuilt 1
[TIMING ts=20260721-143405] omnivoice.decoder.graph.rebuild_ms 0.899722
[TIMING ts=20260721-143405] omnivoice.session.postprocess_ms 5.604728
[TIMING ts=20260721-143405] session.wall_ms 92.824872
ggml_backend_cuda_graph_compute: CUDA graph warmup complete
request_index=2
request_id=line_3
[TIMING] request.line_3.wall_ms 92.9427
audio_out=./outputs/batch_infer/audiocpp_omnivoice_clone_batch_bf16_step2/line_3.wav
[TIMING ts=20260721-143406] omnivoice.reference.encode_ms 1.725237
[TIMING ts=20260721-143406] omnivoice.encoder.graph.rebuilt 1
[TIMING ts=20260721-143406] omnivoice.session.prompt_ms 0.525491
[TIMING ts=20260721-143406] omnivoice.session.generate_ms 77.651352
[TIMING ts=20260721-143406] omnivoice.generator.graph.rebuilt 1
[TIMING ts=20260721-143406] omnivoice.generator.graph.rebuild_ms 4.482287
[TIMING ts=20260721-143406] omnivoice.session.decode_ms 9.689164
[TIMING ts=20260721-143406] omnivoice.decoder.graph.rebuilt 1
[TIMING ts=20260721-143406] omnivoice.decoder.graph.rebuild_ms 0.921679
[TIMING ts=20260721-143406] omnivoice.session.postprocess_ms 5.733659
[TIMING ts=20260721-143406] session.wall_ms 95.488052
ggml_backend_cuda_graph_compute: CUDA graph warmup complete
request_index=3
request_id=line_4
[TIMING] request.line_4.wall_ms 95.5932
audio_out=./outputs/batch_infer/audiocpp_omnivoice_clone_batch_bf16_step2/line_4.wav
[TIMING ts=20260721-143406] omnivoice.reference.encode_ms 1.695132
[TIMING ts=20260721-143406] omnivoice.encoder.graph.rebuilt 1
[TIMING ts=20260721-143406] omnivoice.session.prompt_ms 0.536386
[TIMING ts=20260721-143406] omnivoice.session.generate_ms 75.202635
[TIMING ts=20260721-143406] omnivoice.generator.graph.rebuilt 1
[TIMING ts=20260721-143406] omnivoice.generator.graph.rebuild_ms 5.004168
[TIMING ts=20260721-143406] omnivoice.session.decode_ms 9.75483
[TIMING ts=20260721-143406] omnivoice.decoder.graph.rebuilt 1
[TIMING ts=20260721-143406] omnivoice.decoder.graph.rebuild_ms 0.916739
[TIMING ts=20260721-143406] omnivoice.session.postprocess_ms 5.527381
[TIMING ts=20260721-143406] session.wall_ms 92.885094
ggml_backend_cuda_graph_compute: CUDA graph warmup complete
request_index=4
request_id=line_5
[TIMING] request.line_5.wall_ms 92.9905
audio_out=./outputs/batch_infer/audiocpp_omnivoice_clone_batch_bf16_step2/line_5.wav
[TIMING ts=20260721-143406] omnivoice.reference.encode_ms 1.694888
[TIMING ts=20260721-143406] omnivoice.encoder.graph.rebuilt 1
[TIMING ts=20260721-143406] omnivoice.session.prompt_ms 0.533317
[TIMING ts=20260721-143406] omnivoice.session.generate_ms 74.574002
[TIMING ts=20260721-143406] omnivoice.generator.graph.rebuilt 1
[TIMING ts=20260721-143406] omnivoice.generator.graph.rebuild_ms 4.424964
[TIMING ts=20260721-143406] omnivoice.session.decode_ms 8.49992
[TIMING ts=20260721-143406] omnivoice.decoder.graph.rebuilt 1
[TIMING ts=20260721-143406] omnivoice.decoder.graph.rebuild_ms 0.896761
[TIMING ts=20260721-143406] omnivoice.session.postprocess_ms 5.366494
[TIMING ts=20260721-143406] session.wall_ms 90.845728
ggml_backend_cuda_graph_compute: CUDA graph warmup complete
request_index=5
request_id=line_6
[TIMING] request.line_6.wall_ms 90.9486
audio_out=./outputs/batch_infer/audiocpp_omnivoice_clone_batch_bf16_step2/line_6.wav
[TIMING ts=20260721-143406] omnivoice.reference.encode_ms 1.704549
[TIMING ts=20260721-143406] omnivoice.encoder.graph.rebuilt 1
[TIMING ts=20260721-143406] omnivoice.session.prompt_ms 0.499509
[TIMING ts=20260721-143406] omnivoice.session.generate_ms 75.975462
[TIMING ts=20260721-143406] omnivoice.generator.graph.rebuilt 1
[TIMING ts=20260721-143406] omnivoice.generator.graph.rebuild_ms 4.570139
[TIMING ts=20260721-143406] omnivoice.session.decode_ms 8.657232
[TIMING ts=20260721-143406] omnivoice.decoder.graph.rebuilt 1
[TIMING ts=20260721-143406] omnivoice.decoder.graph.rebuild_ms 0.87817
[TIMING ts=20260721-143406] omnivoice.session.postprocess_ms 5.536885
[TIMING ts=20260721-143406] session.wall_ms 92.565124
ggml_backend_cuda_graph_compute: CUDA graph warmup complete
request_index=6
request_id=line_7
[TIMING] request.line_7.wall_ms 92.6708
audio_out=./outputs/batch_infer/audiocpp_omnivoice_clone_batch_bf16_step2/line_7.wav
[TIMING ts=20260721-143406] omnivoice.reference.encode_ms 1.71654
[TIMING ts=20260721-143406] omnivoice.encoder.graph.rebuilt 1
[TIMING ts=20260721-143406] omnivoice.session.prompt_ms 0.523459
[TIMING ts=20260721-143406] omnivoice.session.generate_ms 62.991099
[TIMING ts=20260721-143406] omnivoice.generator.graph.rebuilt 0
[TIMING ts=20260721-143406] omnivoice.generator.graph.rebuild_ms 0
[TIMING ts=20260721-143406] omnivoice.session.decode_ms 17.07883
[TIMING ts=20260721-143406] omnivoice.decoder.graph.rebuilt 0
[TIMING ts=20260721-143406] omnivoice.decoder.graph.rebuild_ms 0
[TIMING ts=20260721-143406] omnivoice.session.postprocess_ms 5.629902
[TIMING ts=20260721-143406] session.wall_ms 88.120457
ggml_backend_cuda_graph_compute: CUDA graph warmup complete
request_index=7
request_id=line_8
[TIMING] request.line_8.wall_ms 88.2237
audio_out=./outputs/batch_infer/audiocpp_omnivoice_clone_batch_bf16_step2/line_8.wav
[TIMING ts=20260721-143406] omnivoice.reference.encode_ms 1.71819
[TIMING ts=20260721-143406] omnivoice.encoder.graph.rebuilt 1
[TIMING ts=20260721-143406] omnivoice.session.prompt_ms 0.517568
[TIMING ts=20260721-143406] omnivoice.session.generate_ms 81.624969
[TIMING ts=20260721-143406] omnivoice.generator.graph.rebuilt 1
[TIMING ts=20260721-143406] omnivoice.generator.graph.rebuild_ms 11.457083
[TIMING ts=20260721-143406] omnivoice.session.decode_ms 8.703089
[TIMING ts=20260721-143406] omnivoice.decoder.graph.rebuilt 1
[TIMING ts=20260721-143406] omnivoice.decoder.graph.rebuild_ms 1.710253
[TIMING ts=20260721-143406] omnivoice.session.postprocess_ms 5.256767
[TIMING ts=20260721-143406] session.wall_ms 97.98688
ggml_backend_cuda_graph_compute: CUDA graph warmup complete
request_index=8
request_id=line_9
[TIMING] request.line_9.wall_ms 98.0949
audio_out=./outputs/batch_infer/audiocpp_omnivoice_clone_batch_bf16_step2/line_9.wav
[TIMING ts=20260721-143406] omnivoice.reference.encode_ms 1.694939
[TIMING ts=20260721-143406] omnivoice.encoder.graph.rebuilt 1
[TIMING ts=20260721-143406] omnivoice.session.prompt_ms 0.539955
[TIMING ts=20260721-143406] omnivoice.session.generate_ms 75.348286
[TIMING ts=20260721-143406] omnivoice.generator.graph.rebuilt 1
[TIMING ts=20260721-143406] omnivoice.generator.graph.rebuild_ms 4.477233
[TIMING ts=20260721-143406] omnivoice.session.decode_ms 8.634417
[TIMING ts=20260721-143406] omnivoice.decoder.graph.rebuilt 1
[TIMING ts=20260721-143406] omnivoice.decoder.graph.rebuild_ms 0.932211
[TIMING ts=20260721-143406] omnivoice.session.postprocess_ms 5.222855
[TIMING ts=20260721-143406] session.wall_ms 91.645439
request_index=9
request_id=line_10
[TIMING] request.line_10.wall_ms 91.7487
audio_out=./outputs/batch_infer/audiocpp_omnivoice_clone_batch_bf16_step2/line_10.wav
  Completed at: 14:34:06
  Output dir: ./outputs/batch_infer/audiocpp_omnivoice_clone_batch_bf16_step2

[8/32] weight_type=q8_0 | steps=2 -> ./outputs/batch_infer/audiocpp_omnivoice_clone_batch_q8_0_step2
  Started at: 14:34:06
[TRACE ts=20260721-143406] runtime.model.family omnivoice
[TRACE ts=20260721-143406] runtime.model.variant omnivoice
[TRACE ts=20260721-143406] runtime.model.root /home/ipt/kawshik/tts-testing/audio.cpp/models/OmniVoice
[TRACE ts=20260721-143406] runtime.model.discovered_config_count 6
[TRACE ts=20260721-143406] runtime.model.discovered_weight_count 2
[TRACE ts=20260721-143406] runtime.model.task_count 1
[TRACE ts=20260721-143406] runtime.model.language_count 1
[TRACE ts=20260721-143406] runtime.model.supports_speaker_reference 1
[TRACE ts=20260721-143406] runtime.model.supports_style_condition 1
[TRACE ts=20260721-143406] runtime.model.supports_timestamps 0
ggml_cuda_init: found 1 CUDA devices (Total VRAM: 24111 MiB):
  Device 0: NVIDIA GeForce RTX 4090, compute capability 8.9, VMM: yes, VRAM: 24111 MiB
ggml_backend_cuda_graph_compute: CUDA graph warmup complete
family=omnivoice
task=tts
mode=offline
[TIMING ts=20260721-143410] omnivoice.reference.encode_ms 1.448413
[TIMING ts=20260721-143410] omnivoice.encoder.graph.rebuilt 1
[TIMING ts=20260721-143410] omnivoice.session.prompt_ms 4.325884
[TIMING ts=20260721-143410] omnivoice.session.generate_ms 78.073184
[TIMING ts=20260721-143410] omnivoice.generator.graph.rebuilt 1
[TIMING ts=20260721-143410] omnivoice.generator.graph.rebuild_ms 2.554782
[TIMING ts=20260721-143410] omnivoice.session.decode_ms 36.032686
[TIMING ts=20260721-143410] omnivoice.decoder.graph.rebuilt 1
[TIMING ts=20260721-143410] omnivoice.decoder.graph.rebuild_ms 1.204267
[TIMING ts=20260721-143410] omnivoice.session.postprocess_ms 4.764239
[TIMING ts=20260721-143410] session.wall_ms 124.882452
ggml_backend_cuda_graph_compute: CUDA graph warmup complete
request_index=0
request_id=line_1
[TIMING] request.line_1.wall_ms 124.989
audio_out=./outputs/batch_infer/audiocpp_omnivoice_clone_batch_q8_0_step2/line_1.wav
[TIMING ts=20260721-143410] omnivoice.reference.encode_ms 1.628373
[TIMING ts=20260721-143410] omnivoice.encoder.graph.rebuilt 1
[TIMING ts=20260721-143410] omnivoice.session.prompt_ms 0.605842
[TIMING ts=20260721-143410] omnivoice.session.generate_ms 79.1914
[TIMING ts=20260721-143410] omnivoice.generator.graph.rebuilt 1
[TIMING ts=20260721-143410] omnivoice.generator.graph.rebuild_ms 4.368847
[TIMING ts=20260721-143410] omnivoice.session.decode_ms 10.381126
[TIMING ts=20260721-143410] omnivoice.decoder.graph.rebuilt 1
[TIMING ts=20260721-143410] omnivoice.decoder.graph.rebuild_ms 2.306775
[TIMING ts=20260721-143410] omnivoice.session.postprocess_ms 5.360938
[TIMING ts=20260721-143410] session.wall_ms 97.309595
ggml_backend_cuda_graph_compute: CUDA graph warmup complete
request_index=1
request_id=line_2
[TIMING] request.line_2.wall_ms 97.3967
audio_out=./outputs/batch_infer/audiocpp_omnivoice_clone_batch_q8_0_step2/line_2.wav
[TIMING ts=20260721-143410] omnivoice.reference.encode_ms 1.56019
[TIMING ts=20260721-143410] omnivoice.encoder.graph.rebuilt 1
[TIMING ts=20260721-143410] omnivoice.session.prompt_ms 0.491611
[TIMING ts=20260721-143410] omnivoice.session.generate_ms 99.290043
[TIMING ts=20260721-143410] omnivoice.generator.graph.rebuilt 1
[TIMING ts=20260721-143410] omnivoice.generator.graph.rebuild_ms 4.167898
[TIMING ts=20260721-143410] omnivoice.session.decode_ms 10.580489
[TIMING ts=20260721-143410] omnivoice.decoder.graph.rebuilt 1
[TIMING ts=20260721-143410] omnivoice.decoder.graph.rebuild_ms 0.709102
[TIMING ts=20260721-143410] omnivoice.session.postprocess_ms 4.632448
[TIMING ts=20260721-143410] session.wall_ms 116.714449
ggml_backend_cuda_graph_compute: CUDA graph warmup complete
request_index=2
request_id=line_3
[TIMING] request.line_3.wall_ms 116.805
audio_out=./outputs/batch_infer/audiocpp_omnivoice_clone_batch_q8_0_step2/line_3.wav
[TIMING ts=20260721-143410] omnivoice.reference.encode_ms 1.52266
[TIMING ts=20260721-143410] omnivoice.encoder.graph.rebuilt 1
[TIMING ts=20260721-143410] omnivoice.session.prompt_ms 0.589009
[TIMING ts=20260721-143410] omnivoice.session.generate_ms 70.492306
[TIMING ts=20260721-143410] omnivoice.generator.graph.rebuilt 1
[TIMING ts=20260721-143410] omnivoice.generator.graph.rebuild_ms 4.970079
[TIMING ts=20260721-143410] omnivoice.session.decode_ms 7.165426
[TIMING ts=20260721-143410] omnivoice.decoder.graph.rebuilt 1
[TIMING ts=20260721-143410] omnivoice.decoder.graph.rebuild_ms 0.76047
[TIMING ts=20260721-143410] omnivoice.session.postprocess_ms 5.229713
[TIMING ts=20260721-143410] session.wall_ms 85.156822
ggml_backend_cuda_graph_compute: CUDA graph warmup complete
request_index=3
request_id=line_4
[TIMING] request.line_4.wall_ms 85.2478
audio_out=./outputs/batch_infer/audiocpp_omnivoice_clone_batch_q8_0_step2/line_4.wav
[TIMING ts=20260721-143410] omnivoice.reference.encode_ms 1.567033
[TIMING ts=20260721-143410] omnivoice.encoder.graph.rebuilt 1
[TIMING ts=20260721-143410] omnivoice.session.prompt_ms 0.552497
[TIMING ts=20260721-143410] omnivoice.session.generate_ms 68.751024
[TIMING ts=20260721-143410] omnivoice.generator.graph.rebuilt 1
[TIMING ts=20260721-143410] omnivoice.generator.graph.rebuild_ms 4.079675
[TIMING ts=20260721-143410] omnivoice.session.decode_ms 8.098695
[TIMING ts=20260721-143410] omnivoice.decoder.graph.rebuilt 1
[TIMING ts=20260721-143410] omnivoice.decoder.graph.rebuild_ms 0.805911
[TIMING ts=20260721-143410] omnivoice.session.postprocess_ms 4.864264
[TIMING ts=20260721-143410] session.wall_ms 83.968846
ggml_backend_cuda_graph_compute: CUDA graph warmup complete
request_index=4
request_id=line_5
[TIMING] request.line_5.wall_ms 84.064
audio_out=./outputs/batch_infer/audiocpp_omnivoice_clone_batch_q8_0_step2/line_5.wav
[TIMING ts=20260721-143410] omnivoice.reference.encode_ms 1.448255
[TIMING ts=20260721-143410] omnivoice.encoder.graph.rebuilt 1
[TIMING ts=20260721-143410] omnivoice.session.prompt_ms 0.541978
[TIMING ts=20260721-143410] omnivoice.session.generate_ms 66.964883
[TIMING ts=20260721-143410] omnivoice.generator.graph.rebuilt 1
[TIMING ts=20260721-143410] omnivoice.generator.graph.rebuild_ms 4.164309
[TIMING ts=20260721-143410] omnivoice.session.decode_ms 7.55352
[TIMING ts=20260721-143410] omnivoice.decoder.graph.rebuilt 1
[TIMING ts=20260721-143410] omnivoice.decoder.graph.rebuild_ms 0.716534
[TIMING ts=20260721-143410] omnivoice.session.postprocess_ms 4.887096
[TIMING ts=20260721-143410] session.wall_ms 81.541892
ggml_backend_cuda_graph_compute: CUDA graph warmup complete
request_index=5
request_id=line_6
[TIMING] request.line_6.wall_ms 81.6297
audio_out=./outputs/batch_infer/audiocpp_omnivoice_clone_batch_q8_0_step2/line_6.wav
[TIMING ts=20260721-143410] omnivoice.reference.encode_ms 1.401482
[TIMING ts=20260721-143410] omnivoice.encoder.graph.rebuilt 1
[TIMING ts=20260721-143410] omnivoice.session.prompt_ms 0.495435
[TIMING ts=20260721-143410] omnivoice.session.generate_ms 68.374107
[TIMING ts=20260721-143410] omnivoice.generator.graph.rebuilt 1
[TIMING ts=20260721-143410] omnivoice.generator.graph.rebuild_ms 3.968264
[TIMING ts=20260721-143410] omnivoice.session.decode_ms 8.680346
[TIMING ts=20260721-143410] omnivoice.decoder.graph.rebuilt 1
[TIMING ts=20260721-143410] omnivoice.decoder.graph.rebuild_ms 1.222925
[TIMING ts=20260721-143410] omnivoice.session.postprocess_ms 4.886757
[TIMING ts=20260721-143410] session.wall_ms 83.992112
ggml_backend_cuda_graph_compute: CUDA graph warmup complete
request_index=6
request_id=line_7
[TIMING] request.line_7.wall_ms 84.078
audio_out=./outputs/batch_infer/audiocpp_omnivoice_clone_batch_q8_0_step2/line_7.wav
[TIMING ts=20260721-143410] omnivoice.reference.encode_ms 1.531767
[TIMING ts=20260721-143410] omnivoice.encoder.graph.rebuilt 1
[TIMING ts=20260721-143410] omnivoice.session.prompt_ms 0.561347
[TIMING ts=20260721-143410] omnivoice.session.generate_ms 56.032553
[TIMING ts=20260721-143410] omnivoice.generator.graph.rebuilt 0
[TIMING ts=20260721-143410] omnivoice.generator.graph.rebuild_ms 0
[TIMING ts=20260721-143410] omnivoice.session.decode_ms 14.674247
[TIMING ts=20260721-143410] omnivoice.decoder.graph.rebuilt 0
[TIMING ts=20260721-143410] omnivoice.decoder.graph.rebuild_ms 0
[TIMING ts=20260721-143410] omnivoice.session.postprocess_ms 4.914165
[TIMING ts=20260721-143410] session.wall_ms 77.877928
ggml_backend_cuda_graph_compute: CUDA graph warmup complete
request_index=7
request_id=line_8
[TIMING] request.line_8.wall_ms 77.9763
audio_out=./outputs/batch_infer/audiocpp_omnivoice_clone_batch_q8_0_step2/line_8.wav
[TIMING ts=20260721-143410] omnivoice.reference.encode_ms 1.528012
[TIMING ts=20260721-143410] omnivoice.encoder.graph.rebuilt 1
[TIMING ts=20260721-143410] omnivoice.session.prompt_ms 0.540702
[TIMING ts=20260721-143410] omnivoice.session.generate_ms 68.461937
[TIMING ts=20260721-143410] omnivoice.generator.graph.rebuilt 1
[TIMING ts=20260721-143410] omnivoice.generator.graph.rebuild_ms 4.249058
[TIMING ts=20260721-143410] omnivoice.session.decode_ms 7.840404
[TIMING ts=20260721-143410] omnivoice.decoder.graph.rebuilt 1
[TIMING ts=20260721-143410] omnivoice.decoder.graph.rebuild_ms 1.481865
[TIMING ts=20260721-143410] omnivoice.session.postprocess_ms 5.150842
[TIMING ts=20260721-143410] session.wall_ms 83.657988
ggml_backend_cuda_graph_compute: CUDA graph warmup complete
request_index=8
request_id=line_9
[TIMING] request.line_9.wall_ms 83.7368
audio_out=./outputs/batch_infer/audiocpp_omnivoice_clone_batch_q8_0_step2/line_9.wav
[TIMING ts=20260721-143410] omnivoice.reference.encode_ms 1.446955
[TIMING ts=20260721-143410] omnivoice.encoder.graph.rebuilt 1
[TIMING ts=20260721-143410] omnivoice.session.prompt_ms 0.568595
[TIMING ts=20260721-143410] omnivoice.session.generate_ms 78.467649
[TIMING ts=20260721-143410] omnivoice.generator.graph.rebuilt 1
[TIMING ts=20260721-143410] omnivoice.generator.graph.rebuild_ms 4.017352
[TIMING ts=20260721-143410] omnivoice.session.decode_ms 8.749866
[TIMING ts=20260721-143410] omnivoice.decoder.graph.rebuilt 1
[TIMING ts=20260721-143410] omnivoice.decoder.graph.rebuild_ms 1.027765
[TIMING ts=20260721-143410] omnivoice.session.postprocess_ms 5.231187
[TIMING ts=20260721-143410] session.wall_ms 94.660138
request_index=9
request_id=line_10
[TIMING] request.line_10.wall_ms 94.7771
audio_out=./outputs/batch_infer/audiocpp_omnivoice_clone_batch_q8_0_step2/line_10.wav
  Completed at: 14:34:11
  Output dir: ./outputs/batch_infer/audiocpp_omnivoice_clone_batch_q8_0_step2

[9/32] weight_type=f16 | steps=4 -> ./outputs/batch_infer/audiocpp_omnivoice_clone_batch_f16_step4
  Started at: 14:34:11
[TRACE ts=20260721-143411] runtime.model.family omnivoice
[TRACE ts=20260721-143411] runtime.model.variant omnivoice
[TRACE ts=20260721-143411] runtime.model.root /home/ipt/kawshik/tts-testing/audio.cpp/models/OmniVoice
[TRACE ts=20260721-143411] runtime.model.discovered_config_count 6
[TRACE ts=20260721-143411] runtime.model.discovered_weight_count 2
[TRACE ts=20260721-143411] runtime.model.task_count 1
[TRACE ts=20260721-143411] runtime.model.language_count 1
[TRACE ts=20260721-143411] runtime.model.supports_speaker_reference 1
[TRACE ts=20260721-143411] runtime.model.supports_style_condition 1
[TRACE ts=20260721-143411] runtime.model.supports_timestamps 0
ggml_cuda_init: found 1 CUDA devices (Total VRAM: 24111 MiB):
  Device 0: NVIDIA GeForce RTX 4090, compute capability 8.9, VMM: yes, VRAM: 24111 MiB
ggml_backend_cuda_graph_compute: CUDA graph warmup complete
family=omnivoice
task=tts
mode=offline
[TIMING ts=20260721-143413] omnivoice.reference.encode_ms 1.716349
[TIMING ts=20260721-143413] omnivoice.encoder.graph.rebuilt 1
[TIMING ts=20260721-143413] omnivoice.session.prompt_ms 2.832619
[TIMING ts=20260721-143413] omnivoice.session.generate_ms 137.36595
[TIMING ts=20260721-143413] omnivoice.generator.graph.rebuilt 1
[TIMING ts=20260721-143413] omnivoice.generator.graph.rebuild_ms 3.032957
[TIMING ts=20260721-143413] omnivoice.session.decode_ms 34.602651
[TIMING ts=20260721-143413] omnivoice.decoder.graph.rebuilt 1
[TIMING ts=20260721-143413] omnivoice.decoder.graph.rebuild_ms 1.328491
[TIMING ts=20260721-143413] omnivoice.session.postprocess_ms 4.63022
[TIMING ts=20260721-143413] session.wall_ms 181.366676
ggml_backend_cuda_graph_compute: CUDA graph warmup complete
request_index=0
request_id=line_1
[TIMING] request.line_1.wall_ms 181.472
audio_out=./outputs/batch_infer/audiocpp_omnivoice_clone_batch_f16_step4/line_1.wav
[TIMING ts=20260721-143414] omnivoice.reference.encode_ms 1.502447
[TIMING ts=20260721-143414] omnivoice.encoder.graph.rebuilt 1
[TIMING ts=20260721-143414] omnivoice.session.prompt_ms 0.446948
[TIMING ts=20260721-143414] omnivoice.session.generate_ms 137.649858
[TIMING ts=20260721-143414] omnivoice.generator.graph.rebuilt 1
[TIMING ts=20260721-143414] omnivoice.generator.graph.rebuild_ms 4.278066
[TIMING ts=20260721-143414] omnivoice.session.decode_ms 11.427185
[TIMING ts=20260721-143414] omnivoice.decoder.graph.rebuilt 1
[TIMING ts=20260721-143414] omnivoice.decoder.graph.rebuild_ms 2.896334
[TIMING ts=20260721-143414] omnivoice.session.postprocess_ms 4.685126
[TIMING ts=20260721-143414] session.wall_ms 155.866996
ggml_backend_cuda_graph_compute: CUDA graph warmup complete
request_index=1
request_id=line_2
[TIMING] request.line_2.wall_ms 155.975
audio_out=./outputs/batch_infer/audiocpp_omnivoice_clone_batch_f16_step4/line_2.wav
[TIMING ts=20260721-143414] omnivoice.reference.encode_ms 1.368131
[TIMING ts=20260721-143414] omnivoice.encoder.graph.rebuilt 1
[TIMING ts=20260721-143414] omnivoice.session.prompt_ms 0.466091
[TIMING ts=20260721-143414] omnivoice.session.generate_ms 135.692731
[TIMING ts=20260721-143414] omnivoice.generator.graph.rebuilt 1
[TIMING ts=20260721-143414] omnivoice.generator.graph.rebuild_ms 4.281695
[TIMING ts=20260721-143414] omnivoice.session.decode_ms 9.348214
[TIMING ts=20260721-143414] omnivoice.decoder.graph.rebuilt 1
[TIMING ts=20260721-143414] omnivoice.decoder.graph.rebuild_ms 0.793155
[TIMING ts=20260721-143414] omnivoice.session.postprocess_ms 4.840771
[TIMING ts=20260721-143414] session.wall_ms 151.848826
ggml_backend_cuda_graph_compute: CUDA graph warmup complete
request_index=2
request_id=line_3
[TIMING] request.line_3.wall_ms 151.928
audio_out=./outputs/batch_infer/audiocpp_omnivoice_clone_batch_f16_step4/line_3.wav
[TIMING ts=20260721-143414] omnivoice.reference.encode_ms 1.507544
[TIMING ts=20260721-143414] omnivoice.encoder.graph.rebuilt 1
[TIMING ts=20260721-143414] omnivoice.session.prompt_ms 0.445963
[TIMING ts=20260721-143414] omnivoice.session.generate_ms 142.401598
[TIMING ts=20260721-143414] omnivoice.generator.graph.rebuilt 1
[TIMING ts=20260721-143414] omnivoice.generator.graph.rebuild_ms 10.347239
[TIMING ts=20260721-143414] omnivoice.session.decode_ms 9.201393
[TIMING ts=20260721-143414] omnivoice.decoder.graph.rebuilt 1
[TIMING ts=20260721-143414] omnivoice.decoder.graph.rebuild_ms 0.808857
[TIMING ts=20260721-143414] omnivoice.session.postprocess_ms 5.044164
[TIMING ts=20260721-143414] session.wall_ms 158.734768
ggml_backend_cuda_graph_compute: CUDA graph warmup complete
request_index=3
request_id=line_4
[TIMING] request.line_4.wall_ms 158.822
audio_out=./outputs/batch_infer/audiocpp_omnivoice_clone_batch_f16_step4/line_4.wav
[TIMING ts=20260721-143414] omnivoice.reference.encode_ms 1.515625
[TIMING ts=20260721-143414] omnivoice.encoder.graph.rebuilt 1
[TIMING ts=20260721-143414] omnivoice.session.prompt_ms 0.573299
[TIMING ts=20260721-143414] omnivoice.session.generate_ms 134.676634
[TIMING ts=20260721-143414] omnivoice.generator.graph.rebuilt 1
[TIMING ts=20260721-143414] omnivoice.generator.graph.rebuild_ms 4.361441
[TIMING ts=20260721-143414] omnivoice.session.decode_ms 7.617238
[TIMING ts=20260721-143414] omnivoice.decoder.graph.rebuilt 1
[TIMING ts=20260721-143414] omnivoice.decoder.graph.rebuild_ms 0.749933
[TIMING ts=20260721-143414] omnivoice.session.postprocess_ms 4.659902
[TIMING ts=20260721-143414] session.wall_ms 149.177592
ggml_backend_cuda_graph_compute: CUDA graph warmup complete
request_index=4
request_id=line_5
[TIMING] request.line_5.wall_ms 149.262
audio_out=./outputs/batch_infer/audiocpp_omnivoice_clone_batch_f16_step4/line_5.wav
[TIMING ts=20260721-143414] omnivoice.reference.encode_ms 1.495919
[TIMING ts=20260721-143414] omnivoice.encoder.graph.rebuilt 1
[TIMING ts=20260721-143414] omnivoice.session.prompt_ms 0.439526
[TIMING ts=20260721-143414] omnivoice.session.generate_ms 135.737985
[TIMING ts=20260721-143414] omnivoice.generator.graph.rebuilt 1
[TIMING ts=20260721-143414] omnivoice.generator.graph.rebuild_ms 4.285747
[TIMING ts=20260721-143414] omnivoice.session.decode_ms 7.145822
[TIMING ts=20260721-143414] omnivoice.decoder.graph.rebuilt 1
[TIMING ts=20260721-143414] omnivoice.decoder.graph.rebuild_ms 0.698227
[TIMING ts=20260721-143414] omnivoice.session.postprocess_ms 4.553206
[TIMING ts=20260721-143414] session.wall_ms 149.570656
ggml_backend_cuda_graph_compute: CUDA graph warmup complete
request_index=5
request_id=line_6
[TIMING] request.line_6.wall_ms 149.652
audio_out=./outputs/batch_infer/audiocpp_omnivoice_clone_batch_f16_step4/line_6.wav
[TIMING ts=20260721-143414] omnivoice.reference.encode_ms 1.459587
[TIMING ts=20260721-143414] omnivoice.encoder.graph.rebuilt 1
[TIMING ts=20260721-143414] omnivoice.session.prompt_ms 0.420123
[TIMING ts=20260721-143414] omnivoice.session.generate_ms 160.367301
[TIMING ts=20260721-143414] omnivoice.generator.graph.rebuilt 1
[TIMING ts=20260721-143414] omnivoice.generator.graph.rebuild_ms 4.42634
[TIMING ts=20260721-143414] omnivoice.session.decode_ms 9.864889
[TIMING ts=20260721-143414] omnivoice.decoder.graph.rebuilt 1
[TIMING ts=20260721-143414] omnivoice.decoder.graph.rebuild_ms 0.712654
[TIMING ts=20260721-143414] omnivoice.session.postprocess_ms 4.591769
[TIMING ts=20260721-143414] session.wall_ms 176.848611
ggml_backend_cuda_graph_compute: CUDA graph warmup complete
request_index=6
request_id=line_7
[TIMING] request.line_7.wall_ms 176.93
audio_out=./outputs/batch_infer/audiocpp_omnivoice_clone_batch_f16_step4/line_7.wav
[TIMING ts=20260721-143415] omnivoice.reference.encode_ms 1.503112
[TIMING ts=20260721-143415] omnivoice.encoder.graph.rebuilt 1
[TIMING ts=20260721-143415] omnivoice.session.prompt_ms 0.518024
[TIMING ts=20260721-143415] omnivoice.session.generate_ms 122.846243
[TIMING ts=20260721-143415] omnivoice.generator.graph.rebuilt 0
[TIMING ts=20260721-143415] omnivoice.generator.graph.rebuild_ms 0
[TIMING ts=20260721-143415] omnivoice.session.decode_ms 16.158405
[TIMING ts=20260721-143415] omnivoice.decoder.graph.rebuilt 0
[TIMING ts=20260721-143415] omnivoice.decoder.graph.rebuild_ms 0
[TIMING ts=20260721-143415] omnivoice.session.postprocess_ms 4.767226
[TIMING ts=20260721-143415] session.wall_ms 145.950485
ggml_backend_cuda_graph_compute: CUDA graph warmup complete
request_index=7
request_id=line_8
[TIMING] request.line_8.wall_ms 146.037
audio_out=./outputs/batch_infer/audiocpp_omnivoice_clone_batch_f16_step4/line_8.wav
[TIMING ts=20260721-143415] omnivoice.reference.encode_ms 1.499442
[TIMING ts=20260721-143415] omnivoice.encoder.graph.rebuilt 1
[TIMING ts=20260721-143415] omnivoice.session.prompt_ms 0.453901
[TIMING ts=20260721-143415] omnivoice.session.generate_ms 134.254589
[TIMING ts=20260721-143415] omnivoice.generator.graph.rebuilt 1
[TIMING ts=20260721-143415] omnivoice.generator.graph.rebuild_ms 4.105594
[TIMING ts=20260721-143415] omnivoice.session.decode_ms 10.689381
[TIMING ts=20260721-143415] omnivoice.decoder.graph.rebuilt 1
[TIMING ts=20260721-143415] omnivoice.decoder.graph.rebuild_ms 1.664084
[TIMING ts=20260721-143415] omnivoice.session.postprocess_ms 4.760157
[TIMING ts=20260721-143415] session.wall_ms 151.792339
ggml_backend_cuda_graph_compute: CUDA graph warmup complete
request_index=8
request_id=line_9
[TIMING] request.line_9.wall_ms 151.884
audio_out=./outputs/batch_infer/audiocpp_omnivoice_clone_batch_f16_step4/line_9.wav
[TIMING ts=20260721-143415] omnivoice.reference.encode_ms 1.519639
[TIMING ts=20260721-143415] omnivoice.encoder.graph.rebuilt 1
[TIMING ts=20260721-143415] omnivoice.session.prompt_ms 0.478532
[TIMING ts=20260721-143415] omnivoice.session.generate_ms 135.351998
[TIMING ts=20260721-143415] omnivoice.generator.graph.rebuilt 1
[TIMING ts=20260721-143415] omnivoice.generator.graph.rebuild_ms 4.281527
[TIMING ts=20260721-143415] omnivoice.session.decode_ms 8.117966
[TIMING ts=20260721-143415] omnivoice.decoder.graph.rebuilt 1
[TIMING ts=20260721-143415] omnivoice.decoder.graph.rebuild_ms 0.671229
[TIMING ts=20260721-143415] omnivoice.session.postprocess_ms 4.597801
[TIMING ts=20260721-143415] session.wall_ms 150.294266
request_index=9
request_id=line_10
[TIMING] request.line_10.wall_ms 150.381
audio_out=./outputs/batch_infer/audiocpp_omnivoice_clone_batch_f16_step4/line_10.wav
  Completed at: 14:34:15
  Output dir: ./outputs/batch_infer/audiocpp_omnivoice_clone_batch_f16_step4

[10/32] weight_type=f32 | steps=4 -> ./outputs/batch_infer/audiocpp_omnivoice_clone_batch_f32_step4
  Started at: 14:34:15
[TRACE ts=20260721-143415] runtime.model.family omnivoice
[TRACE ts=20260721-143415] runtime.model.variant omnivoice
[TRACE ts=20260721-143415] runtime.model.root /home/ipt/kawshik/tts-testing/audio.cpp/models/OmniVoice
[TRACE ts=20260721-143415] runtime.model.discovered_config_count 6
[TRACE ts=20260721-143415] runtime.model.discovered_weight_count 2
[TRACE ts=20260721-143415] runtime.model.task_count 1
[TRACE ts=20260721-143415] runtime.model.language_count 1
[TRACE ts=20260721-143415] runtime.model.supports_speaker_reference 1
[TRACE ts=20260721-143415] runtime.model.supports_style_condition 1
[TRACE ts=20260721-143415] runtime.model.supports_timestamps 0
ggml_cuda_init: found 1 CUDA devices (Total VRAM: 24111 MiB):
  Device 0: NVIDIA GeForce RTX 4090, compute capability 8.9, VMM: yes, VRAM: 24111 MiB
ggml_backend_cuda_graph_compute: CUDA graph warmup complete
family=omnivoice
task=tts
mode=offline
[TIMING ts=20260721-143418] omnivoice.reference.encode_ms 1.714943
[TIMING ts=20260721-143418] omnivoice.encoder.graph.rebuilt 1
[TIMING ts=20260721-143418] omnivoice.session.prompt_ms 2.756198
[TIMING ts=20260721-143418] omnivoice.session.generate_ms 147.960282
[TIMING ts=20260721-143418] omnivoice.generator.graph.rebuilt 1
[TIMING ts=20260721-143418] omnivoice.generator.graph.rebuild_ms 2.948433
[TIMING ts=20260721-143418] omnivoice.session.decode_ms 35.222852
[TIMING ts=20260721-143418] omnivoice.decoder.graph.rebuilt 1
[TIMING ts=20260721-143418] omnivoice.decoder.graph.rebuild_ms 1.335065
[TIMING ts=20260721-143418] omnivoice.session.postprocess_ms 4.919584
[TIMING ts=20260721-143418] session.wall_ms 192.798534
ggml_backend_cuda_graph_compute: CUDA graph warmup complete
request_index=0
request_id=line_1
[TIMING] request.line_1.wall_ms 192.944
audio_out=./outputs/batch_infer/audiocpp_omnivoice_clone_batch_f32_step4/line_1.wav
[TIMING ts=20260721-143418] omnivoice.reference.encode_ms 1.495208
[TIMING ts=20260721-143418] omnivoice.encoder.graph.rebuilt 1
[TIMING ts=20260721-143418] omnivoice.session.prompt_ms 0.456123
[TIMING ts=20260721-143418] omnivoice.session.generate_ms 142.62377
[TIMING ts=20260721-143418] omnivoice.generator.graph.rebuilt 1
[TIMING ts=20260721-143418] omnivoice.generator.graph.rebuild_ms 4.399638
[TIMING ts=20260721-143418] omnivoice.session.decode_ms 10.906895
[TIMING ts=20260721-143418] omnivoice.decoder.graph.rebuilt 1
[TIMING ts=20260721-143418] omnivoice.decoder.graph.rebuild_ms 2.411202
[TIMING ts=20260721-143418] omnivoice.session.postprocess_ms 5.08626
[TIMING ts=20260721-143418] session.wall_ms 160.707399
ggml_backend_cuda_graph_compute: CUDA graph warmup complete
request_index=1
request_id=line_2
[TIMING] request.line_2.wall_ms 160.8
audio_out=./outputs/batch_infer/audiocpp_omnivoice_clone_batch_f32_step4/line_2.wav
[TIMING ts=20260721-143419] omnivoice.reference.encode_ms 1.501061
[TIMING ts=20260721-143419] omnivoice.encoder.graph.rebuilt 1
[TIMING ts=20260721-143419] omnivoice.session.prompt_ms 0.437001
[TIMING ts=20260721-143419] omnivoice.session.generate_ms 163.123612
[TIMING ts=20260721-143419] omnivoice.generator.graph.rebuilt 1
[TIMING ts=20260721-143419] omnivoice.generator.graph.rebuild_ms 4.370048
[TIMING ts=20260721-143419] omnivoice.session.decode_ms 8.615931
[TIMING ts=20260721-143419] omnivoice.decoder.graph.rebuilt 1
[TIMING ts=20260721-143419] omnivoice.decoder.graph.rebuild_ms 0.784355
[TIMING ts=20260721-143419] omnivoice.session.postprocess_ms 4.94651
[TIMING ts=20260721-143419] session.wall_ms 178.770198
ggml_backend_cuda_graph_compute: CUDA graph warmup complete
request_index=2
request_id=line_3
[TIMING] request.line_3.wall_ms 178.859
audio_out=./outputs/batch_infer/audiocpp_omnivoice_clone_batch_f32_step4/line_3.wav
[TIMING ts=20260721-143419] omnivoice.reference.encode_ms 1.518759
[TIMING ts=20260721-143419] omnivoice.encoder.graph.rebuilt 1
[TIMING ts=20260721-143419] omnivoice.session.prompt_ms 0.453929
[TIMING ts=20260721-143419] omnivoice.session.generate_ms 133.341035
[TIMING ts=20260721-143419] omnivoice.generator.graph.rebuilt 1
[TIMING ts=20260721-143419] omnivoice.generator.graph.rebuild_ms 4.385824
[TIMING ts=20260721-143419] omnivoice.session.decode_ms 8.578596
[TIMING ts=20260721-143419] omnivoice.decoder.graph.rebuilt 1
[TIMING ts=20260721-143419] omnivoice.decoder.graph.rebuild_ms 0.800583
[TIMING ts=20260721-143419] omnivoice.session.postprocess_ms 5.067737
[TIMING ts=20260721-143419] session.wall_ms 149.096272
ggml_backend_cuda_graph_compute: CUDA graph warmup complete
request_index=3
request_id=line_4
[TIMING] request.line_4.wall_ms 149.195
audio_out=./outputs/batch_infer/audiocpp_omnivoice_clone_batch_f32_step4/line_4.wav
[TIMING ts=20260721-143419] omnivoice.reference.encode_ms 1.514156
[TIMING ts=20260721-143419] omnivoice.encoder.graph.rebuilt 1
[TIMING ts=20260721-143419] omnivoice.session.prompt_ms 0.482729
[TIMING ts=20260721-143419] omnivoice.session.generate_ms 132.580123
[TIMING ts=20260721-143419] omnivoice.generator.graph.rebuilt 1
[TIMING ts=20260721-143419] omnivoice.generator.graph.rebuild_ms 4.212312
[TIMING ts=20260721-143419] omnivoice.session.decode_ms 8.642146
[TIMING ts=20260721-143419] omnivoice.decoder.graph.rebuilt 1
[TIMING ts=20260721-143419] omnivoice.decoder.graph.rebuild_ms 0.994313
[TIMING ts=20260721-143419] omnivoice.session.postprocess_ms 5.231346
[TIMING ts=20260721-143419] session.wall_ms 148.594773
ggml_backend_cuda_graph_compute: CUDA graph warmup complete
request_index=4
request_id=line_5
[TIMING] request.line_5.wall_ms 148.692
audio_out=./outputs/batch_infer/audiocpp_omnivoice_clone_batch_f32_step4/line_5.wav
[TIMING ts=20260721-143419] omnivoice.reference.encode_ms 1.50117
[TIMING ts=20260721-143419] omnivoice.encoder.graph.rebuilt 1
[TIMING ts=20260721-143419] omnivoice.session.prompt_ms 1.11814
[TIMING ts=20260721-143419] omnivoice.session.generate_ms 127.08448
[TIMING ts=20260721-143419] omnivoice.generator.graph.rebuilt 1
[TIMING ts=20260721-143419] omnivoice.generator.graph.rebuild_ms 5.029898
[TIMING ts=20260721-143419] omnivoice.session.decode_ms 8.893325
[TIMING ts=20260721-143419] omnivoice.decoder.graph.rebuilt 1
[TIMING ts=20260721-143419] omnivoice.decoder.graph.rebuild_ms 0.844117
[TIMING ts=20260721-143419] omnivoice.session.postprocess_ms 4.776087
[TIMING ts=20260721-143419] session.wall_ms 143.908399
ggml_backend_cuda_graph_compute: CUDA graph warmup complete
request_index=5
request_id=line_6
[TIMING] request.line_6.wall_ms 144.006
audio_out=./outputs/batch_infer/audiocpp_omnivoice_clone_batch_f32_step4/line_6.wav
[TIMING ts=20260721-143419] omnivoice.reference.encode_ms 1.516876
[TIMING ts=20260721-143419] omnivoice.encoder.graph.rebuilt 1
[TIMING ts=20260721-143419] omnivoice.session.prompt_ms 0.420209
[TIMING ts=20260721-143419] omnivoice.session.generate_ms 136.086239
[TIMING ts=20260721-143419] omnivoice.generator.graph.rebuilt 1
[TIMING ts=20260721-143419] omnivoice.generator.graph.rebuild_ms 4.481414
[TIMING ts=20260721-143419] omnivoice.session.decode_ms 9.598544
[TIMING ts=20260721-143419] omnivoice.decoder.graph.rebuilt 1
[TIMING ts=20260721-143419] omnivoice.decoder.graph.rebuild_ms 0.799833
[TIMING ts=20260721-143419] omnivoice.session.postprocess_ms 4.925511
[TIMING ts=20260721-143419] session.wall_ms 153.087803
ggml_backend_cuda_graph_compute: CUDA graph warmup complete
request_index=6
request_id=line_7
[TIMING] request.line_7.wall_ms 153.178
audio_out=./outputs/batch_infer/audiocpp_omnivoice_clone_batch_f32_step4/line_7.wav
[TIMING ts=20260721-143419] omnivoice.reference.encode_ms 1.521073
[TIMING ts=20260721-143419] omnivoice.encoder.graph.rebuilt 1
[TIMING ts=20260721-143419] omnivoice.session.prompt_ms 0.454283
[TIMING ts=20260721-143419] omnivoice.session.generate_ms 123.743734
[TIMING ts=20260721-143419] omnivoice.generator.graph.rebuilt 0
[TIMING ts=20260721-143419] omnivoice.generator.graph.rebuild_ms 0
[TIMING ts=20260721-143419] omnivoice.session.decode_ms 20.852954
[TIMING ts=20260721-143419] omnivoice.decoder.graph.rebuilt 0
[TIMING ts=20260721-143419] omnivoice.decoder.graph.rebuild_ms 0
[TIMING ts=20260721-143419] omnivoice.session.postprocess_ms 5.414818
[TIMING ts=20260721-143419] session.wall_ms 152.548776
ggml_backend_cuda_graph_compute: CUDA graph warmup complete
request_index=7
request_id=line_8
[TIMING] request.line_8.wall_ms 152.649
audio_out=./outputs/batch_infer/audiocpp_omnivoice_clone_batch_f32_step4/line_8.wav
[TIMING ts=20260721-143420] omnivoice.reference.encode_ms 1.510898
[TIMING ts=20260721-143420] omnivoice.encoder.graph.rebuilt 1
[TIMING ts=20260721-143420] omnivoice.session.prompt_ms 0.44868
[TIMING ts=20260721-143420] omnivoice.session.generate_ms 137.1709
[TIMING ts=20260721-143420] omnivoice.generator.graph.rebuilt 1
[TIMING ts=20260721-143420] omnivoice.generator.graph.rebuild_ms 4.356286
[TIMING ts=20260721-143420] omnivoice.session.decode_ms 9.264898
[TIMING ts=20260721-143420] omnivoice.decoder.graph.rebuilt 1
[TIMING ts=20260721-143420] omnivoice.decoder.graph.rebuild_ms 1.583057
[TIMING ts=20260721-143420] omnivoice.session.postprocess_ms 4.669042
[TIMING ts=20260721-143420] session.wall_ms 153.551032
ggml_backend_cuda_graph_compute: CUDA graph warmup complete
request_index=8
request_id=line_9
[TIMING] request.line_9.wall_ms 153.655
audio_out=./outputs/batch_infer/audiocpp_omnivoice_clone_batch_f32_step4/line_9.wav
[TIMING ts=20260721-143420] omnivoice.reference.encode_ms 1.509604
[TIMING ts=20260721-143420] omnivoice.encoder.graph.rebuilt 1
[TIMING ts=20260721-143420] omnivoice.session.prompt_ms 0.458515
[TIMING ts=20260721-143420] omnivoice.session.generate_ms 134.217068
[TIMING ts=20260721-143420] omnivoice.generator.graph.rebuilt 1
[TIMING ts=20260721-143420] omnivoice.generator.graph.rebuild_ms 4.422603
[TIMING ts=20260721-143420] omnivoice.session.decode_ms 8.483751
[TIMING ts=20260721-143420] omnivoice.decoder.graph.rebuilt 1
[TIMING ts=20260721-143420] omnivoice.decoder.graph.rebuild_ms 0.808545
[TIMING ts=20260721-143420] omnivoice.session.postprocess_ms 4.605662
[TIMING ts=20260721-143420] session.wall_ms 149.796843
request_index=9
request_id=line_10
[TIMING] request.line_10.wall_ms 149.889
audio_out=./outputs/batch_infer/audiocpp_omnivoice_clone_batch_f32_step4/line_10.wav
  Completed at: 14:34:20
  Output dir: ./outputs/batch_infer/audiocpp_omnivoice_clone_batch_f32_step4

[11/32] weight_type=bf16 | steps=4 -> ./outputs/batch_infer/audiocpp_omnivoice_clone_batch_bf16_step4
  Started at: 14:34:20
[TRACE ts=20260721-143420] runtime.model.family omnivoice
[TRACE ts=20260721-143420] runtime.model.variant omnivoice
[TRACE ts=20260721-143420] runtime.model.root /home/ipt/kawshik/tts-testing/audio.cpp/models/OmniVoice
[TRACE ts=20260721-143420] runtime.model.discovered_config_count 6
[TRACE ts=20260721-143420] runtime.model.discovered_weight_count 2
[TRACE ts=20260721-143420] runtime.model.task_count 1
[TRACE ts=20260721-143420] runtime.model.language_count 1
[TRACE ts=20260721-143420] runtime.model.supports_speaker_reference 1
[TRACE ts=20260721-143420] runtime.model.supports_style_condition 1
[TRACE ts=20260721-143420] runtime.model.supports_timestamps 0
ggml_cuda_init: found 1 CUDA devices (Total VRAM: 24111 MiB):
  Device 0: NVIDIA GeForce RTX 4090, compute capability 8.9, VMM: yes, VRAM: 24111 MiB
ggml_backend_cuda_graph_compute: CUDA graph warmup complete
family=omnivoice
task=tts
mode=offline
[TIMING ts=20260721-143423] omnivoice.reference.encode_ms 1.694161
[TIMING ts=20260721-143423] omnivoice.encoder.graph.rebuilt 1
[TIMING ts=20260721-143423] omnivoice.session.prompt_ms 2.806467
[TIMING ts=20260721-143423] omnivoice.session.generate_ms 138.395459
[TIMING ts=20260721-143423] omnivoice.generator.graph.rebuilt 1
[TIMING ts=20260721-143423] omnivoice.generator.graph.rebuild_ms 3.01533
[TIMING ts=20260721-143423] omnivoice.session.decode_ms 39.579443
[TIMING ts=20260721-143423] omnivoice.decoder.graph.rebuilt 1
[TIMING ts=20260721-143423] omnivoice.decoder.graph.rebuild_ms 1.545483
[TIMING ts=20260721-143423] omnivoice.session.postprocess_ms 5.588312
[TIMING ts=20260721-143423] session.wall_ms 188.316291
ggml_backend_cuda_graph_compute: CUDA graph warmup complete
request_index=0
request_id=line_1
[TIMING] request.line_1.wall_ms 188.446
audio_out=./outputs/batch_infer/audiocpp_omnivoice_clone_batch_bf16_step4/line_1.wav
[TIMING ts=20260721-143423] omnivoice.reference.encode_ms 1.694903
[TIMING ts=20260721-143423] omnivoice.encoder.graph.rebuilt 1
[TIMING ts=20260721-143423] omnivoice.session.prompt_ms 0.519495
[TIMING ts=20260721-143423] omnivoice.session.generate_ms 141.023911
[TIMING ts=20260721-143423] omnivoice.generator.graph.rebuilt 1
[TIMING ts=20260721-143423] omnivoice.generator.graph.rebuild_ms 4.92056
[TIMING ts=20260721-143423] omnivoice.session.decode_ms 11.294921
[TIMING ts=20260721-143423] omnivoice.decoder.graph.rebuilt 1
[TIMING ts=20260721-143423] omnivoice.decoder.graph.rebuild_ms 2.548943
[TIMING ts=20260721-143423] omnivoice.session.postprocess_ms 6.609734
[TIMING ts=20260721-143423] session.wall_ms 161.300712
ggml_backend_cuda_graph_compute: CUDA graph warmup complete
request_index=1
request_id=line_2
[TIMING] request.line_2.wall_ms 161.395
audio_out=./outputs/batch_infer/audiocpp_omnivoice_clone_batch_bf16_step4/line_2.wav
[TIMING ts=20260721-143423] omnivoice.reference.encode_ms 1.728294
[TIMING ts=20260721-143423] omnivoice.encoder.graph.rebuilt 1
[TIMING ts=20260721-143423] omnivoice.session.prompt_ms 0.482595
[TIMING ts=20260721-143423] omnivoice.session.generate_ms 136.752915
[TIMING ts=20260721-143423] omnivoice.generator.graph.rebuilt 1
[TIMING ts=20260721-143423] omnivoice.generator.graph.rebuild_ms 4.292046
[TIMING ts=20260721-143423] omnivoice.session.decode_ms 9.946973
[TIMING ts=20260721-143423] omnivoice.decoder.graph.rebuilt 1
[TIMING ts=20260721-143423] omnivoice.decoder.graph.rebuild_ms 0.779444
[TIMING ts=20260721-143423] omnivoice.session.postprocess_ms 4.924339
[TIMING ts=20260721-143423] session.wall_ms 153.985789
ggml_backend_cuda_graph_compute: CUDA graph warmup complete
request_index=2
request_id=line_3
[TIMING] request.line_3.wall_ms 154.086
audio_out=./outputs/batch_infer/audiocpp_omnivoice_clone_batch_bf16_step4/line_3.wav
[TIMING ts=20260721-143424] omnivoice.reference.encode_ms 1.410381
[TIMING ts=20260721-143424] omnivoice.encoder.graph.rebuilt 1
[TIMING ts=20260721-143424] omnivoice.session.prompt_ms 0.463869
[TIMING ts=20260721-143424] omnivoice.session.generate_ms 142.753992
[TIMING ts=20260721-143424] omnivoice.generator.graph.rebuilt 1
[TIMING ts=20260721-143424] omnivoice.generator.graph.rebuild_ms 4.573503
[TIMING ts=20260721-143424] omnivoice.session.decode_ms 9.775853
[TIMING ts=20260721-143424] omnivoice.decoder.graph.rebuilt 1
[TIMING ts=20260721-143424] omnivoice.decoder.graph.rebuild_ms 0.789857
[TIMING ts=20260721-143424] omnivoice.session.postprocess_ms 5.046859
[TIMING ts=20260721-143424] session.wall_ms 159.596659
ggml_backend_cuda_graph_compute: CUDA graph warmup complete
request_index=3
request_id=line_4
[TIMING] request.line_4.wall_ms 159.683
audio_out=./outputs/batch_infer/audiocpp_omnivoice_clone_batch_bf16_step4/line_4.wav
[TIMING ts=20260721-143424] omnivoice.reference.encode_ms 1.505814
[TIMING ts=20260721-143424] omnivoice.encoder.graph.rebuilt 1
[TIMING ts=20260721-143424] omnivoice.session.prompt_ms 0.440134
[TIMING ts=20260721-143424] omnivoice.session.generate_ms 138.215822
[TIMING ts=20260721-143424] omnivoice.generator.graph.rebuilt 1
[TIMING ts=20260721-143424] omnivoice.generator.graph.rebuild_ms 4.332916
[TIMING ts=20260721-143424] omnivoice.session.decode_ms 10.910037
[TIMING ts=20260721-143424] omnivoice.decoder.graph.rebuilt 1
[TIMING ts=20260721-143424] omnivoice.decoder.graph.rebuild_ms 1.052186
[TIMING ts=20260721-143424] omnivoice.session.postprocess_ms 5.165145
[TIMING ts=20260721-143424] session.wall_ms 156.375311
ggml_backend_cuda_graph_compute: CUDA graph warmup complete
request_index=4
request_id=line_5
[TIMING] request.line_5.wall_ms 156.471
audio_out=./outputs/batch_infer/audiocpp_omnivoice_clone_batch_bf16_step4/line_5.wav
[TIMING ts=20260721-143424] omnivoice.reference.encode_ms 1.504613
[TIMING ts=20260721-143424] omnivoice.encoder.graph.rebuilt 1
[TIMING ts=20260721-143424] omnivoice.session.prompt_ms 1.112337
[TIMING ts=20260721-143424] omnivoice.session.generate_ms 141.357005
[TIMING ts=20260721-143424] omnivoice.generator.graph.rebuilt 1
[TIMING ts=20260721-143424] omnivoice.generator.graph.rebuild_ms 6.401772
[TIMING ts=20260721-143424] omnivoice.session.decode_ms 8.937868
[TIMING ts=20260721-143424] omnivoice.decoder.graph.rebuilt 1
[TIMING ts=20260721-143424] omnivoice.decoder.graph.rebuild_ms 0.773243
[TIMING ts=20260721-143424] omnivoice.session.postprocess_ms 4.829855
[TIMING ts=20260721-143424] session.wall_ms 158.268976
ggml_backend_cuda_graph_compute: CUDA graph warmup complete
request_index=5
request_id=line_6
[TIMING] request.line_6.wall_ms 158.344
audio_out=./outputs/batch_infer/audiocpp_omnivoice_clone_batch_bf16_step4/line_6.wav
[TIMING ts=20260721-143424] omnivoice.reference.encode_ms 1.519024
[TIMING ts=20260721-143424] omnivoice.encoder.graph.rebuilt 1
[TIMING ts=20260721-143424] omnivoice.session.prompt_ms 0.452226
[TIMING ts=20260721-143424] omnivoice.session.generate_ms 146.721055
[TIMING ts=20260721-143424] omnivoice.generator.graph.rebuilt 1
[TIMING ts=20260721-143424] omnivoice.generator.graph.rebuild_ms 9.760216
[TIMING ts=20260721-143424] omnivoice.session.decode_ms 10.110191
[TIMING ts=20260721-143424] omnivoice.decoder.graph.rebuilt 1
[TIMING ts=20260721-143424] omnivoice.decoder.graph.rebuild_ms 0.847553
[TIMING ts=20260721-143424] omnivoice.session.postprocess_ms 4.875137
[TIMING ts=20260721-143424] session.wall_ms 164.177704
ggml_backend_cuda_graph_compute: CUDA graph warmup complete
request_index=6
request_id=line_7
[TIMING] request.line_7.wall_ms 164.275
audio_out=./outputs/batch_infer/audiocpp_omnivoice_clone_batch_bf16_step4/line_7.wav
[TIMING ts=20260721-143424] omnivoice.reference.encode_ms 1.560308
[TIMING ts=20260721-143424] omnivoice.encoder.graph.rebuilt 1
[TIMING ts=20260721-143424] omnivoice.session.prompt_ms 0.463317
[TIMING ts=20260721-143424] omnivoice.session.generate_ms 126.849657
[TIMING ts=20260721-143424] omnivoice.generator.graph.rebuilt 0
[TIMING ts=20260721-143424] omnivoice.generator.graph.rebuild_ms 0
[TIMING ts=20260721-143424] omnivoice.session.decode_ms 19.939724
[TIMING ts=20260721-143424] omnivoice.decoder.graph.rebuilt 0
[TIMING ts=20260721-143424] omnivoice.decoder.graph.rebuild_ms 0
[TIMING ts=20260721-143424] omnivoice.session.postprocess_ms 4.924214
[TIMING ts=20260721-143424] session.wall_ms 154.215317
ggml_backend_cuda_graph_compute: CUDA graph warmup complete
request_index=7
request_id=line_8
[TIMING] request.line_8.wall_ms 154.309
audio_out=./outputs/batch_infer/audiocpp_omnivoice_clone_batch_bf16_step4/line_8.wav
[TIMING ts=20260721-143424] omnivoice.reference.encode_ms 1.491964
[TIMING ts=20260721-143424] omnivoice.encoder.graph.rebuilt 1
[TIMING ts=20260721-143424] omnivoice.session.prompt_ms 0.45403
[TIMING ts=20260721-143424] omnivoice.session.generate_ms 141.575438
[TIMING ts=20260721-143424] omnivoice.generator.graph.rebuilt 1
[TIMING ts=20260721-143424] omnivoice.generator.graph.rebuild_ms 4.048261
[TIMING ts=20260721-143424] omnivoice.session.decode_ms 10.892158
[TIMING ts=20260721-143424] omnivoice.decoder.graph.rebuilt 1
[TIMING ts=20260721-143424] omnivoice.decoder.graph.rebuild_ms 1.535702
[TIMING ts=20260721-143424] omnivoice.session.postprocess_ms 4.611389
[TIMING ts=20260721-143424] session.wall_ms 159.515645
ggml_backend_cuda_graph_compute: CUDA graph warmup complete
request_index=8
request_id=line_9
[TIMING] request.line_9.wall_ms 159.627
audio_out=./outputs/batch_infer/audiocpp_omnivoice_clone_batch_bf16_step4/line_9.wav
[TIMING ts=20260721-143425] omnivoice.reference.encode_ms 2.792957
[TIMING ts=20260721-143425] omnivoice.encoder.graph.rebuilt 1
[TIMING ts=20260721-143425] omnivoice.session.prompt_ms 0.45731
[TIMING ts=20260721-143425] omnivoice.session.generate_ms 140.498026
[TIMING ts=20260721-143425] omnivoice.generator.graph.rebuilt 1
[TIMING ts=20260721-143425] omnivoice.generator.graph.rebuild_ms 4.468535
[TIMING ts=20260721-143425] omnivoice.session.decode_ms 8.982538
[TIMING ts=20260721-143425] omnivoice.decoder.graph.rebuilt 1
[TIMING ts=20260721-143425] omnivoice.decoder.graph.rebuild_ms 0.757523
[TIMING ts=20260721-143425] omnivoice.session.postprocess_ms 4.598558
[TIMING ts=20260721-143425] session.wall_ms 157.898573
request_index=9
request_id=line_10
[TIMING] request.line_10.wall_ms 157.989
audio_out=./outputs/batch_infer/audiocpp_omnivoice_clone_batch_bf16_step4/line_10.wav
  Completed at: 14:34:25
  Output dir: ./outputs/batch_infer/audiocpp_omnivoice_clone_batch_bf16_step4

[12/32] weight_type=q8_0 | steps=4 -> ./outputs/batch_infer/audiocpp_omnivoice_clone_batch_q8_0_step4
  Started at: 14:34:25
[TRACE ts=20260721-143425] runtime.model.family omnivoice
[TRACE ts=20260721-143425] runtime.model.variant omnivoice
[TRACE ts=20260721-143425] runtime.model.root /home/ipt/kawshik/tts-testing/audio.cpp/models/OmniVoice
[TRACE ts=20260721-143425] runtime.model.discovered_config_count 6
[TRACE ts=20260721-143425] runtime.model.discovered_weight_count 2
[TRACE ts=20260721-143425] runtime.model.task_count 1
[TRACE ts=20260721-143425] runtime.model.language_count 1
[TRACE ts=20260721-143425] runtime.model.supports_speaker_reference 1
[TRACE ts=20260721-143425] runtime.model.supports_style_condition 1
[TRACE ts=20260721-143425] runtime.model.supports_timestamps 0
ggml_cuda_init: found 1 CUDA devices (Total VRAM: 24111 MiB):
  Device 0: NVIDIA GeForce RTX 4090, compute capability 8.9, VMM: yes, VRAM: 24111 MiB
ggml_backend_cuda_graph_compute: CUDA graph warmup complete
family=omnivoice
task=tts
mode=offline
[TIMING ts=20260721-143428] omnivoice.reference.encode_ms 1.693976
[TIMING ts=20260721-143428] omnivoice.encoder.graph.rebuilt 1
[TIMING ts=20260721-143428] omnivoice.session.prompt_ms 2.785735
[TIMING ts=20260721-143428] omnivoice.session.generate_ms 147.227476
[TIMING ts=20260721-143428] omnivoice.generator.graph.rebuilt 1
[TIMING ts=20260721-143428] omnivoice.generator.graph.rebuild_ms 2.936363
[TIMING ts=20260721-143428] omnivoice.session.decode_ms 39.479756
[TIMING ts=20260721-143428] omnivoice.decoder.graph.rebuilt 1
[TIMING ts=20260721-143428] omnivoice.decoder.graph.rebuild_ms 1.486666
[TIMING ts=20260721-143428] omnivoice.session.postprocess_ms 5.551484
[TIMING ts=20260721-143428] session.wall_ms 196.960269
ggml_backend_cuda_graph_compute: CUDA graph warmup complete
request_index=0
request_id=line_1
[TIMING] request.line_1.wall_ms 197.09
audio_out=./outputs/batch_infer/audiocpp_omnivoice_clone_batch_q8_0_step4/line_1.wav
[TIMING ts=20260721-143428] omnivoice.reference.encode_ms 1.695407
[TIMING ts=20260721-143428] omnivoice.encoder.graph.rebuilt 1
[TIMING ts=20260721-143428] omnivoice.session.prompt_ms 0.532441
[TIMING ts=20260721-143428] omnivoice.session.generate_ms 134.512635
[TIMING ts=20260721-143428] omnivoice.generator.graph.rebuilt 1
[TIMING ts=20260721-143428] omnivoice.generator.graph.rebuild_ms 4.881435
[TIMING ts=20260721-143428] omnivoice.session.decode_ms 8.819513
[TIMING ts=20260721-143428] omnivoice.decoder.graph.rebuilt 1
[TIMING ts=20260721-143428] omnivoice.decoder.graph.rebuild_ms 2.985582
[TIMING ts=20260721-143428] omnivoice.session.postprocess_ms 5.778971
[TIMING ts=20260721-143428] session.wall_ms 151.487784
ggml_backend_cuda_graph_compute: CUDA graph warmup complete
request_index=1
request_id=line_2
[TIMING] request.line_2.wall_ms 151.584
audio_out=./outputs/batch_infer/audiocpp_omnivoice_clone_batch_q8_0_step4/line_2.wav
[TIMING ts=20260721-143428] omnivoice.reference.encode_ms 1.695534
[TIMING ts=20260721-143428] omnivoice.encoder.graph.rebuilt 1
[TIMING ts=20260721-143428] omnivoice.session.prompt_ms 0.481532
[TIMING ts=20260721-143428] omnivoice.session.generate_ms 168.646584
[TIMING ts=20260721-143428] omnivoice.generator.graph.rebuilt 1
[TIMING ts=20260721-143428] omnivoice.generator.graph.rebuild_ms 4.507463
[TIMING ts=20260721-143428] omnivoice.session.decode_ms 10.501726
[TIMING ts=20260721-143428] omnivoice.decoder.graph.rebuilt 1
[TIMING ts=20260721-143428] omnivoice.decoder.graph.rebuild_ms 0.871246
[TIMING ts=20260721-143428] omnivoice.session.postprocess_ms 5.570893
[TIMING ts=20260721-143428] session.wall_ms 187.068342
ggml_backend_cuda_graph_compute: CUDA graph warmup complete
request_index=2
request_id=line_3
[TIMING] request.line_3.wall_ms 187.171
audio_out=./outputs/batch_infer/audiocpp_omnivoice_clone_batch_q8_0_step4/line_3.wav
[TIMING ts=20260721-143428] omnivoice.reference.encode_ms 1.698096
[TIMING ts=20260721-143428] omnivoice.encoder.graph.rebuilt 1
[TIMING ts=20260721-143428] omnivoice.session.prompt_ms 0.52627
[TIMING ts=20260721-143428] omnivoice.session.generate_ms 145.293547
[TIMING ts=20260721-143428] omnivoice.generator.graph.rebuilt 1
[TIMING ts=20260721-143428] omnivoice.generator.graph.rebuild_ms 4.523611
[TIMING ts=20260721-143428] omnivoice.session.decode_ms 10.279316
[TIMING ts=20260721-143428] omnivoice.decoder.graph.rebuilt 1
[TIMING ts=20260721-143428] omnivoice.decoder.graph.rebuild_ms 0.805435
[TIMING ts=20260721-143428] omnivoice.session.postprocess_ms 4.864223
[TIMING ts=20260721-143428] session.wall_ms 162.807117
ggml_backend_cuda_graph_compute: CUDA graph warmup complete
request_index=3
request_id=line_4
[TIMING] request.line_4.wall_ms 162.907
audio_out=./outputs/batch_infer/audiocpp_omnivoice_clone_batch_q8_0_step4/line_4.wav
[TIMING ts=20260721-143429] omnivoice.reference.encode_ms 1.484531
[TIMING ts=20260721-143429] omnivoice.encoder.graph.rebuilt 1
[TIMING ts=20260721-143429] omnivoice.session.prompt_ms 0.436835
[TIMING ts=20260721-143429] omnivoice.session.generate_ms 146.759793
[TIMING ts=20260721-143429] omnivoice.generator.graph.rebuilt 1
[TIMING ts=20260721-143429] omnivoice.generator.graph.rebuild_ms 8.76725
[TIMING ts=20260721-143429] omnivoice.session.decode_ms 9.823339
[TIMING ts=20260721-143429] omnivoice.decoder.graph.rebuilt 1
[TIMING ts=20260721-143429] omnivoice.decoder.graph.rebuild_ms 0.826453
[TIMING ts=20260721-143429] omnivoice.session.postprocess_ms 4.8364
[TIMING ts=20260721-143429] session.wall_ms 163.487618
ggml_backend_cuda_graph_compute: CUDA graph warmup complete
request_index=4
request_id=line_5
[TIMING] request.line_5.wall_ms 163.58
audio_out=./outputs/batch_infer/audiocpp_omnivoice_clone_batch_q8_0_step4/line_5.wav
[TIMING ts=20260721-143429] omnivoice.reference.encode_ms 1.444063
[TIMING ts=20260721-143429] omnivoice.encoder.graph.rebuilt 1
[TIMING ts=20260721-143429] omnivoice.session.prompt_ms 0.439957
[TIMING ts=20260721-143429] omnivoice.session.generate_ms 143.74469
[TIMING ts=20260721-143429] omnivoice.generator.graph.rebuilt 1
[TIMING ts=20260721-143429] omnivoice.generator.graph.rebuild_ms 4.058342
[TIMING ts=20260721-143429] omnivoice.session.decode_ms 9.013884
[TIMING ts=20260721-143429] omnivoice.decoder.graph.rebuilt 1
[TIMING ts=20260721-143429] omnivoice.decoder.graph.rebuild_ms 0.746164
[TIMING ts=20260721-143429] omnivoice.session.postprocess_ms 4.379859
[TIMING ts=20260721-143429] session.wall_ms 159.215189
ggml_backend_cuda_graph_compute: CUDA graph warmup complete
request_index=5
request_id=line_6
[TIMING] request.line_6.wall_ms 159.305
audio_out=./outputs/batch_infer/audiocpp_omnivoice_clone_batch_q8_0_step4/line_6.wav
[TIMING ts=20260721-143429] omnivoice.reference.encode_ms 1.533538
[TIMING ts=20260721-143429] omnivoice.encoder.graph.rebuilt 1
[TIMING ts=20260721-143429] omnivoice.session.prompt_ms 0.460179
[TIMING ts=20260721-143429] omnivoice.session.generate_ms 144.20173
[TIMING ts=20260721-143429] omnivoice.generator.graph.rebuilt 1
[TIMING ts=20260721-143429] omnivoice.generator.graph.rebuild_ms 4.398923
[TIMING ts=20260721-143429] omnivoice.session.decode_ms 10.360241
[TIMING ts=20260721-143429] omnivoice.decoder.graph.rebuilt 1
[TIMING ts=20260721-143429] omnivoice.decoder.graph.rebuild_ms 0.787784
[TIMING ts=20260721-143429] omnivoice.session.postprocess_ms 4.61798
[TIMING ts=20260721-143429] session.wall_ms 161.331234
ggml_backend_cuda_graph_compute: CUDA graph warmup complete
request_index=6
request_id=line_7
[TIMING] request.line_7.wall_ms 161.43
audio_out=./outputs/batch_infer/audiocpp_omnivoice_clone_batch_q8_0_step4/line_7.wav
[TIMING ts=20260721-143429] omnivoice.reference.encode_ms 1.299643
[TIMING ts=20260721-143429] omnivoice.encoder.graph.rebuilt 1
[TIMING ts=20260721-143429] omnivoice.session.prompt_ms 0.481702
[TIMING ts=20260721-143429] omnivoice.session.generate_ms 127.863475
[TIMING ts=20260721-143429] omnivoice.generator.graph.rebuilt 0
[TIMING ts=20260721-143429] omnivoice.generator.graph.rebuild_ms 0
[TIMING ts=20260721-143429] omnivoice.session.decode_ms 16.473824
[TIMING ts=20260721-143429] omnivoice.decoder.graph.rebuilt 0
[TIMING ts=20260721-143429] omnivoice.decoder.graph.rebuild_ms 0
[TIMING ts=20260721-143429] omnivoice.session.postprocess_ms 4.512656
[TIMING ts=20260721-143429] session.wall_ms 150.775986
ggml_backend_cuda_graph_compute: CUDA graph warmup complete
request_index=7
request_id=line_8
[TIMING] request.line_8.wall_ms 150.87
audio_out=./outputs/batch_infer/audiocpp_omnivoice_clone_batch_q8_0_step4/line_8.wav
[TIMING ts=20260721-143429] omnivoice.reference.encode_ms 1.483221
[TIMING ts=20260721-143429] omnivoice.encoder.graph.rebuilt 1
[TIMING ts=20260721-143429] omnivoice.session.prompt_ms 0.446275
[TIMING ts=20260721-143429] omnivoice.session.generate_ms 140.332376
[TIMING ts=20260721-143429] omnivoice.generator.graph.rebuilt 1
[TIMING ts=20260721-143429] omnivoice.generator.graph.rebuild_ms 4.255736
[TIMING ts=20260721-143429] omnivoice.session.decode_ms 9.761548
[TIMING ts=20260721-143429] omnivoice.decoder.graph.rebuilt 1
[TIMING ts=20260721-143429] omnivoice.decoder.graph.rebuild_ms 1.5296
[TIMING ts=20260721-143429] omnivoice.session.postprocess_ms 4.461193
[TIMING ts=20260721-143429] session.wall_ms 156.622996
ggml_backend_cuda_graph_compute: CUDA graph warmup complete
request_index=8
request_id=line_9
[TIMING] request.line_9.wall_ms 156.718
audio_out=./outputs/batch_infer/audiocpp_omnivoice_clone_batch_q8_0_step4/line_9.wav
[TIMING ts=20260721-143429] omnivoice.reference.encode_ms 1.385104
[TIMING ts=20260721-143429] omnivoice.encoder.graph.rebuilt 1
[TIMING ts=20260721-143429] omnivoice.session.prompt_ms 0.430286
[TIMING ts=20260721-143429] omnivoice.session.generate_ms 137.687107
[TIMING ts=20260721-143429] omnivoice.generator.graph.rebuilt 1
[TIMING ts=20260721-143429] omnivoice.generator.graph.rebuild_ms 3.994957
[TIMING ts=20260721-143429] omnivoice.session.decode_ms 8.523491
[TIMING ts=20260721-143429] omnivoice.decoder.graph.rebuilt 1
[TIMING ts=20260721-143429] omnivoice.decoder.graph.rebuild_ms 0.76801
[TIMING ts=20260721-143429] omnivoice.session.postprocess_ms 4.151144
[TIMING ts=20260721-143429] session.wall_ms 152.332569
request_index=9
request_id=line_10
[TIMING] request.line_10.wall_ms 152.436
audio_out=./outputs/batch_infer/audiocpp_omnivoice_clone_batch_q8_0_step4/line_10.wav
  Completed at: 14:34:30
  Output dir: ./outputs/batch_infer/audiocpp_omnivoice_clone_batch_q8_0_step4

[13/32] weight_type=f16 | steps=8 -> ./outputs/batch_infer/audiocpp_omnivoice_clone_batch_f16_step8
  Started at: 14:34:30
[TRACE ts=20260721-143430] runtime.model.family omnivoice
[TRACE ts=20260721-143430] runtime.model.variant omnivoice
[TRACE ts=20260721-143430] runtime.model.root /home/ipt/kawshik/tts-testing/audio.cpp/models/OmniVoice
[TRACE ts=20260721-143430] runtime.model.discovered_config_count 6
[TRACE ts=20260721-143430] runtime.model.discovered_weight_count 2
[TRACE ts=20260721-143430] runtime.model.task_count 1
[TRACE ts=20260721-143430] runtime.model.language_count 1
[TRACE ts=20260721-143430] runtime.model.supports_speaker_reference 1
[TRACE ts=20260721-143430] runtime.model.supports_style_condition 1
[TRACE ts=20260721-143430] runtime.model.supports_timestamps 0
ggml_cuda_init: found 1 CUDA devices (Total VRAM: 24111 MiB):
  Device 0: NVIDIA GeForce RTX 4090, compute capability 8.9, VMM: yes, VRAM: 24111 MiB
ggml_backend_cuda_graph_compute: CUDA graph warmup complete
family=omnivoice
task=tts
mode=offline
[TIMING ts=20260721-143433] omnivoice.reference.encode_ms 1.409454
[TIMING ts=20260721-143433] omnivoice.encoder.graph.rebuilt 1
[TIMING ts=20260721-143433] omnivoice.session.prompt_ms 2.376498
[TIMING ts=20260721-143433] omnivoice.session.generate_ms 280.94803
[TIMING ts=20260721-143433] omnivoice.generator.graph.rebuilt 1
[TIMING ts=20260721-143433] omnivoice.generator.graph.rebuild_ms 2.544228
[TIMING ts=20260721-143433] omnivoice.session.decode_ms 49.140766
[TIMING ts=20260721-143433] omnivoice.decoder.graph.rebuilt 1
[TIMING ts=20260721-143433] omnivoice.decoder.graph.rebuild_ms 1.590666
[TIMING ts=20260721-143433] omnivoice.session.postprocess_ms 5.553313
[TIMING ts=20260721-143433] session.wall_ms 339.651796
ggml_backend_cuda_graph_compute: CUDA graph warmup complete
request_index=0
request_id=line_1
[TIMING] request.line_1.wall_ms 339.776
audio_out=./outputs/batch_infer/audiocpp_omnivoice_clone_batch_f16_step8/line_1.wav
[TIMING ts=20260721-143433] omnivoice.reference.encode_ms 1.702315
[TIMING ts=20260721-143433] omnivoice.encoder.graph.rebuilt 1
[TIMING ts=20260721-143433] omnivoice.session.prompt_ms 0.70035
[TIMING ts=20260721-143433] omnivoice.session.generate_ms 274.436616
[TIMING ts=20260721-143433] omnivoice.generator.graph.rebuilt 1
[TIMING ts=20260721-143433] omnivoice.generator.graph.rebuild_ms 5.211317
[TIMING ts=20260721-143433] omnivoice.session.decode_ms 11.960112
[TIMING ts=20260721-143433] omnivoice.decoder.graph.rebuilt 1
[TIMING ts=20260721-143433] omnivoice.decoder.graph.rebuild_ms 2.297222
[TIMING ts=20260721-143433] omnivoice.session.postprocess_ms 5.04003
[TIMING ts=20260721-143433] session.wall_ms 294.025022
ggml_backend_cuda_graph_compute: CUDA graph warmup complete
request_index=1
request_id=line_2
[TIMING] request.line_2.wall_ms 294.165
audio_out=./outputs/batch_infer/audiocpp_omnivoice_clone_batch_f16_step8/line_2.wav
[TIMING ts=20260721-143433] omnivoice.reference.encode_ms 1.511442
[TIMING ts=20260721-143433] omnivoice.encoder.graph.rebuilt 1
[TIMING ts=20260721-143433] omnivoice.session.prompt_ms 0.580199
[TIMING ts=20260721-143433] omnivoice.session.generate_ms 276.92668
[TIMING ts=20260721-143433] omnivoice.generator.graph.rebuilt 1
[TIMING ts=20260721-143433] omnivoice.generator.graph.rebuild_ms 4.799853
[TIMING ts=20260721-143433] omnivoice.session.decode_ms 10.009298
[TIMING ts=20260721-143433] omnivoice.decoder.graph.rebuilt 1
[TIMING ts=20260721-143433] omnivoice.decoder.graph.rebuild_ms 0.799987
[TIMING ts=20260721-143433] omnivoice.session.postprocess_ms 4.698961
[TIMING ts=20260721-143433] session.wall_ms 293.904972
ggml_backend_cuda_graph_compute: CUDA graph warmup complete
request_index=2
request_id=line_3
[TIMING] request.line_3.wall_ms 294.003
audio_out=./outputs/batch_infer/audiocpp_omnivoice_clone_batch_f16_step8/line_3.wav
[TIMING ts=20260721-143433] omnivoice.reference.encode_ms 1.570342
[TIMING ts=20260721-143433] omnivoice.encoder.graph.rebuilt 1
[TIMING ts=20260721-143433] omnivoice.session.prompt_ms 0.624387
[TIMING ts=20260721-143433] omnivoice.session.generate_ms 278.716293
[TIMING ts=20260721-143433] omnivoice.generator.graph.rebuilt 1
[TIMING ts=20260721-143433] omnivoice.generator.graph.rebuild_ms 4.979965
[TIMING ts=20260721-143433] omnivoice.session.decode_ms 10.108386
[TIMING ts=20260721-143433] omnivoice.decoder.graph.rebuilt 1
[TIMING ts=20260721-143433] omnivoice.decoder.graph.rebuild_ms 0.893241
[TIMING ts=20260721-143433] omnivoice.session.postprocess_ms 5.678524
[TIMING ts=20260721-143433] session.wall_ms 296.859969
ggml_backend_cuda_graph_compute: CUDA graph warmup complete
request_index=3
request_id=line_4
[TIMING] request.line_4.wall_ms 296.969
audio_out=./outputs/batch_infer/audiocpp_omnivoice_clone_batch_f16_step8/line_4.wav
[TIMING ts=20260721-143434] omnivoice.reference.encode_ms 1.70603
[TIMING ts=20260721-143434] omnivoice.encoder.graph.rebuilt 1
[TIMING ts=20260721-143434] omnivoice.session.prompt_ms 0.496846
[TIMING ts=20260721-143434] omnivoice.session.generate_ms 275.621064
[TIMING ts=20260721-143434] omnivoice.generator.graph.rebuilt 1
[TIMING ts=20260721-143434] omnivoice.generator.graph.rebuild_ms 4.746012
[TIMING ts=20260721-143434] omnivoice.session.decode_ms 7.194079
[TIMING ts=20260721-143434] omnivoice.decoder.graph.rebuilt 1
[TIMING ts=20260721-143434] omnivoice.decoder.graph.rebuild_ms 1.116332
[TIMING ts=20260721-143434] omnivoice.session.postprocess_ms 5.968014
[TIMING ts=20260721-143434] session.wall_ms 291.128177
ggml_backend_cuda_graph_compute: CUDA graph warmup complete
request_index=4
request_id=line_5
[TIMING] request.line_5.wall_ms 291.239
audio_out=./outputs/batch_infer/audiocpp_omnivoice_clone_batch_f16_step8/line_5.wav
[TIMING ts=20260721-143434] omnivoice.reference.encode_ms 1.696526
[TIMING ts=20260721-143434] omnivoice.encoder.graph.rebuilt 1
[TIMING ts=20260721-143434] omnivoice.session.prompt_ms 1.233738
[TIMING ts=20260721-143434] omnivoice.session.generate_ms 300.227825
[TIMING ts=20260721-143434] omnivoice.generator.graph.rebuilt 1
[TIMING ts=20260721-143434] omnivoice.generator.graph.rebuild_ms 6.416353
[TIMING ts=20260721-143434] omnivoice.session.decode_ms 9.062631
[TIMING ts=20260721-143434] omnivoice.decoder.graph.rebuilt 1
[TIMING ts=20260721-143434] omnivoice.decoder.graph.rebuild_ms 0.803234
[TIMING ts=20260721-143434] omnivoice.session.postprocess_ms 4.844274
[TIMING ts=20260721-143434] session.wall_ms 317.764734
ggml_backend_cuda_graph_compute: CUDA graph warmup complete
request_index=5
request_id=line_6
[TIMING] request.line_6.wall_ms 317.874
audio_out=./outputs/batch_infer/audiocpp_omnivoice_clone_batch_f16_step8/line_6.wav
[TIMING ts=20260721-143434] omnivoice.reference.encode_ms 1.366263
[TIMING ts=20260721-143434] omnivoice.encoder.graph.rebuilt 1
[TIMING ts=20260721-143434] omnivoice.session.prompt_ms 0.417419
[TIMING ts=20260721-143434] omnivoice.session.generate_ms 275.090296
[TIMING ts=20260721-143434] omnivoice.generator.graph.rebuilt 1
[TIMING ts=20260721-143434] omnivoice.generator.graph.rebuild_ms 4.270239
[TIMING ts=20260721-143434] omnivoice.session.decode_ms 10.154903
[TIMING ts=20260721-143434] omnivoice.decoder.graph.rebuilt 1
[TIMING ts=20260721-143434] omnivoice.decoder.graph.rebuild_ms 0.770078
[TIMING ts=20260721-143434] omnivoice.session.postprocess_ms 4.802892
[TIMING ts=20260721-143434] session.wall_ms 292.367675
ggml_backend_cuda_graph_compute: CUDA graph warmup complete
request_index=6
request_id=line_7
[TIMING] request.line_7.wall_ms 292.465
audio_out=./outputs/batch_infer/audiocpp_omnivoice_clone_batch_f16_step8/line_7.wav
[TIMING ts=20260721-143435] omnivoice.reference.encode_ms 1.44211
[TIMING ts=20260721-143435] omnivoice.encoder.graph.rebuilt 1
[TIMING ts=20260721-143435] omnivoice.session.prompt_ms 0.416276
[TIMING ts=20260721-143435] omnivoice.session.generate_ms 252.93604
[TIMING ts=20260721-143435] omnivoice.generator.graph.rebuilt 0
[TIMING ts=20260721-143435] omnivoice.generator.graph.rebuild_ms 0
[TIMING ts=20260721-143435] omnivoice.session.decode_ms 16.376356
[TIMING ts=20260721-143435] omnivoice.decoder.graph.rebuilt 0
[TIMING ts=20260721-143435] omnivoice.decoder.graph.rebuild_ms 0
[TIMING ts=20260721-143435] omnivoice.session.postprocess_ms 4.841739
[TIMING ts=20260721-143435] session.wall_ms 276.493885
ggml_backend_cuda_graph_compute: CUDA graph warmup complete
request_index=7
request_id=line_8
[TIMING] request.line_8.wall_ms 276.588
audio_out=./outputs/batch_infer/audiocpp_omnivoice_clone_batch_f16_step8/line_8.wav
[TIMING ts=20260721-143435] omnivoice.reference.encode_ms 1.353555
[TIMING ts=20260721-143435] omnivoice.encoder.graph.rebuilt 1
[TIMING ts=20260721-143435] omnivoice.session.prompt_ms 0.417887
[TIMING ts=20260721-143435] omnivoice.session.generate_ms 261.26161
[TIMING ts=20260721-143435] omnivoice.generator.graph.rebuilt 1
[TIMING ts=20260721-143435] omnivoice.generator.graph.rebuild_ms 4.186947
[TIMING ts=20260721-143435] omnivoice.session.decode_ms 7.886434
[TIMING ts=20260721-143435] omnivoice.decoder.graph.rebuilt 1
[TIMING ts=20260721-143435] omnivoice.decoder.graph.rebuild_ms 1.514769
[TIMING ts=20260721-143435] omnivoice.session.postprocess_ms 4.526994
[TIMING ts=20260721-143435] session.wall_ms 275.990365
ggml_backend_cuda_graph_compute: CUDA graph warmup complete
request_index=8
request_id=line_9
[TIMING] request.line_9.wall_ms 276.078
audio_out=./outputs/batch_infer/audiocpp_omnivoice_clone_batch_f16_step8/line_9.wav
[TIMING ts=20260721-143435] omnivoice.reference.encode_ms 1.46717
[TIMING ts=20260721-143435] omnivoice.encoder.graph.rebuilt 1
[TIMING ts=20260721-143435] omnivoice.session.prompt_ms 0.478924
[TIMING ts=20260721-143435] omnivoice.session.generate_ms 218.804855
[TIMING ts=20260721-143435] omnivoice.generator.graph.rebuilt 1
[TIMING ts=20260721-143435] omnivoice.generator.graph.rebuild_ms 4.100089
[TIMING ts=20260721-143435] omnivoice.session.decode_ms 6.937438
[TIMING ts=20260721-143435] omnivoice.decoder.graph.rebuilt 1
[TIMING ts=20260721-143435] omnivoice.decoder.graph.rebuild_ms 0.81573
[TIMING ts=20260721-143435] omnivoice.session.postprocess_ms 4.266216
[TIMING ts=20260721-143435] session.wall_ms 232.575712
request_index=9
request_id=line_10
[TIMING] request.line_10.wall_ms 232.679
audio_out=./outputs/batch_infer/audiocpp_omnivoice_clone_batch_f16_step8/line_10.wav
  Completed at: 14:34:35
  Output dir: ./outputs/batch_infer/audiocpp_omnivoice_clone_batch_f16_step8

[14/32] weight_type=f32 | steps=8 -> ./outputs/batch_infer/audiocpp_omnivoice_clone_batch_f32_step8
  Started at: 14:34:35
[TRACE ts=20260721-143435] runtime.model.family omnivoice
[TRACE ts=20260721-143435] runtime.model.variant omnivoice
[TRACE ts=20260721-143435] runtime.model.root /home/ipt/kawshik/tts-testing/audio.cpp/models/OmniVoice
[TRACE ts=20260721-143435] runtime.model.discovered_config_count 6
[TRACE ts=20260721-143435] runtime.model.discovered_weight_count 2
[TRACE ts=20260721-143435] runtime.model.task_count 1
[TRACE ts=20260721-143435] runtime.model.language_count 1
[TRACE ts=20260721-143435] runtime.model.supports_speaker_reference 1
[TRACE ts=20260721-143435] runtime.model.supports_style_condition 1
[TRACE ts=20260721-143435] runtime.model.supports_timestamps 0
ggml_cuda_init: found 1 CUDA devices (Total VRAM: 24111 MiB):
  Device 0: NVIDIA GeForce RTX 4090, compute capability 8.9, VMM: yes, VRAM: 24111 MiB
ggml_backend_cuda_graph_compute: CUDA graph warmup complete
family=omnivoice
task=tts
mode=offline
[TIMING ts=20260721-143439] omnivoice.reference.encode_ms 1.694782
[TIMING ts=20260721-143439] omnivoice.encoder.graph.rebuilt 1
[TIMING ts=20260721-143439] omnivoice.session.prompt_ms 2.796707
[TIMING ts=20260721-143439] omnivoice.session.generate_ms 252.717269
[TIMING ts=20260721-143439] omnivoice.generator.graph.rebuilt 1
[TIMING ts=20260721-143439] omnivoice.generator.graph.rebuild_ms 2.952681
[TIMING ts=20260721-143439] omnivoice.session.decode_ms 34.808081
[TIMING ts=20260721-143439] omnivoice.decoder.graph.rebuilt 1
[TIMING ts=20260721-143439] omnivoice.decoder.graph.rebuild_ms 1.1822
[TIMING ts=20260721-143439] omnivoice.session.postprocess_ms 4.518489
[TIMING ts=20260721-143439] session.wall_ms 296.802008
ggml_backend_cuda_graph_compute: CUDA graph warmup complete
request_index=0
request_id=line_1
[TIMING] request.line_1.wall_ms 296.91
audio_out=./outputs/batch_infer/audiocpp_omnivoice_clone_batch_f32_step8/line_1.wav
[TIMING ts=20260721-143439] omnivoice.reference.encode_ms 1.551559
[TIMING ts=20260721-143439] omnivoice.encoder.graph.rebuilt 1
[TIMING ts=20260721-143439] omnivoice.session.prompt_ms 0.461708
[TIMING ts=20260721-143439] omnivoice.session.generate_ms 250.737155
[TIMING ts=20260721-143439] omnivoice.generator.graph.rebuilt 1
[TIMING ts=20260721-143439] omnivoice.generator.graph.rebuild_ms 4.169298
[TIMING ts=20260721-143439] omnivoice.session.decode_ms 9.590542
[TIMING ts=20260721-143439] omnivoice.decoder.graph.rebuilt 1
[TIMING ts=20260721-143439] omnivoice.decoder.graph.rebuild_ms 2.214807
[TIMING ts=20260721-143439] omnivoice.session.postprocess_ms 4.947737
[TIMING ts=20260721-143439] session.wall_ms 267.440838
ggml_backend_cuda_graph_compute: CUDA graph warmup complete
request_index=1
request_id=line_2
[TIMING] request.line_2.wall_ms 267.525
audio_out=./outputs/batch_infer/audiocpp_omnivoice_clone_batch_f32_step8/line_2.wav
[TIMING ts=20260721-143439] omnivoice.reference.encode_ms 1.305664
[TIMING ts=20260721-143439] omnivoice.encoder.graph.rebuilt 1
[TIMING ts=20260721-143439] omnivoice.session.prompt_ms 0.395094
[TIMING ts=20260721-143439] omnivoice.session.generate_ms 275.124636
[TIMING ts=20260721-143439] omnivoice.generator.graph.rebuilt 1
[TIMING ts=20260721-143439] omnivoice.generator.graph.rebuild_ms 4.052844
[TIMING ts=20260721-143439] omnivoice.session.decode_ms 9.239291
[TIMING ts=20260721-143439] omnivoice.decoder.graph.rebuilt 1
[TIMING ts=20260721-143439] omnivoice.decoder.graph.rebuild_ms 0.850783
[TIMING ts=20260721-143439] omnivoice.session.postprocess_ms 4.833172
[TIMING ts=20260721-143439] session.wall_ms 291.042571
ggml_backend_cuda_graph_compute: CUDA graph warmup complete
request_index=2
request_id=line_3
[TIMING] request.line_3.wall_ms 291.143
audio_out=./outputs/batch_infer/audiocpp_omnivoice_clone_batch_f32_step8/line_3.wav
[TIMING ts=20260721-143439] omnivoice.reference.encode_ms 1.539516
[TIMING ts=20260721-143439] omnivoice.encoder.graph.rebuilt 1
[TIMING ts=20260721-143439] omnivoice.session.prompt_ms 0.428783
[TIMING ts=20260721-143439] omnivoice.session.generate_ms 260.124148
[TIMING ts=20260721-143439] omnivoice.generator.graph.rebuilt 1
[TIMING ts=20260721-143439] omnivoice.generator.graph.rebuild_ms 7.986745
[TIMING ts=20260721-143439] omnivoice.session.decode_ms 9.876286
[TIMING ts=20260721-143439] omnivoice.decoder.graph.rebuilt 1
[TIMING ts=20260721-143439] omnivoice.decoder.graph.rebuild_ms 1.085994
[TIMING ts=20260721-143439] omnivoice.session.postprocess_ms 5.263453
[TIMING ts=20260721-143439] session.wall_ms 277.374738
ggml_backend_cuda_graph_compute: CUDA graph warmup complete
request_index=3
request_id=line_4
[TIMING] request.line_4.wall_ms 277.481
audio_out=./outputs/batch_infer/audiocpp_omnivoice_clone_batch_f32_step8/line_4.wav
[TIMING ts=20260721-143440] omnivoice.reference.encode_ms 1.442827
[TIMING ts=20260721-143440] omnivoice.encoder.graph.rebuilt 1
[TIMING ts=20260721-143440] omnivoice.session.prompt_ms 1.011996
[TIMING ts=20260721-143440] omnivoice.session.generate_ms 247.549584
[TIMING ts=20260721-143440] omnivoice.generator.graph.rebuilt 1
[TIMING ts=20260721-143440] omnivoice.generator.graph.rebuild_ms 4.14263
[TIMING ts=20260721-143440] omnivoice.session.decode_ms 8.538065
[TIMING ts=20260721-143440] omnivoice.decoder.graph.rebuilt 1
[TIMING ts=20260721-143440] omnivoice.decoder.graph.rebuild_ms 0.815305
[TIMING ts=20260721-143440] omnivoice.session.postprocess_ms 4.726537
[TIMING ts=20260721-143440] session.wall_ms 263.74893
ggml_backend_cuda_graph_compute: CUDA graph warmup complete
request_index=4
request_id=line_5
[TIMING] request.line_5.wall_ms 263.845
audio_out=./outputs/batch_infer/audiocpp_omnivoice_clone_batch_f32_step8/line_5.wav
[TIMING ts=20260721-143440] omnivoice.reference.encode_ms 1.448432
[TIMING ts=20260721-143440] omnivoice.encoder.graph.rebuilt 1
[TIMING ts=20260721-143440] omnivoice.session.prompt_ms 0.430005
[TIMING ts=20260721-143440] omnivoice.session.generate_ms 249.144456
[TIMING ts=20260721-143440] omnivoice.generator.graph.rebuilt 1
[TIMING ts=20260721-143440] omnivoice.generator.graph.rebuild_ms 4.096663
[TIMING ts=20260721-143440] omnivoice.session.decode_ms 8.237114
[TIMING ts=20260721-143440] omnivoice.decoder.graph.rebuilt 1
[TIMING ts=20260721-143440] omnivoice.decoder.graph.rebuild_ms 0.74176
[TIMING ts=20260721-143440] omnivoice.session.postprocess_ms 4.265805
[TIMING ts=20260721-143440] session.wall_ms 264.094441
ggml_backend_cuda_graph_compute: CUDA graph warmup complete
request_index=5
request_id=line_6
[TIMING] request.line_6.wall_ms 264.188
audio_out=./outputs/batch_infer/audiocpp_omnivoice_clone_batch_f32_step8/line_6.wav
[TIMING ts=20260721-143440] omnivoice.reference.encode_ms 1.411099
[TIMING ts=20260721-143440] omnivoice.encoder.graph.rebuilt 1
[TIMING ts=20260721-143440] omnivoice.session.prompt_ms 0.388385
[TIMING ts=20260721-143440] omnivoice.session.generate_ms 251.922394
[TIMING ts=20260721-143440] omnivoice.generator.graph.rebuilt 1
[TIMING ts=20260721-143440] omnivoice.generator.graph.rebuild_ms 4.081929
[TIMING ts=20260721-143440] omnivoice.session.decode_ms 8.93893
[TIMING ts=20260721-143440] omnivoice.decoder.graph.rebuilt 1
[TIMING ts=20260721-143440] omnivoice.decoder.graph.rebuild_ms 0.809722
[TIMING ts=20260721-143440] omnivoice.session.postprocess_ms 4.604926
[TIMING ts=20260721-143440] session.wall_ms 267.785175
ggml_backend_cuda_graph_compute: CUDA graph warmup complete
request_index=6
request_id=line_7
[TIMING] request.line_7.wall_ms 267.882
audio_out=./outputs/batch_infer/audiocpp_omnivoice_clone_batch_f32_step8/line_7.wav
[TIMING ts=20260721-143440] omnivoice.reference.encode_ms 1.493284
[TIMING ts=20260721-143440] omnivoice.encoder.graph.rebuilt 1
[TIMING ts=20260721-143440] omnivoice.session.prompt_ms 0.485096
[TIMING ts=20260721-143440] omnivoice.session.generate_ms 241.727615
[TIMING ts=20260721-143440] omnivoice.generator.graph.rebuilt 0
[TIMING ts=20260721-143440] omnivoice.generator.graph.rebuild_ms 0
[TIMING ts=20260721-143440] omnivoice.session.decode_ms 18.870523
[TIMING ts=20260721-143440] omnivoice.decoder.graph.rebuilt 0
[TIMING ts=20260721-143440] omnivoice.decoder.graph.rebuild_ms 0
[TIMING ts=20260721-143440] omnivoice.session.postprocess_ms 5.058819
[TIMING ts=20260721-143440] session.wall_ms 268.171045
ggml_backend_cuda_graph_compute: CUDA graph warmup complete
request_index=7
request_id=line_8
[TIMING] request.line_8.wall_ms 268.264
audio_out=./outputs/batch_infer/audiocpp_omnivoice_clone_batch_f32_step8/line_8.wav
[TIMING ts=20260721-143441] omnivoice.reference.encode_ms 1.383608
[TIMING ts=20260721-143441] omnivoice.encoder.graph.rebuilt 1
[TIMING ts=20260721-143441] omnivoice.session.prompt_ms 0.420989
[TIMING ts=20260721-143441] omnivoice.session.generate_ms 266.009195
[TIMING ts=20260721-143441] omnivoice.generator.graph.rebuilt 1
[TIMING ts=20260721-143441] omnivoice.generator.graph.rebuild_ms 4.116105
[TIMING ts=20260721-143441] omnivoice.session.decode_ms 9.263383
[TIMING ts=20260721-143441] omnivoice.decoder.graph.rebuilt 1
[TIMING ts=20260721-143441] omnivoice.decoder.graph.rebuild_ms 1.617664
[TIMING ts=20260721-143441] omnivoice.session.postprocess_ms 4.378293
[TIMING ts=20260721-143441] session.wall_ms 281.971289
ggml_backend_cuda_graph_compute: CUDA graph warmup complete
request_index=8
request_id=line_9
[TIMING] request.line_9.wall_ms 282.073
audio_out=./outputs/batch_infer/audiocpp_omnivoice_clone_batch_f32_step8/line_9.wav
[TIMING ts=20260721-143441] omnivoice.reference.encode_ms 1.333611
[TIMING ts=20260721-143441] omnivoice.encoder.graph.rebuilt 1
[TIMING ts=20260721-143441] omnivoice.session.prompt_ms 0.419328
[TIMING ts=20260721-143441] omnivoice.session.generate_ms 224.848048
[TIMING ts=20260721-143441] omnivoice.generator.graph.rebuilt 1
[TIMING ts=20260721-143441] omnivoice.generator.graph.rebuild_ms 3.922331
[TIMING ts=20260721-143441] omnivoice.session.decode_ms 7.300341
[TIMING ts=20260721-143441] omnivoice.decoder.graph.rebuilt 1
[TIMING ts=20260721-143441] omnivoice.decoder.graph.rebuild_ms 0.824196
[TIMING ts=20260721-143441] omnivoice.session.postprocess_ms 4.600828
[TIMING ts=20260721-143441] session.wall_ms 239.04263
request_index=9
request_id=line_10
[TIMING] request.line_10.wall_ms 239.133
audio_out=./outputs/batch_infer/audiocpp_omnivoice_clone_batch_f32_step8/line_10.wav
  Completed at: 14:34:41
  Output dir: ./outputs/batch_infer/audiocpp_omnivoice_clone_batch_f32_step8

[15/32] weight_type=bf16 | steps=8 -> ./outputs/batch_infer/audiocpp_omnivoice_clone_batch_bf16_step8
  Started at: 14:34:41
[TRACE ts=20260721-143441] runtime.model.family omnivoice
[TRACE ts=20260721-143441] runtime.model.variant omnivoice
[TRACE ts=20260721-143441] runtime.model.root /home/ipt/kawshik/tts-testing/audio.cpp/models/OmniVoice
[TRACE ts=20260721-143441] runtime.model.discovered_config_count 6
[TRACE ts=20260721-143441] runtime.model.discovered_weight_count 2
[TRACE ts=20260721-143441] runtime.model.task_count 1
[TRACE ts=20260721-143441] runtime.model.language_count 1
[TRACE ts=20260721-143441] runtime.model.supports_speaker_reference 1
[TRACE ts=20260721-143441] runtime.model.supports_style_condition 1
[TRACE ts=20260721-143441] runtime.model.supports_timestamps 0
ggml_cuda_init: found 1 CUDA devices (Total VRAM: 24111 MiB):
  Device 0: NVIDIA GeForce RTX 4090, compute capability 8.9, VMM: yes, VRAM: 24111 MiB
ggml_backend_cuda_graph_compute: CUDA graph warmup complete
family=omnivoice
task=tts
mode=offline
[TIMING ts=20260721-143445] omnivoice.reference.encode_ms 1.71965
[TIMING ts=20260721-143445] omnivoice.encoder.graph.rebuilt 1
[TIMING ts=20260721-143445] omnivoice.session.prompt_ms 4.924328
[TIMING ts=20260721-143445] omnivoice.session.generate_ms 277.634983
[TIMING ts=20260721-143445] omnivoice.generator.graph.rebuilt 1
[TIMING ts=20260721-143445] omnivoice.generator.graph.rebuild_ms 2.949848
[TIMING ts=20260721-143445] omnivoice.session.decode_ms 41.741478
[TIMING ts=20260721-143445] omnivoice.decoder.graph.rebuilt 1
[TIMING ts=20260721-143445] omnivoice.decoder.graph.rebuild_ms 1.487508
[TIMING ts=20260721-143445] omnivoice.session.postprocess_ms 5.634214
[TIMING ts=20260721-143445] session.wall_ms 331.881505
ggml_backend_cuda_graph_compute: CUDA graph warmup complete
request_index=0
request_id=line_1
[TIMING] request.line_1.wall_ms 331.994
audio_out=./outputs/batch_infer/audiocpp_omnivoice_clone_batch_bf16_step8/line_1.wav
[TIMING ts=20260721-143445] omnivoice.reference.encode_ms 1.694523
[TIMING ts=20260721-143445] omnivoice.encoder.graph.rebuilt 1
[TIMING ts=20260721-143445] omnivoice.session.prompt_ms 0.658149
[TIMING ts=20260721-143445] omnivoice.session.generate_ms 276.522074
[TIMING ts=20260721-143445] omnivoice.generator.graph.rebuilt 1
[TIMING ts=20260721-143445] omnivoice.generator.graph.rebuild_ms 4.542223
[TIMING ts=20260721-143445] omnivoice.session.decode_ms 11.220107
[TIMING ts=20260721-143445] omnivoice.decoder.graph.rebuilt 1
[TIMING ts=20260721-143445] omnivoice.decoder.graph.rebuild_ms 2.475039
[TIMING ts=20260721-143445] omnivoice.session.postprocess_ms 5.793976
[TIMING ts=20260721-143445] session.wall_ms 296.059548
ggml_backend_cuda_graph_compute: CUDA graph warmup complete
request_index=1
request_id=line_2
[TIMING] request.line_2.wall_ms 296.157
audio_out=./outputs/batch_infer/audiocpp_omnivoice_clone_batch_bf16_step8/line_2.wav
[TIMING ts=20260721-143446] omnivoice.reference.encode_ms 1.695616
[TIMING ts=20260721-143446] omnivoice.encoder.graph.rebuilt 1
[TIMING ts=20260721-143446] omnivoice.session.prompt_ms 0.561321
[TIMING ts=20260721-143446] omnivoice.session.generate_ms 275.056635
[TIMING ts=20260721-143446] omnivoice.generator.graph.rebuilt 1
[TIMING ts=20260721-143446] omnivoice.generator.graph.rebuild_ms 4.658398
[TIMING ts=20260721-143446] omnivoice.session.decode_ms 10.577944
[TIMING ts=20260721-143446] omnivoice.decoder.graph.rebuilt 1
[TIMING ts=20260721-143446] omnivoice.decoder.graph.rebuild_ms 0.830165
[TIMING ts=20260721-143446] omnivoice.session.postprocess_ms 5.527561
[TIMING ts=20260721-143446] session.wall_ms 293.611933
ggml_backend_cuda_graph_compute: CUDA graph warmup complete
request_index=2
request_id=line_3
[TIMING] request.line_3.wall_ms 293.711
audio_out=./outputs/batch_infer/audiocpp_omnivoice_clone_batch_bf16_step8/line_3.wav
[TIMING ts=20260721-143446] omnivoice.reference.encode_ms 1.694763
[TIMING ts=20260721-143446] omnivoice.encoder.graph.rebuilt 1
[TIMING ts=20260721-143446] omnivoice.session.prompt_ms 0.631982
[TIMING ts=20260721-143446] omnivoice.session.generate_ms 273.81818
[TIMING ts=20260721-143446] omnivoice.generator.graph.rebuilt 1
[TIMING ts=20260721-143446] omnivoice.generator.graph.rebuild_ms 4.459442
[TIMING ts=20260721-143446] omnivoice.session.decode_ms 10.732928
[TIMING ts=20260721-143446] omnivoice.decoder.graph.rebuilt 1
[TIMING ts=20260721-143446] omnivoice.decoder.graph.rebuild_ms 0.789239
[TIMING ts=20260721-143446] omnivoice.session.postprocess_ms 4.952965
[TIMING ts=20260721-143446] session.wall_ms 292.00238
ggml_backend_cuda_graph_compute: CUDA graph warmup complete
request_index=3
request_id=line_4
[TIMING] request.line_4.wall_ms 292.098
audio_out=./outputs/batch_infer/audiocpp_omnivoice_clone_batch_bf16_step8/line_4.wav
[TIMING ts=20260721-143446] omnivoice.reference.encode_ms 1.494001
[TIMING ts=20260721-143446] omnivoice.encoder.graph.rebuilt 1
[TIMING ts=20260721-143446] omnivoice.session.prompt_ms 0.519919
[TIMING ts=20260721-143446] omnivoice.session.generate_ms 272.010158
[TIMING ts=20260721-143446] omnivoice.generator.graph.rebuilt 1
[TIMING ts=20260721-143446] omnivoice.generator.graph.rebuild_ms 4.343935
[TIMING ts=20260721-143446] omnivoice.session.decode_ms 9.805645
[TIMING ts=20260721-143446] omnivoice.decoder.graph.rebuilt 1
[TIMING ts=20260721-143446] omnivoice.decoder.graph.rebuild_ms 0.711277
[TIMING ts=20260721-143446] omnivoice.session.postprocess_ms 4.939974
[TIMING ts=20260721-143446] session.wall_ms 288.94982
ggml_backend_cuda_graph_compute: CUDA graph warmup complete
request_index=4
request_id=line_5
[TIMING] request.line_5.wall_ms 289.035
audio_out=./outputs/batch_infer/audiocpp_omnivoice_clone_batch_bf16_step8/line_5.wav
[TIMING ts=20260721-143446] omnivoice.reference.encode_ms 1.516208
[TIMING ts=20260721-143446] omnivoice.encoder.graph.rebuilt 1
[TIMING ts=20260721-143446] omnivoice.session.prompt_ms 0.604813
[TIMING ts=20260721-143446] omnivoice.session.generate_ms 278.200073
[TIMING ts=20260721-143446] omnivoice.generator.graph.rebuilt 1
[TIMING ts=20260721-143446] omnivoice.generator.graph.rebuild_ms 4.507647
[TIMING ts=20260721-143446] omnivoice.session.decode_ms 10.585984
[TIMING ts=20260721-143446] omnivoice.decoder.graph.rebuilt 1
[TIMING ts=20260721-143446] omnivoice.decoder.graph.rebuild_ms 1.125819
[TIMING ts=20260721-143446] omnivoice.session.postprocess_ms 5.141911
[TIMING ts=20260721-143446] session.wall_ms 296.284452
ggml_backend_cuda_graph_compute: CUDA graph warmup complete
request_index=5
request_id=line_6
[TIMING] request.line_6.wall_ms 296.394
audio_out=./outputs/batch_infer/audiocpp_omnivoice_clone_batch_bf16_step8/line_6.wav
[TIMING ts=20260721-143447] omnivoice.reference.encode_ms 1.508441
[TIMING ts=20260721-143447] omnivoice.encoder.graph.rebuilt 1
[TIMING ts=20260721-143447] omnivoice.session.prompt_ms 1.2034
[TIMING ts=20260721-143447] omnivoice.session.generate_ms 277.168964
[TIMING ts=20260721-143447] omnivoice.generator.graph.rebuilt 1
[TIMING ts=20260721-143447] omnivoice.generator.graph.rebuild_ms 7.234015
[TIMING ts=20260721-143447] omnivoice.session.decode_ms 9.344762
[TIMING ts=20260721-143447] omnivoice.decoder.graph.rebuilt 1
[TIMING ts=20260721-143447] omnivoice.decoder.graph.rebuild_ms 1.003158
[TIMING ts=20260721-143447] omnivoice.session.postprocess_ms 5.606001
[TIMING ts=20260721-143447] session.wall_ms 295.522064
ggml_backend_cuda_graph_compute: CUDA graph warmup complete
request_index=6
request_id=line_7
[TIMING] request.line_7.wall_ms 295.641
audio_out=./outputs/batch_infer/audiocpp_omnivoice_clone_batch_bf16_step8/line_7.wav
[TIMING ts=20260721-143447] omnivoice.reference.encode_ms 1.694865
[TIMING ts=20260721-143447] omnivoice.encoder.graph.rebuilt 1
[TIMING ts=20260721-143447] omnivoice.session.prompt_ms 0.745478
[TIMING ts=20260721-143447] omnivoice.session.generate_ms 256.87432
[TIMING ts=20260721-143447] omnivoice.generator.graph.rebuilt 0
[TIMING ts=20260721-143447] omnivoice.generator.graph.rebuild_ms 0
[TIMING ts=20260721-143447] omnivoice.session.decode_ms 22.24449
[TIMING ts=20260721-143447] omnivoice.decoder.graph.rebuilt 0
[TIMING ts=20260721-143447] omnivoice.decoder.graph.rebuild_ms 0
[TIMING ts=20260721-143447] omnivoice.session.postprocess_ms 6.147969
[TIMING ts=20260721-143447] session.wall_ms 289.085929
ggml_backend_cuda_graph_compute: CUDA graph warmup complete
request_index=7
request_id=line_8
[TIMING] request.line_8.wall_ms 289.199
audio_out=./outputs/batch_infer/audiocpp_omnivoice_clone_batch_bf16_step8/line_8.wav
[TIMING ts=20260721-143447] omnivoice.reference.encode_ms 1.694719
[TIMING ts=20260721-143447] omnivoice.encoder.graph.rebuilt 1
[TIMING ts=20260721-143447] omnivoice.session.prompt_ms 0.593738
[TIMING ts=20260721-143447] omnivoice.session.generate_ms 274.285881
[TIMING ts=20260721-143447] omnivoice.generator.graph.rebuilt 1
[TIMING ts=20260721-143447] omnivoice.generator.graph.rebuild_ms 4.28187
[TIMING ts=20260721-143447] omnivoice.session.decode_ms 9.931218
[TIMING ts=20260721-143447] omnivoice.decoder.graph.rebuilt 1
[TIMING ts=20260721-143447] omnivoice.decoder.graph.rebuild_ms 1.631558
[TIMING ts=20260721-143447] omnivoice.session.postprocess_ms 4.600986
[TIMING ts=20260721-143447] session.wall_ms 292.803683
ggml_backend_cuda_graph_compute: CUDA graph warmup complete
request_index=8
request_id=line_9
[TIMING] request.line_9.wall_ms 292.935
audio_out=./outputs/batch_infer/audiocpp_omnivoice_clone_batch_bf16_step8/line_9.wav
[TIMING ts=20260721-143448] omnivoice.reference.encode_ms 1.490869
[TIMING ts=20260721-143448] omnivoice.encoder.graph.rebuilt 1
[TIMING ts=20260721-143448] omnivoice.session.prompt_ms 0.577443
[TIMING ts=20260721-143448] omnivoice.session.generate_ms 271.651104
[TIMING ts=20260721-143448] omnivoice.generator.graph.rebuilt 1
[TIMING ts=20260721-143448] omnivoice.generator.graph.rebuild_ms 4.336615
[TIMING ts=20260721-143448] omnivoice.session.decode_ms 9.098607
[TIMING ts=20260721-143448] omnivoice.decoder.graph.rebuilt 1
[TIMING ts=20260721-143448] omnivoice.decoder.graph.rebuild_ms 0.760438
[TIMING ts=20260721-143448] omnivoice.session.postprocess_ms 4.662331
[TIMING ts=20260721-143448] session.wall_ms 288.757446
request_index=9
request_id=line_10
[TIMING] request.line_10.wall_ms 288.86
audio_out=./outputs/batch_infer/audiocpp_omnivoice_clone_batch_bf16_step8/line_10.wav
  Completed at: 14:34:48
  Output dir: ./outputs/batch_infer/audiocpp_omnivoice_clone_batch_bf16_step8

[16/32] weight_type=q8_0 | steps=8 -> ./outputs/batch_infer/audiocpp_omnivoice_clone_batch_q8_0_step8
  Started at: 14:34:48
[TRACE ts=20260721-143448] runtime.model.family omnivoice
[TRACE ts=20260721-143448] runtime.model.variant omnivoice
[TRACE ts=20260721-143448] runtime.model.root /home/ipt/kawshik/tts-testing/audio.cpp/models/OmniVoice
[TRACE ts=20260721-143448] runtime.model.discovered_config_count 6
[TRACE ts=20260721-143448] runtime.model.discovered_weight_count 2
[TRACE ts=20260721-143448] runtime.model.task_count 1
[TRACE ts=20260721-143448] runtime.model.language_count 1
[TRACE ts=20260721-143448] runtime.model.supports_speaker_reference 1
[TRACE ts=20260721-143448] runtime.model.supports_style_condition 1
[TRACE ts=20260721-143448] runtime.model.supports_timestamps 0
ggml_cuda_init: found 1 CUDA devices (Total VRAM: 24111 MiB):
  Device 0: NVIDIA GeForce RTX 4090, compute capability 8.9, VMM: yes, VRAM: 24111 MiB
ggml_backend_cuda_graph_compute: CUDA graph warmup complete
family=omnivoice
task=tts
mode=offline
[TIMING ts=20260721-143451] omnivoice.reference.encode_ms 1.507757
[TIMING ts=20260721-143451] omnivoice.encoder.graph.rebuilt 1
[TIMING ts=20260721-143451] omnivoice.session.prompt_ms 2.481751
[TIMING ts=20260721-143451] omnivoice.session.generate_ms 275.074115
[TIMING ts=20260721-143451] omnivoice.generator.graph.rebuilt 1
[TIMING ts=20260721-143451] omnivoice.generator.graph.rebuild_ms 2.620409
[TIMING ts=20260721-143451] omnivoice.session.decode_ms 64.880596
[TIMING ts=20260721-143451] omnivoice.decoder.graph.rebuilt 1
[TIMING ts=20260721-143451] omnivoice.decoder.graph.rebuild_ms 2.422849
[TIMING ts=20260721-143451] omnivoice.session.postprocess_ms 10.454378
[TIMING ts=20260721-143451] session.wall_ms 354.608738
ggml_backend_cuda_graph_compute: CUDA graph warmup complete
request_index=0
request_id=line_1
[TIMING] request.line_1.wall_ms 354.803
audio_out=./outputs/batch_infer/audiocpp_omnivoice_clone_batch_q8_0_step8/line_1.wav
[TIMING ts=20260721-143451] omnivoice.reference.encode_ms 3.258463
[TIMING ts=20260721-143451] omnivoice.encoder.graph.rebuilt 1
[TIMING ts=20260721-143451] omnivoice.session.prompt_ms 0.843713
[TIMING ts=20260721-143451] omnivoice.session.generate_ms 280.60047
[TIMING ts=20260721-143451] omnivoice.generator.graph.rebuilt 1
[TIMING ts=20260721-143451] omnivoice.generator.graph.rebuild_ms 7.253678
[TIMING ts=20260721-143451] omnivoice.session.decode_ms 12.687611
[TIMING ts=20260721-143451] omnivoice.decoder.graph.rebuilt 1
[TIMING ts=20260721-143451] omnivoice.decoder.graph.rebuild_ms 2.856175
[TIMING ts=20260721-143451] omnivoice.session.postprocess_ms 7.227287
[TIMING ts=20260721-143451] session.wall_ms 304.82724
ggml_backend_cuda_graph_compute: CUDA graph warmup complete
request_index=1
request_id=line_2
[TIMING] request.line_2.wall_ms 304.957
audio_out=./outputs/batch_infer/audiocpp_omnivoice_clone_batch_q8_0_step8/line_2.wav
[TIMING ts=20260721-143452] omnivoice.reference.encode_ms 1.848102
[TIMING ts=20260721-143452] omnivoice.encoder.graph.rebuilt 1
[TIMING ts=20260721-143452] omnivoice.session.prompt_ms 0.79775
[TIMING ts=20260721-143452] omnivoice.session.generate_ms 276.896951
[TIMING ts=20260721-143452] omnivoice.generator.graph.rebuilt 1
[TIMING ts=20260721-143452] omnivoice.generator.graph.rebuild_ms 6.563863
[TIMING ts=20260721-143452] omnivoice.session.decode_ms 10.217091
[TIMING ts=20260721-143452] omnivoice.decoder.graph.rebuilt 1
[TIMING ts=20260721-143452] omnivoice.decoder.graph.rebuild_ms 0.901845
[TIMING ts=20260721-143452] omnivoice.session.postprocess_ms 5.526976
[TIMING ts=20260721-143452] session.wall_ms 295.451298
ggml_backend_cuda_graph_compute: CUDA graph warmup complete
request_index=2
request_id=line_3
[TIMING] request.line_3.wall_ms 295.553
audio_out=./outputs/batch_infer/audiocpp_omnivoice_clone_batch_q8_0_step8/line_3.wav
[TIMING ts=20260721-143452] omnivoice.reference.encode_ms 1.694779
[TIMING ts=20260721-143452] omnivoice.encoder.graph.rebuilt 1
[TIMING ts=20260721-143452] omnivoice.session.prompt_ms 0.519532
[TIMING ts=20260721-143452] omnivoice.session.generate_ms 275.365962
[TIMING ts=20260721-143452] omnivoice.generator.graph.rebuilt 1
[TIMING ts=20260721-143452] omnivoice.generator.graph.rebuild_ms 4.483365
[TIMING ts=20260721-143452] omnivoice.session.decode_ms 10.181027
[TIMING ts=20260721-143452] omnivoice.decoder.graph.rebuilt 1
[TIMING ts=20260721-143452] omnivoice.decoder.graph.rebuild_ms 0.785789
[TIMING ts=20260721-143452] omnivoice.session.postprocess_ms 4.790919
[TIMING ts=20260721-143452] session.wall_ms 292.697728
ggml_backend_cuda_graph_compute: CUDA graph warmup complete
request_index=3
request_id=line_4
[TIMING] request.line_4.wall_ms 292.785
audio_out=./outputs/batch_infer/audiocpp_omnivoice_clone_batch_q8_0_step8/line_4.wav
[TIMING ts=20260721-143452] omnivoice.reference.encode_ms 1.446334
[TIMING ts=20260721-143452] omnivoice.encoder.graph.rebuilt 1
[TIMING ts=20260721-143452] omnivoice.session.prompt_ms 0.429274
[TIMING ts=20260721-143452] omnivoice.session.generate_ms 272.555653
[TIMING ts=20260721-143452] omnivoice.generator.graph.rebuilt 1
[TIMING ts=20260721-143452] omnivoice.generator.graph.rebuild_ms 4.348715
[TIMING ts=20260721-143452] omnivoice.session.decode_ms 15.207499
[TIMING ts=20260721-143452] omnivoice.decoder.graph.rebuilt 1
[TIMING ts=20260721-143452] omnivoice.decoder.graph.rebuild_ms 5.310438
[TIMING ts=20260721-143452] omnivoice.session.postprocess_ms 5.249961
[TIMING ts=20260721-143452] session.wall_ms 295.065176
ggml_backend_cuda_graph_compute: CUDA graph warmup complete
request_index=4
request_id=line_5
[TIMING] request.line_5.wall_ms 295.17
audio_out=./outputs/batch_infer/audiocpp_omnivoice_clone_batch_q8_0_step8/line_5.wav
[TIMING ts=20260721-143452] omnivoice.reference.encode_ms 1.508478
[TIMING ts=20260721-143452] omnivoice.encoder.graph.rebuilt 1
[TIMING ts=20260721-143452] omnivoice.session.prompt_ms 1.091696
[TIMING ts=20260721-143452] omnivoice.session.generate_ms 262.393436
[TIMING ts=20260721-143452] omnivoice.generator.graph.rebuilt 1
[TIMING ts=20260721-143452] omnivoice.generator.graph.rebuild_ms 6.458112
[TIMING ts=20260721-143452] omnivoice.session.decode_ms 9.138266
[TIMING ts=20260721-143452] omnivoice.decoder.graph.rebuilt 1
[TIMING ts=20260721-143452] omnivoice.decoder.graph.rebuild_ms 0.794648
[TIMING ts=20260721-143452] omnivoice.session.postprocess_ms 4.758246
[TIMING ts=20260721-143452] session.wall_ms 279.530574
ggml_backend_cuda_graph_compute: CUDA graph warmup complete
request_index=5
request_id=line_6
[TIMING] request.line_6.wall_ms 279.625
audio_out=./outputs/batch_infer/audiocpp_omnivoice_clone_batch_q8_0_step8/line_6.wav
[TIMING ts=20260721-143453] omnivoice.reference.encode_ms 1.595248
[TIMING ts=20260721-143453] omnivoice.encoder.graph.rebuilt 1
[TIMING ts=20260721-143453] omnivoice.session.prompt_ms 0.454769
[TIMING ts=20260721-143453] omnivoice.session.generate_ms 259.804186
[TIMING ts=20260721-143453] omnivoice.generator.graph.rebuilt 1
[TIMING ts=20260721-143453] omnivoice.generator.graph.rebuild_ms 4.379544
[TIMING ts=20260721-143453] omnivoice.session.decode_ms 10.456233
[TIMING ts=20260721-143453] omnivoice.decoder.graph.rebuilt 1
[TIMING ts=20260721-143453] omnivoice.decoder.graph.rebuild_ms 0.757654
[TIMING ts=20260721-143453] omnivoice.session.postprocess_ms 4.578013
[TIMING ts=20260721-143453] session.wall_ms 277.414849
ggml_backend_cuda_graph_compute: CUDA graph warmup complete
request_index=6
request_id=line_7
[TIMING] request.line_7.wall_ms 277.513
audio_out=./outputs/batch_infer/audiocpp_omnivoice_clone_batch_q8_0_step8/line_7.wav
[TIMING ts=20260721-143453] omnivoice.reference.encode_ms 1.462899
[TIMING ts=20260721-143453] omnivoice.encoder.graph.rebuilt 1
[TIMING ts=20260721-143453] omnivoice.session.prompt_ms 0.48323
[TIMING ts=20260721-143453] omnivoice.session.generate_ms 261.575361
[TIMING ts=20260721-143453] omnivoice.generator.graph.rebuilt 0
[TIMING ts=20260721-143453] omnivoice.generator.graph.rebuild_ms 0
[TIMING ts=20260721-143453] omnivoice.session.decode_ms 19.979682
[TIMING ts=20260721-143453] omnivoice.decoder.graph.rebuilt 0
[TIMING ts=20260721-143453] omnivoice.decoder.graph.rebuild_ms 0
[TIMING ts=20260721-143453] omnivoice.session.postprocess_ms 4.976036
[TIMING ts=20260721-143453] session.wall_ms 288.991127
ggml_backend_cuda_graph_compute: CUDA graph warmup complete
request_index=7
request_id=line_8
[TIMING] request.line_8.wall_ms 289.089
audio_out=./outputs/batch_infer/audiocpp_omnivoice_clone_batch_q8_0_step8/line_8.wav
[TIMING ts=20260721-143453] omnivoice.reference.encode_ms 1.520427
[TIMING ts=20260721-143453] omnivoice.encoder.graph.rebuilt 1
[TIMING ts=20260721-143453] omnivoice.session.prompt_ms 0.452733
[TIMING ts=20260721-143453] omnivoice.session.generate_ms 272.259222
[TIMING ts=20260721-143453] omnivoice.generator.graph.rebuilt 1
[TIMING ts=20260721-143453] omnivoice.generator.graph.rebuild_ms 4.343922
[TIMING ts=20260721-143453] omnivoice.session.decode_ms 9.747754
[TIMING ts=20260721-143453] omnivoice.decoder.graph.rebuilt 1
[TIMING ts=20260721-143453] omnivoice.decoder.graph.rebuild_ms 1.569007
[TIMING ts=20260721-143453] omnivoice.session.postprocess_ms 4.735217
[TIMING ts=20260721-143453] session.wall_ms 289.201626
ggml_backend_cuda_graph_compute: CUDA graph warmup complete
request_index=8
request_id=line_9
[TIMING] request.line_9.wall_ms 289.293
audio_out=./outputs/batch_infer/audiocpp_omnivoice_clone_batch_q8_0_step8/line_9.wav
[TIMING ts=20260721-143454] omnivoice.reference.encode_ms 1.493587
[TIMING ts=20260721-143454] omnivoice.encoder.graph.rebuilt 1
[TIMING ts=20260721-143454] omnivoice.session.prompt_ms 0.480496
[TIMING ts=20260721-143454] omnivoice.session.generate_ms 273.541064
[TIMING ts=20260721-143454] omnivoice.generator.graph.rebuilt 1
[TIMING ts=20260721-143454] omnivoice.generator.graph.rebuild_ms 4.380602
[TIMING ts=20260721-143454] omnivoice.session.decode_ms 10.291599
[TIMING ts=20260721-143454] omnivoice.decoder.graph.rebuilt 1
[TIMING ts=20260721-143454] omnivoice.decoder.graph.rebuild_ms 0.750448
[TIMING ts=20260721-143454] omnivoice.session.postprocess_ms 4.638546
[TIMING ts=20260721-143454] session.wall_ms 290.959785
request_index=9
request_id=line_10
[TIMING] request.line_10.wall_ms 291.045
audio_out=./outputs/batch_infer/audiocpp_omnivoice_clone_batch_q8_0_step8/line_10.wav
  Completed at: 14:34:54
  Output dir: ./outputs/batch_infer/audiocpp_omnivoice_clone_batch_q8_0_step8

[17/32] weight_type=f16 | steps=16 -> ./outputs/batch_infer/audiocpp_omnivoice_clone_batch_f16_step16
  Started at: 14:34:54
[TRACE ts=20260721-143454] runtime.model.family omnivoice
[TRACE ts=20260721-143454] runtime.model.variant omnivoice
[TRACE ts=20260721-143454] runtime.model.root /home/ipt/kawshik/tts-testing/audio.cpp/models/OmniVoice
[TRACE ts=20260721-143454] runtime.model.discovered_config_count 6
[TRACE ts=20260721-143454] runtime.model.discovered_weight_count 2
[TRACE ts=20260721-143454] runtime.model.task_count 1
[TRACE ts=20260721-143454] runtime.model.language_count 1
[TRACE ts=20260721-143454] runtime.model.supports_speaker_reference 1
[TRACE ts=20260721-143454] runtime.model.supports_style_condition 1
[TRACE ts=20260721-143454] runtime.model.supports_timestamps 0
ggml_cuda_init: found 1 CUDA devices (Total VRAM: 24111 MiB):
  Device 0: NVIDIA GeForce RTX 4090, compute capability 8.9, VMM: yes, VRAM: 24111 MiB
ggml_backend_cuda_graph_compute: CUDA graph warmup complete
family=omnivoice
task=tts
mode=offline
[TIMING ts=20260721-143458] omnivoice.reference.encode_ms 1.707748
[TIMING ts=20260721-143458] omnivoice.encoder.graph.rebuilt 1
[TIMING ts=20260721-143458] omnivoice.session.prompt_ms 2.780275
[TIMING ts=20260721-143458] omnivoice.session.generate_ms 537.17484
[TIMING ts=20260721-143458] omnivoice.generator.graph.rebuilt 1
[TIMING ts=20260721-143458] omnivoice.generator.graph.rebuild_ms 3.039664
[TIMING ts=20260721-143458] omnivoice.session.decode_ms 39.692283
[TIMING ts=20260721-143458] omnivoice.decoder.graph.rebuilt 1
[TIMING ts=20260721-143458] omnivoice.decoder.graph.rebuild_ms 1.45732
[TIMING ts=20260721-143458] omnivoice.session.postprocess_ms 5.569234
[TIMING ts=20260721-143458] session.wall_ms 587.149697
ggml_backend_cuda_graph_compute: CUDA graph warmup complete
request_index=0
request_id=line_1
[TIMING] request.line_1.wall_ms 587.268
audio_out=./outputs/batch_infer/audiocpp_omnivoice_clone_batch_f16_step16/line_1.wav
[TIMING ts=20260721-143458] omnivoice.reference.encode_ms 1.702481
[TIMING ts=20260721-143458] omnivoice.encoder.graph.rebuilt 1
[TIMING ts=20260721-143458] omnivoice.session.prompt_ms 0.522097
[TIMING ts=20260721-143458] omnivoice.session.generate_ms 548.880795
[TIMING ts=20260721-143458] omnivoice.generator.graph.rebuilt 1
[TIMING ts=20260721-143458] omnivoice.generator.graph.rebuild_ms 4.632754
[TIMING ts=20260721-143458] omnivoice.session.decode_ms 13.695861
[TIMING ts=20260721-143458] omnivoice.decoder.graph.rebuilt 1
[TIMING ts=20260721-143458] omnivoice.decoder.graph.rebuild_ms 3.27878
[TIMING ts=20260721-143458] omnivoice.session.postprocess_ms 4.956321
[TIMING ts=20260721-143458] session.wall_ms 569.903993
ggml_backend_cuda_graph_compute: CUDA graph warmup complete
request_index=1
request_id=line_2
[TIMING] request.line_2.wall_ms 570.005
audio_out=./outputs/batch_infer/audiocpp_omnivoice_clone_batch_f16_step16/line_2.wav
[TIMING ts=20260721-143459] omnivoice.reference.encode_ms 1.565967
[TIMING ts=20260721-143459] omnivoice.encoder.graph.rebuilt 1
[TIMING ts=20260721-143459] omnivoice.session.prompt_ms 1.114779
[TIMING ts=20260721-143459] omnivoice.session.generate_ms 537.831544
[TIMING ts=20260721-143459] omnivoice.generator.graph.rebuilt 1
[TIMING ts=20260721-143459] omnivoice.generator.graph.rebuild_ms 6.329993
[TIMING ts=20260721-143459] omnivoice.session.decode_ms 10.271841
[TIMING ts=20260721-143459] omnivoice.decoder.graph.rebuilt 1
[TIMING ts=20260721-143459] omnivoice.decoder.graph.rebuild_ms 0.86114
[TIMING ts=20260721-143459] omnivoice.session.postprocess_ms 4.873351
[TIMING ts=20260721-143459] session.wall_ms 556.204318
ggml_backend_cuda_graph_compute: CUDA graph warmup complete
request_index=2
request_id=line_3
[TIMING] request.line_3.wall_ms 556.287
audio_out=./outputs/batch_infer/audiocpp_omnivoice_clone_batch_f16_step16/line_3.wav
[TIMING ts=20260721-143459] omnivoice.reference.encode_ms 1.344904
[TIMING ts=20260721-143459] omnivoice.encoder.graph.rebuilt 1
[TIMING ts=20260721-143459] omnivoice.session.prompt_ms 0.443291
[TIMING ts=20260721-143459] omnivoice.session.generate_ms 535.767809
[TIMING ts=20260721-143459] omnivoice.generator.graph.rebuilt 1
[TIMING ts=20260721-143459] omnivoice.generator.graph.rebuild_ms 4.292784
[TIMING ts=20260721-143459] omnivoice.session.decode_ms 10.519901
[TIMING ts=20260721-143459] omnivoice.decoder.graph.rebuilt 1
[TIMING ts=20260721-143459] omnivoice.decoder.graph.rebuild_ms 0.902663
[TIMING ts=20260721-143459] omnivoice.session.postprocess_ms 5.155193
[TIMING ts=20260721-143459] session.wall_ms 553.681663
ggml_backend_cuda_graph_compute: CUDA graph warmup complete
request_index=3
request_id=line_4
[TIMING] request.line_4.wall_ms 553.78
audio_out=./outputs/batch_infer/audiocpp_omnivoice_clone_batch_f16_step16/line_4.wav
[TIMING ts=20260721-143500] omnivoice.reference.encode_ms 1.542646
[TIMING ts=20260721-143500] omnivoice.encoder.graph.rebuilt 1
[TIMING ts=20260721-143500] omnivoice.session.prompt_ms 0.525354
[TIMING ts=20260721-143500] omnivoice.session.generate_ms 532.014313
[TIMING ts=20260721-143500] omnivoice.generator.graph.rebuilt 1
[TIMING ts=20260721-143500] omnivoice.generator.graph.rebuild_ms 8.809332
[TIMING ts=20260721-143500] omnivoice.session.decode_ms 10.204953
[TIMING ts=20260721-143500] omnivoice.decoder.graph.rebuilt 1
[TIMING ts=20260721-143500] omnivoice.decoder.graph.rebuild_ms 0.782634
[TIMING ts=20260721-143500] omnivoice.session.postprocess_ms 5.046128
[TIMING ts=20260721-143500] session.wall_ms 549.60814
ggml_backend_cuda_graph_compute: CUDA graph warmup complete
request_index=4
request_id=line_5
[TIMING] request.line_5.wall_ms 549.699
audio_out=./outputs/batch_infer/audiocpp_omnivoice_clone_batch_f16_step16/line_5.wav
[TIMING ts=20260721-143500] omnivoice.reference.encode_ms 1.525046
[TIMING ts=20260721-143500] omnivoice.encoder.graph.rebuilt 1
[TIMING ts=20260721-143500] omnivoice.session.prompt_ms 0.438977
[TIMING ts=20260721-143500] omnivoice.session.generate_ms 527.504874
[TIMING ts=20260721-143500] omnivoice.generator.graph.rebuilt 1
[TIMING ts=20260721-143500] omnivoice.generator.graph.rebuild_ms 4.385702
[TIMING ts=20260721-143500] omnivoice.session.decode_ms 8.742457
[TIMING ts=20260721-143500] omnivoice.decoder.graph.rebuilt 1
[TIMING ts=20260721-143500] omnivoice.decoder.graph.rebuild_ms 0.745529
[TIMING ts=20260721-143500] omnivoice.session.postprocess_ms 4.52598
[TIMING ts=20260721-143500] session.wall_ms 543.261265
ggml_backend_cuda_graph_compute: CUDA graph warmup complete
request_index=5
request_id=line_6
[TIMING] request.line_6.wall_ms 543.367
audio_out=./outputs/batch_infer/audiocpp_omnivoice_clone_batch_f16_step16/line_6.wav
[TIMING ts=20260721-143501] omnivoice.reference.encode_ms 1.322018
[TIMING ts=20260721-143501] omnivoice.encoder.graph.rebuilt 1
[TIMING ts=20260721-143501] omnivoice.session.prompt_ms 0.406745
[TIMING ts=20260721-143501] omnivoice.session.generate_ms 544.078065
[TIMING ts=20260721-143501] omnivoice.generator.graph.rebuilt 1
[TIMING ts=20260721-143501] omnivoice.generator.graph.rebuild_ms 4.357027
[TIMING ts=20260721-143501] omnivoice.session.decode_ms 10.000297
[TIMING ts=20260721-143501] omnivoice.decoder.graph.rebuilt 1
[TIMING ts=20260721-143501] omnivoice.decoder.graph.rebuild_ms 0.882834
[TIMING ts=20260721-143501] omnivoice.session.postprocess_ms 4.889007
[TIMING ts=20260721-143501] session.wall_ms 561.180207
ggml_backend_cuda_graph_compute: CUDA graph warmup complete
request_index=6
request_id=line_7
[TIMING] request.line_7.wall_ms 561.276
audio_out=./outputs/batch_infer/audiocpp_omnivoice_clone_batch_f16_step16/line_7.wav
[TIMING ts=20260721-143501] omnivoice.reference.encode_ms 1.535177
[TIMING ts=20260721-143501] omnivoice.encoder.graph.rebuilt 1
[TIMING ts=20260721-143501] omnivoice.session.prompt_ms 0.474274
[TIMING ts=20260721-143501] omnivoice.session.generate_ms 500.839815
[TIMING ts=20260721-143501] omnivoice.generator.graph.rebuilt 0
[TIMING ts=20260721-143501] omnivoice.generator.graph.rebuild_ms 0
[TIMING ts=20260721-143501] omnivoice.session.decode_ms 19.215327
[TIMING ts=20260721-143501] omnivoice.decoder.graph.rebuilt 0
[TIMING ts=20260721-143501] omnivoice.decoder.graph.rebuild_ms 0
[TIMING ts=20260721-143501] omnivoice.session.postprocess_ms 5.788411
[TIMING ts=20260721-143501] session.wall_ms 528.318307
ggml_backend_cuda_graph_compute: CUDA graph warmup complete
request_index=7
request_id=line_8
[TIMING] request.line_8.wall_ms 528.419
audio_out=./outputs/batch_infer/audiocpp_omnivoice_clone_batch_f16_step16/line_8.wav
[TIMING ts=20260721-143502] omnivoice.reference.encode_ms 1.728374
[TIMING ts=20260721-143502] omnivoice.encoder.graph.rebuilt 1
[TIMING ts=20260721-143502] omnivoice.session.prompt_ms 0.483962
[TIMING ts=20260721-143502] omnivoice.session.generate_ms 504.208882
[TIMING ts=20260721-143502] omnivoice.generator.graph.rebuilt 1
[TIMING ts=20260721-143502] omnivoice.generator.graph.rebuild_ms 4.356039
[TIMING ts=20260721-143502] omnivoice.session.decode_ms 10.287538
[TIMING ts=20260721-143502] omnivoice.decoder.graph.rebuilt 1
[TIMING ts=20260721-143502] omnivoice.decoder.graph.rebuild_ms 1.519091
[TIMING ts=20260721-143502] omnivoice.session.postprocess_ms 4.682597
[TIMING ts=20260721-143502] session.wall_ms 521.909796
ggml_backend_cuda_graph_compute: CUDA graph warmup complete
request_index=8
request_id=line_9
[TIMING] request.line_9.wall_ms 521.996
audio_out=./outputs/batch_infer/audiocpp_omnivoice_clone_batch_f16_step16/line_9.wav
[TIMING ts=20260721-143502] omnivoice.reference.encode_ms 1.50866
[TIMING ts=20260721-143502] omnivoice.encoder.graph.rebuilt 1
[TIMING ts=20260721-143502] omnivoice.session.prompt_ms 0.463825
[TIMING ts=20260721-143502] omnivoice.session.generate_ms 522.984511
[TIMING ts=20260721-143502] omnivoice.generator.graph.rebuilt 1
[TIMING ts=20260721-143502] omnivoice.generator.graph.rebuild_ms 4.376359
[TIMING ts=20260721-143502] omnivoice.session.decode_ms 9.95845
[TIMING ts=20260721-143502] omnivoice.decoder.graph.rebuilt 1
[TIMING ts=20260721-143502] omnivoice.decoder.graph.rebuild_ms 1.065215
[TIMING ts=20260721-143502] omnivoice.session.postprocess_ms 4.570012
[TIMING ts=20260721-143502] session.wall_ms 539.921049
request_index=9
request_id=line_10
[TIMING] request.line_10.wall_ms 540.037
audio_out=./outputs/batch_infer/audiocpp_omnivoice_clone_batch_f16_step16/line_10.wav
  Completed at: 14:35:03
  Output dir: ./outputs/batch_infer/audiocpp_omnivoice_clone_batch_f16_step16

[18/32] weight_type=f32 | steps=16 -> ./outputs/batch_infer/audiocpp_omnivoice_clone_batch_f32_step16
  Started at: 14:35:03
[TRACE ts=20260721-143503] runtime.model.family omnivoice
[TRACE ts=20260721-143503] runtime.model.variant omnivoice
[TRACE ts=20260721-143503] runtime.model.root /home/ipt/kawshik/tts-testing/audio.cpp/models/OmniVoice
[TRACE ts=20260721-143503] runtime.model.discovered_config_count 6
[TRACE ts=20260721-143503] runtime.model.discovered_weight_count 2
[TRACE ts=20260721-143503] runtime.model.task_count 1
[TRACE ts=20260721-143503] runtime.model.language_count 1
[TRACE ts=20260721-143503] runtime.model.supports_speaker_reference 1
[TRACE ts=20260721-143503] runtime.model.supports_style_condition 1
[TRACE ts=20260721-143503] runtime.model.supports_timestamps 0
ggml_cuda_init: found 1 CUDA devices (Total VRAM: 24111 MiB):
  Device 0: NVIDIA GeForce RTX 4090, compute capability 8.9, VMM: yes, VRAM: 24111 MiB
ggml_backend_cuda_graph_compute: CUDA graph warmup complete
family=omnivoice
task=tts
mode=offline
[TIMING ts=20260721-143506] omnivoice.reference.encode_ms 3.42968
[TIMING ts=20260721-143506] omnivoice.encoder.graph.rebuilt 1
[TIMING ts=20260721-143506] omnivoice.session.prompt_ms 8.256973
[TIMING ts=20260721-143506] omnivoice.session.generate_ms 506.631224
[TIMING ts=20260721-143506] omnivoice.generator.graph.rebuilt 1
[TIMING ts=20260721-143506] omnivoice.generator.graph.rebuild_ms 5.140053
[TIMING ts=20260721-143506] omnivoice.session.decode_ms 39.751078
[TIMING ts=20260721-143506] omnivoice.decoder.graph.rebuilt 1
[TIMING ts=20260721-143506] omnivoice.decoder.graph.rebuild_ms 1.603569
[TIMING ts=20260721-143506] omnivoice.session.postprocess_ms 5.566025
[TIMING ts=20260721-143506] session.wall_ms 563.944711
ggml_backend_cuda_graph_compute: CUDA graph warmup complete
request_index=0
request_id=line_1
[TIMING] request.line_1.wall_ms 564.098
audio_out=./outputs/batch_infer/audiocpp_omnivoice_clone_batch_f32_step16/line_1.wav
[TIMING ts=20260721-143507] omnivoice.reference.encode_ms 1.696087
[TIMING ts=20260721-143507] omnivoice.encoder.graph.rebuilt 1
[TIMING ts=20260721-143507] omnivoice.session.prompt_ms 0.646785
[TIMING ts=20260721-143507] omnivoice.session.generate_ms 516.365928
[TIMING ts=20260721-143507] omnivoice.generator.graph.rebuilt 1
[TIMING ts=20260721-143507] omnivoice.generator.graph.rebuild_ms 5.218629
[TIMING ts=20260721-143507] omnivoice.session.decode_ms 12.369639
[TIMING ts=20260721-143507] omnivoice.decoder.graph.rebuilt 1
[TIMING ts=20260721-143507] omnivoice.decoder.graph.rebuild_ms 3.101554
[TIMING ts=20260721-143507] omnivoice.session.postprocess_ms 6.356689
[TIMING ts=20260721-143507] session.wall_ms 537.624949
ggml_backend_cuda_graph_compute: CUDA graph warmup complete
request_index=1
request_id=line_2
[TIMING] request.line_2.wall_ms 537.732
audio_out=./outputs/batch_infer/audiocpp_omnivoice_clone_batch_f32_step16/line_2.wav
[TIMING ts=20260721-143507] omnivoice.reference.encode_ms 1.697192
[TIMING ts=20260721-143507] omnivoice.encoder.graph.rebuilt 1
[TIMING ts=20260721-143507] omnivoice.session.prompt_ms 3.356557
[TIMING ts=20260721-143507] omnivoice.session.generate_ms 496.049171
[TIMING ts=20260721-143507] omnivoice.generator.graph.rebuilt 1
[TIMING ts=20260721-143507] omnivoice.generator.graph.rebuild_ms 7.199785
[TIMING ts=20260721-143507] omnivoice.session.decode_ms 9.603008
[TIMING ts=20260721-143507] omnivoice.decoder.graph.rebuilt 1
[TIMING ts=20260721-143507] omnivoice.decoder.graph.rebuild_ms 0.909054
[TIMING ts=20260721-143507] omnivoice.session.postprocess_ms 5.567199
[TIMING ts=20260721-143507] session.wall_ms 516.854231
ggml_backend_cuda_graph_compute: CUDA graph warmup complete
request_index=2
request_id=line_3
[TIMING] request.line_3.wall_ms 516.962
audio_out=./outputs/batch_infer/audiocpp_omnivoice_clone_batch_f32_step16/line_3.wav
[TIMING ts=20260721-143508] omnivoice.reference.encode_ms 1.696475
[TIMING ts=20260721-143508] omnivoice.encoder.graph.rebuilt 1
[TIMING ts=20260721-143508] omnivoice.session.prompt_ms 0.520346
[TIMING ts=20260721-143508] omnivoice.session.generate_ms 498.72642
[TIMING ts=20260721-143508] omnivoice.generator.graph.rebuilt 1
[TIMING ts=20260721-143508] omnivoice.generator.graph.rebuild_ms 4.735403
[TIMING ts=20260721-143508] omnivoice.session.decode_ms 9.083922
[TIMING ts=20260721-143508] omnivoice.decoder.graph.rebuilt 1
[TIMING ts=20260721-143508] omnivoice.decoder.graph.rebuild_ms 0.929753
[TIMING ts=20260721-143508] omnivoice.session.postprocess_ms 4.766315
[TIMING ts=20260721-143508] session.wall_ms 515.379535
ggml_backend_cuda_graph_compute: CUDA graph warmup complete
request_index=3
request_id=line_4
[TIMING] request.line_4.wall_ms 515.477
audio_out=./outputs/batch_infer/audiocpp_omnivoice_clone_batch_f32_step16/line_4.wav
[TIMING ts=20260721-143508] omnivoice.reference.encode_ms 1.500904
[TIMING ts=20260721-143508] omnivoice.encoder.graph.rebuilt 1
[TIMING ts=20260721-143508] omnivoice.session.prompt_ms 0.469727
[TIMING ts=20260721-143508] omnivoice.session.generate_ms 486.59074
[TIMING ts=20260721-143508] omnivoice.generator.graph.rebuilt 1
[TIMING ts=20260721-143508] omnivoice.generator.graph.rebuild_ms 4.356277
[TIMING ts=20260721-143508] omnivoice.session.decode_ms 8.784972
[TIMING ts=20260721-143508] omnivoice.decoder.graph.rebuilt 1
[TIMING ts=20260721-143508] omnivoice.decoder.graph.rebuild_ms 0.727922
[TIMING ts=20260721-143508] omnivoice.session.postprocess_ms 4.752178
[TIMING ts=20260721-143508] session.wall_ms 502.569207
ggml_backend_cuda_graph_compute: CUDA graph warmup complete
request_index=4
request_id=line_5
[TIMING] request.line_5.wall_ms 502.687
audio_out=./outputs/batch_infer/audiocpp_omnivoice_clone_batch_f32_step16/line_5.wav
[TIMING ts=20260721-143509] omnivoice.reference.encode_ms 1.519578
[TIMING ts=20260721-143509] omnivoice.encoder.graph.rebuilt 1
[TIMING ts=20260721-143509] omnivoice.session.prompt_ms 0.449823
[TIMING ts=20260721-143509] omnivoice.session.generate_ms 459.888225
[TIMING ts=20260721-143509] omnivoice.generator.graph.rebuilt 1
[TIMING ts=20260721-143509] omnivoice.generator.graph.rebuild_ms 4.437009
[TIMING ts=20260721-143509] omnivoice.session.decode_ms 6.652693
[TIMING ts=20260721-143509] omnivoice.decoder.graph.rebuilt 1
[TIMING ts=20260721-143509] omnivoice.decoder.graph.rebuild_ms 0.876768
[TIMING ts=20260721-143509] omnivoice.session.postprocess_ms 5.339522
[TIMING ts=20260721-143509] session.wall_ms 474.389694
ggml_backend_cuda_graph_compute: CUDA graph warmup complete
request_index=5
request_id=line_6
[TIMING] request.line_6.wall_ms 474.522
audio_out=./outputs/batch_infer/audiocpp_omnivoice_clone_batch_f32_step16/line_6.wav
[TIMING ts=20260721-143509] omnivoice.reference.encode_ms 1.694744
[TIMING ts=20260721-143509] omnivoice.encoder.graph.rebuilt 1
[TIMING ts=20260721-143509] omnivoice.session.prompt_ms 0.491208
[TIMING ts=20260721-143509] omnivoice.session.generate_ms 522.62473
[TIMING ts=20260721-143509] omnivoice.generator.graph.rebuilt 1
[TIMING ts=20260721-143509] omnivoice.generator.graph.rebuild_ms 4.920303
[TIMING ts=20260721-143509] omnivoice.session.decode_ms 10.44229
[TIMING ts=20260721-143509] omnivoice.decoder.graph.rebuilt 1
[TIMING ts=20260721-143509] omnivoice.decoder.graph.rebuild_ms 0.944297
[TIMING ts=20260721-143509] omnivoice.session.postprocess_ms 5.044489
[TIMING ts=20260721-143509] session.wall_ms 540.889864
ggml_backend_cuda_graph_compute: CUDA graph warmup complete
request_index=6
request_id=line_7
[TIMING] request.line_7.wall_ms 540.986
audio_out=./outputs/batch_infer/audiocpp_omnivoice_clone_batch_f32_step16/line_7.wav
[TIMING ts=20260721-143510] omnivoice.reference.encode_ms 1.370202
[TIMING ts=20260721-143510] omnivoice.encoder.graph.rebuilt 1
[TIMING ts=20260721-143510] omnivoice.session.prompt_ms 1.053389
[TIMING ts=20260721-143510] omnivoice.session.generate_ms 490.657975
[TIMING ts=20260721-143510] omnivoice.generator.graph.rebuilt 0
[TIMING ts=20260721-143510] omnivoice.generator.graph.rebuild_ms 0
[TIMING ts=20260721-143510] omnivoice.session.decode_ms 26.944207
[TIMING ts=20260721-143510] omnivoice.decoder.graph.rebuilt 0
[TIMING ts=20260721-143510] omnivoice.decoder.graph.rebuild_ms 0
[TIMING ts=20260721-143510] omnivoice.session.postprocess_ms 6.007428
[TIMING ts=20260721-143510] session.wall_ms 526.584558
ggml_backend_cuda_graph_compute: CUDA graph warmup complete
request_index=7
request_id=line_8
[TIMING] request.line_8.wall_ms 526.666
audio_out=./outputs/batch_infer/audiocpp_omnivoice_clone_batch_f32_step16/line_8.wav
[TIMING ts=20260721-143510] omnivoice.reference.encode_ms 1.403268
[TIMING ts=20260721-143510] omnivoice.encoder.graph.rebuilt 1
[TIMING ts=20260721-143510] omnivoice.session.prompt_ms 0.442457
[TIMING ts=20260721-143510] omnivoice.session.generate_ms 495.236632
[TIMING ts=20260721-143510] omnivoice.generator.graph.rebuilt 1
[TIMING ts=20260721-143510] omnivoice.generator.graph.rebuild_ms 6.385493
[TIMING ts=20260721-143510] omnivoice.session.decode_ms 10.37707
[TIMING ts=20260721-143510] omnivoice.decoder.graph.rebuilt 1
[TIMING ts=20260721-143510] omnivoice.decoder.graph.rebuild_ms 1.635816
[TIMING ts=20260721-143510] omnivoice.session.postprocess_ms 4.770909
[TIMING ts=20260721-143510] session.wall_ms 512.719867
ggml_backend_cuda_graph_compute: CUDA graph warmup complete
request_index=8
request_id=line_9
[TIMING] request.line_9.wall_ms 512.812
audio_out=./outputs/batch_infer/audiocpp_omnivoice_clone_batch_f32_step16/line_9.wav
[TIMING ts=20260721-143511] omnivoice.reference.encode_ms 1.499329
[TIMING ts=20260721-143511] omnivoice.encoder.graph.rebuilt 1
[TIMING ts=20260721-143511] omnivoice.session.prompt_ms 0.521864
[TIMING ts=20260721-143511] omnivoice.session.generate_ms 480.682574
[TIMING ts=20260721-143511] omnivoice.generator.graph.rebuilt 1
[TIMING ts=20260721-143511] omnivoice.generator.graph.rebuild_ms 4.301592
[TIMING ts=20260721-143511] omnivoice.session.decode_ms 8.576859
[TIMING ts=20260721-143511] omnivoice.decoder.graph.rebuilt 1
[TIMING ts=20260721-143511] omnivoice.decoder.graph.rebuild_ms 0.814491
[TIMING ts=20260721-143511] omnivoice.session.postprocess_ms 4.661879
[TIMING ts=20260721-143511] session.wall_ms 496.504164
request_index=9
request_id=line_10
[TIMING] request.line_10.wall_ms 496.597
audio_out=./outputs/batch_infer/audiocpp_omnivoice_clone_batch_f32_step16/line_10.wav
  Completed at: 14:35:11
  Output dir: ./outputs/batch_infer/audiocpp_omnivoice_clone_batch_f32_step16

[19/32] weight_type=bf16 | steps=16 -> ./outputs/batch_infer/audiocpp_omnivoice_clone_batch_bf16_step16
  Started at: 14:35:11
[TRACE ts=20260721-143511] runtime.model.family omnivoice
[TRACE ts=20260721-143511] runtime.model.variant omnivoice
[TRACE ts=20260721-143511] runtime.model.root /home/ipt/kawshik/tts-testing/audio.cpp/models/OmniVoice
[TRACE ts=20260721-143511] runtime.model.discovered_config_count 6
[TRACE ts=20260721-143511] runtime.model.discovered_weight_count 2
[TRACE ts=20260721-143511] runtime.model.task_count 1
[TRACE ts=20260721-143511] runtime.model.language_count 1
[TRACE ts=20260721-143511] runtime.model.supports_speaker_reference 1
[TRACE ts=20260721-143511] runtime.model.supports_style_condition 1
[TRACE ts=20260721-143511] runtime.model.supports_timestamps 0
ggml_cuda_init: found 1 CUDA devices (Total VRAM: 24111 MiB):
  Device 0: NVIDIA GeForce RTX 4090, compute capability 8.9, VMM: yes, VRAM: 24111 MiB
ggml_backend_cuda_graph_compute: CUDA graph warmup complete
family=omnivoice
task=tts
mode=offline
[TIMING ts=20260721-143514] omnivoice.reference.encode_ms 1.884306
[TIMING ts=20260721-143514] omnivoice.encoder.graph.rebuilt 1
[TIMING ts=20260721-143514] omnivoice.session.prompt_ms 3.116106
[TIMING ts=20260721-143514] omnivoice.session.generate_ms 526.064223
[TIMING ts=20260721-143514] omnivoice.generator.graph.rebuilt 1
[TIMING ts=20260721-143514] omnivoice.generator.graph.rebuild_ms 3.239106
[TIMING ts=20260721-143514] omnivoice.session.decode_ms 43.481501
[TIMING ts=20260721-143514] omnivoice.decoder.graph.rebuilt 1
[TIMING ts=20260721-143514] omnivoice.decoder.graph.rebuild_ms 1.538022
[TIMING ts=20260721-143514] omnivoice.session.postprocess_ms 6.395599
[TIMING ts=20260721-143514] session.wall_ms 581.166751
ggml_backend_cuda_graph_compute: CUDA graph warmup complete
request_index=0
request_id=line_1
[TIMING] request.line_1.wall_ms 581.3
audio_out=./outputs/batch_infer/audiocpp_omnivoice_clone_batch_bf16_step16/line_1.wav
[TIMING ts=20260721-143515] omnivoice.reference.encode_ms 1.740978
[TIMING ts=20260721-143515] omnivoice.encoder.graph.rebuilt 1
[TIMING ts=20260721-143515] omnivoice.session.prompt_ms 1.236294
[TIMING ts=20260721-143515] omnivoice.session.generate_ms 575.4865
[TIMING ts=20260721-143515] omnivoice.generator.graph.rebuilt 1
[TIMING ts=20260721-143515] omnivoice.generator.graph.rebuild_ms 7.273828
[TIMING ts=20260721-143515] omnivoice.session.decode_ms 11.000427
[TIMING ts=20260721-143515] omnivoice.decoder.graph.rebuilt 1
[TIMING ts=20260721-143515] omnivoice.decoder.graph.rebuild_ms 2.772312
[TIMING ts=20260721-143515] omnivoice.session.postprocess_ms 4.870595
[TIMING ts=20260721-143515] session.wall_ms 594.885211
ggml_backend_cuda_graph_compute: CUDA graph warmup complete
request_index=1
request_id=line_2
[TIMING] request.line_2.wall_ms 594.98
audio_out=./outputs/batch_infer/audiocpp_omnivoice_clone_batch_bf16_step16/line_2.wav
[TIMING ts=20260721-143516] omnivoice.reference.encode_ms 1.455105
[TIMING ts=20260721-143516] omnivoice.encoder.graph.rebuilt 1
[TIMING ts=20260721-143516] omnivoice.session.prompt_ms 0.443446
[TIMING ts=20260721-143516] omnivoice.session.generate_ms 535.423516
[TIMING ts=20260721-143516] omnivoice.generator.graph.rebuilt 1
[TIMING ts=20260721-143516] omnivoice.generator.graph.rebuild_ms 4.339005
[TIMING ts=20260721-143516] omnivoice.session.decode_ms 9.959576
[TIMING ts=20260721-143516] omnivoice.decoder.graph.rebuilt 1
[TIMING ts=20260721-143516] omnivoice.decoder.graph.rebuild_ms 0.895058
[TIMING ts=20260721-143516] omnivoice.session.postprocess_ms 5.528316
[TIMING ts=20260721-143516] session.wall_ms 553.25577
ggml_backend_cuda_graph_compute: CUDA graph warmup complete
request_index=2
request_id=line_3
[TIMING] request.line_3.wall_ms 553.354
audio_out=./outputs/batch_infer/audiocpp_omnivoice_clone_batch_bf16_step16/line_3.wav
[TIMING ts=20260721-143516] omnivoice.reference.encode_ms 1.694646
[TIMING ts=20260721-143516] omnivoice.encoder.graph.rebuilt 1
[TIMING ts=20260721-143516] omnivoice.session.prompt_ms 0.50099
[TIMING ts=20260721-143516] omnivoice.session.generate_ms 534.902617
[TIMING ts=20260721-143516] omnivoice.generator.graph.rebuilt 1
[TIMING ts=20260721-143516] omnivoice.generator.graph.rebuild_ms 4.585778
[TIMING ts=20260721-143516] omnivoice.session.decode_ms 9.281879
[TIMING ts=20260721-143516] omnivoice.decoder.graph.rebuilt 1
[TIMING ts=20260721-143516] omnivoice.decoder.graph.rebuild_ms 0.834759
[TIMING ts=20260721-143516] omnivoice.session.postprocess_ms 5.062233
[TIMING ts=20260721-143516] session.wall_ms 552.035549
ggml_backend_cuda_graph_compute: CUDA graph warmup complete
request_index=3
request_id=line_4
[TIMING] request.line_4.wall_ms 552.131
audio_out=./outputs/batch_infer/audiocpp_omnivoice_clone_batch_bf16_step16/line_4.wav
[TIMING ts=20260721-143517] omnivoice.reference.encode_ms 1.536028
[TIMING ts=20260721-143517] omnivoice.encoder.graph.rebuilt 1
[TIMING ts=20260721-143517] omnivoice.session.prompt_ms 0.459364
[TIMING ts=20260721-143517] omnivoice.session.generate_ms 525.217039
[TIMING ts=20260721-143517] omnivoice.generator.graph.rebuilt 1
[TIMING ts=20260721-143517] omnivoice.generator.graph.rebuild_ms 4.377308
[TIMING ts=20260721-143517] omnivoice.session.decode_ms 10.210138
[TIMING ts=20260721-143517] omnivoice.decoder.graph.rebuilt 1
[TIMING ts=20260721-143517] omnivoice.decoder.graph.rebuild_ms 0.75881
[TIMING ts=20260721-143517] omnivoice.session.postprocess_ms 5.009278
[TIMING ts=20260721-143517] session.wall_ms 542.937099
ggml_backend_cuda_graph_compute: CUDA graph warmup complete
request_index=4
request_id=line_5
[TIMING] request.line_5.wall_ms 543.052
audio_out=./outputs/batch_infer/audiocpp_omnivoice_clone_batch_bf16_step16/line_5.wav
[TIMING ts=20260721-143517] omnivoice.reference.encode_ms 1.483709
[TIMING ts=20260721-143517] omnivoice.encoder.graph.rebuilt 1
[TIMING ts=20260721-143517] omnivoice.session.prompt_ms 0.444646
[TIMING ts=20260721-143517] omnivoice.session.generate_ms 532.853779
[TIMING ts=20260721-143517] omnivoice.generator.graph.rebuilt 1
[TIMING ts=20260721-143517] omnivoice.generator.graph.rebuild_ms 4.479148
[TIMING ts=20260721-143517] omnivoice.session.decode_ms 10.253104
[TIMING ts=20260721-143517] omnivoice.decoder.graph.rebuilt 1
[TIMING ts=20260721-143517] omnivoice.decoder.graph.rebuild_ms 1.055898
[TIMING ts=20260721-143517] omnivoice.session.postprocess_ms 5.088937
[TIMING ts=20260721-143517] session.wall_ms 550.668103
ggml_backend_cuda_graph_compute: CUDA graph warmup complete
request_index=5
request_id=line_6
[TIMING] request.line_6.wall_ms 550.792
audio_out=./outputs/batch_infer/audiocpp_omnivoice_clone_batch_bf16_step16/line_6.wav
[TIMING ts=20260721-143518] omnivoice.reference.encode_ms 1.520702
[TIMING ts=20260721-143518] omnivoice.encoder.graph.rebuilt 1
[TIMING ts=20260721-143518] omnivoice.session.prompt_ms 1.114407
[TIMING ts=20260721-143518] omnivoice.session.generate_ms 526.718405
[TIMING ts=20260721-143518] omnivoice.generator.graph.rebuilt 1
[TIMING ts=20260721-143518] omnivoice.generator.graph.rebuild_ms 6.607796
[TIMING ts=20260721-143518] omnivoice.session.decode_ms 10.064316
[TIMING ts=20260721-143518] omnivoice.decoder.graph.rebuilt 1
[TIMING ts=20260721-143518] omnivoice.decoder.graph.rebuild_ms 0.830721
[TIMING ts=20260721-143518] omnivoice.session.postprocess_ms 4.72284
[TIMING ts=20260721-143518] session.wall_ms 544.6869
ggml_backend_cuda_graph_compute: CUDA graph warmup complete
request_index=6
request_id=line_7
[TIMING] request.line_7.wall_ms 544.794
audio_out=./outputs/batch_infer/audiocpp_omnivoice_clone_batch_bf16_step16/line_7.wav
[TIMING ts=20260721-143518] omnivoice.reference.encode_ms 1.350584
[TIMING ts=20260721-143518] omnivoice.encoder.graph.rebuilt 1
[TIMING ts=20260721-143518] omnivoice.session.prompt_ms 0.441071
[TIMING ts=20260721-143518] omnivoice.session.generate_ms 520.024255
[TIMING ts=20260721-143518] omnivoice.generator.graph.rebuilt 0
[TIMING ts=20260721-143518] omnivoice.generator.graph.rebuild_ms 0
[TIMING ts=20260721-143518] omnivoice.session.decode_ms 21.231956
[TIMING ts=20260721-143518] omnivoice.decoder.graph.rebuilt 0
[TIMING ts=20260721-143518] omnivoice.decoder.graph.rebuild_ms 0
[TIMING ts=20260721-143518] omnivoice.session.postprocess_ms 5.063597
[TIMING ts=20260721-143518] session.wall_ms 548.595854
ggml_backend_cuda_graph_compute: CUDA graph warmup complete
request_index=7
request_id=line_8
[TIMING] request.line_8.wall_ms 548.704
audio_out=./outputs/batch_infer/audiocpp_omnivoice_clone_batch_bf16_step16/line_8.wav
[TIMING ts=20260721-143519] omnivoice.reference.encode_ms 1.433213
[TIMING ts=20260721-143519] omnivoice.encoder.graph.rebuilt 1
[TIMING ts=20260721-143519] omnivoice.session.prompt_ms 0.496069
[TIMING ts=20260721-143519] omnivoice.session.generate_ms 534.238526
[TIMING ts=20260721-143519] omnivoice.generator.graph.rebuilt 1
[TIMING ts=20260721-143519] omnivoice.generator.graph.rebuild_ms 4.453828
[TIMING ts=20260721-143519] omnivoice.session.decode_ms 9.445375
[TIMING ts=20260721-143519] omnivoice.decoder.graph.rebuilt 1
[TIMING ts=20260721-143519] omnivoice.decoder.graph.rebuild_ms 1.606055
[TIMING ts=20260721-143519] omnivoice.session.postprocess_ms 4.652375
[TIMING ts=20260721-143519] session.wall_ms 550.762526
ggml_backend_cuda_graph_compute: CUDA graph warmup complete
request_index=8
request_id=line_9
[TIMING] request.line_9.wall_ms 550.849
audio_out=./outputs/batch_infer/audiocpp_omnivoice_clone_batch_bf16_step16/line_9.wav
[TIMING ts=20260721-143519] omnivoice.reference.encode_ms 1.526242
[TIMING ts=20260721-143519] omnivoice.encoder.graph.rebuilt 1
[TIMING ts=20260721-143519] omnivoice.session.prompt_ms 0.524171
[TIMING ts=20260721-143519] omnivoice.session.generate_ms 484.582458
[TIMING ts=20260721-143519] omnivoice.generator.graph.rebuilt 1
[TIMING ts=20260721-143519] omnivoice.generator.graph.rebuild_ms 4.327168
[TIMING ts=20260721-143519] omnivoice.session.decode_ms 8.586347
[TIMING ts=20260721-143519] omnivoice.decoder.graph.rebuilt 1
[TIMING ts=20260721-143519] omnivoice.decoder.graph.rebuild_ms 0.734316
[TIMING ts=20260721-143519] omnivoice.session.postprocess_ms 4.283451
[TIMING ts=20260721-143519] session.wall_ms 500.064805
request_index=9
request_id=line_10
[TIMING] request.line_10.wall_ms 500.172
audio_out=./outputs/batch_infer/audiocpp_omnivoice_clone_batch_bf16_step16/line_10.wav
  Completed at: 14:35:20
  Output dir: ./outputs/batch_infer/audiocpp_omnivoice_clone_batch_bf16_step16

[20/32] weight_type=q8_0 | steps=16 -> ./outputs/batch_infer/audiocpp_omnivoice_clone_batch_q8_0_step16
  Started at: 14:35:20
[TRACE ts=20260721-143520] runtime.model.family omnivoice
[TRACE ts=20260721-143520] runtime.model.variant omnivoice
[TRACE ts=20260721-143520] runtime.model.root /home/ipt/kawshik/tts-testing/audio.cpp/models/OmniVoice
[TRACE ts=20260721-143520] runtime.model.discovered_config_count 6
[TRACE ts=20260721-143520] runtime.model.discovered_weight_count 2
[TRACE ts=20260721-143520] runtime.model.task_count 1
[TRACE ts=20260721-143520] runtime.model.language_count 1
[TRACE ts=20260721-143520] runtime.model.supports_speaker_reference 1
[TRACE ts=20260721-143520] runtime.model.supports_style_condition 1
[TRACE ts=20260721-143520] runtime.model.supports_timestamps 0
ggml_cuda_init: found 1 CUDA devices (Total VRAM: 24111 MiB):
  Device 0: NVIDIA GeForce RTX 4090, compute capability 8.9, VMM: yes, VRAM: 24111 MiB
ggml_backend_cuda_graph_compute: CUDA graph warmup complete
family=omnivoice
task=tts
mode=offline
[TIMING ts=20260721-143524] omnivoice.reference.encode_ms 1.724298
[TIMING ts=20260721-143524] omnivoice.encoder.graph.rebuilt 1
[TIMING ts=20260721-143524] omnivoice.session.prompt_ms 2.904232
[TIMING ts=20260721-143524] omnivoice.session.generate_ms 539.865573
[TIMING ts=20260721-143524] omnivoice.generator.graph.rebuilt 1
[TIMING ts=20260721-143524] omnivoice.generator.graph.rebuild_ms 2.938226
[TIMING ts=20260721-143524] omnivoice.session.decode_ms 35.464761
[TIMING ts=20260721-143524] omnivoice.decoder.graph.rebuilt 1
[TIMING ts=20260721-143524] omnivoice.decoder.graph.rebuild_ms 1.413017
[TIMING ts=20260721-143524] omnivoice.session.postprocess_ms 4.812509
[TIMING ts=20260721-143524] session.wall_ms 585.003704
ggml_backend_cuda_graph_compute: CUDA graph warmup complete
request_index=0
request_id=line_1
[TIMING] request.line_1.wall_ms 585.129
audio_out=./outputs/batch_infer/audiocpp_omnivoice_clone_batch_q8_0_step16/line_1.wav
[TIMING ts=20260721-143524] omnivoice.reference.encode_ms 1.485589
[TIMING ts=20260721-143524] omnivoice.encoder.graph.rebuilt 1
[TIMING ts=20260721-143524] omnivoice.session.prompt_ms 0.504539
[TIMING ts=20260721-143524] omnivoice.session.generate_ms 530.732568
[TIMING ts=20260721-143524] omnivoice.generator.graph.rebuilt 1
[TIMING ts=20260721-143524] omnivoice.generator.graph.rebuild_ms 4.34771
[TIMING ts=20260721-143524] omnivoice.session.decode_ms 12.17642
[TIMING ts=20260721-143524] omnivoice.decoder.graph.rebuilt 1
[TIMING ts=20260721-143524] omnivoice.decoder.graph.rebuild_ms 2.938555
[TIMING ts=20260721-143524] omnivoice.session.postprocess_ms 4.948789
[TIMING ts=20260721-143524] session.wall_ms 549.992834
ggml_backend_cuda_graph_compute: CUDA graph warmup complete
request_index=1
request_id=line_2
[TIMING] request.line_2.wall_ms 550.092
audio_out=./outputs/batch_infer/audiocpp_omnivoice_clone_batch_q8_0_step16/line_2.wav
[TIMING ts=20260721-143525] omnivoice.reference.encode_ms 1.503188
[TIMING ts=20260721-143525] omnivoice.encoder.graph.rebuilt 1
[TIMING ts=20260721-143525] omnivoice.session.prompt_ms 0.434179
[TIMING ts=20260721-143525] omnivoice.session.generate_ms 498.502572
[TIMING ts=20260721-143525] omnivoice.generator.graph.rebuilt 1
[TIMING ts=20260721-143525] omnivoice.generator.graph.rebuild_ms 4.164487
[TIMING ts=20260721-143525] omnivoice.session.decode_ms 9.385282
[TIMING ts=20260721-143525] omnivoice.decoder.graph.rebuilt 1
[TIMING ts=20260721-143525] omnivoice.decoder.graph.rebuild_ms 0.770559
[TIMING ts=20260721-143525] omnivoice.session.postprocess_ms 4.794695
[TIMING ts=20260721-143525] session.wall_ms 514.764552
ggml_backend_cuda_graph_compute: CUDA graph warmup complete
request_index=2
request_id=line_3
[TIMING] request.line_3.wall_ms 514.859
audio_out=./outputs/batch_infer/audiocpp_omnivoice_clone_batch_q8_0_step16/line_3.wav
[TIMING ts=20260721-143525] omnivoice.reference.encode_ms 1.442232
[TIMING ts=20260721-143525] omnivoice.encoder.graph.rebuilt 1
[TIMING ts=20260721-143525] omnivoice.session.prompt_ms 0.452738
[TIMING ts=20260721-143525] omnivoice.session.generate_ms 534.44431
[TIMING ts=20260721-143525] omnivoice.generator.graph.rebuilt 1
[TIMING ts=20260721-143525] omnivoice.generator.graph.rebuild_ms 4.16202
[TIMING ts=20260721-143525] omnivoice.session.decode_ms 12.195477
[TIMING ts=20260721-143525] omnivoice.decoder.graph.rebuilt 1
[TIMING ts=20260721-143525] omnivoice.decoder.graph.rebuild_ms 1.48311
[TIMING ts=20260721-143525] omnivoice.session.postprocess_ms 6.402393
[TIMING ts=20260721-143525] session.wall_ms 555.070969
ggml_backend_cuda_graph_compute: CUDA graph warmup complete
request_index=3
request_id=line_4
[TIMING] request.line_4.wall_ms 555.223
audio_out=./outputs/batch_infer/audiocpp_omnivoice_clone_batch_q8_0_step16/line_4.wav
[TIMING ts=20260721-143526] omnivoice.reference.encode_ms 1.919888
[TIMING ts=20260721-143526] omnivoice.encoder.graph.rebuilt 1
[TIMING ts=20260721-143526] omnivoice.session.prompt_ms 1.580725
[TIMING ts=20260721-143526] omnivoice.session.generate_ms 518.845699
[TIMING ts=20260721-143526] omnivoice.generator.graph.rebuilt 1
[TIMING ts=20260721-143526] omnivoice.generator.graph.rebuild_ms 8.53496
[TIMING ts=20260721-143526] omnivoice.session.decode_ms 9.103236
[TIMING ts=20260721-143526] omnivoice.decoder.graph.rebuilt 1
[TIMING ts=20260721-143526] omnivoice.decoder.graph.rebuild_ms 0.743609
[TIMING ts=20260721-143526] omnivoice.session.postprocess_ms 5.103591
[TIMING ts=20260721-143526] session.wall_ms 537.084323
ggml_backend_cuda_graph_compute: CUDA graph warmup complete
request_index=4
request_id=line_5
[TIMING] request.line_5.wall_ms 537.188
audio_out=./outputs/batch_infer/audiocpp_omnivoice_clone_batch_q8_0_step16/line_5.wav
[TIMING ts=20260721-143526] omnivoice.reference.encode_ms 1.540678
[TIMING ts=20260721-143526] omnivoice.encoder.graph.rebuilt 1
[TIMING ts=20260721-143526] omnivoice.session.prompt_ms 0.44932
[TIMING ts=20260721-143526] omnivoice.session.generate_ms 509.957984
[TIMING ts=20260721-143526] omnivoice.generator.graph.rebuilt 1
[TIMING ts=20260721-143526] omnivoice.generator.graph.rebuild_ms 4.363642
[TIMING ts=20260721-143526] omnivoice.session.decode_ms 9.535595
[TIMING ts=20260721-143526] omnivoice.decoder.graph.rebuilt 1
[TIMING ts=20260721-143526] omnivoice.decoder.graph.rebuild_ms 0.834565
[TIMING ts=20260721-143526] omnivoice.session.postprocess_ms 4.604959
[TIMING ts=20260721-143526] session.wall_ms 526.775017
ggml_backend_cuda_graph_compute: CUDA graph warmup complete
request_index=5
request_id=line_6
[TIMING] request.line_6.wall_ms 526.868
audio_out=./outputs/batch_infer/audiocpp_omnivoice_clone_batch_q8_0_step16/line_6.wav
[TIMING ts=20260721-143527] omnivoice.reference.encode_ms 1.462645
[TIMING ts=20260721-143527] omnivoice.encoder.graph.rebuilt 1
[TIMING ts=20260721-143527] omnivoice.session.prompt_ms 0.397238
[TIMING ts=20260721-143527] omnivoice.session.generate_ms 519.006534
[TIMING ts=20260721-143527] omnivoice.generator.graph.rebuilt 1
[TIMING ts=20260721-143527] omnivoice.generator.graph.rebuild_ms 4.324844
[TIMING ts=20260721-143527] omnivoice.session.decode_ms 9.24777
[TIMING ts=20260721-143527] omnivoice.decoder.graph.rebuilt 1
[TIMING ts=20260721-143527] omnivoice.decoder.graph.rebuild_ms 0.792743
[TIMING ts=20260721-143527] omnivoice.session.postprocess_ms 4.83232
[TIMING ts=20260721-143527] session.wall_ms 535.458889
ggml_backend_cuda_graph_compute: CUDA graph warmup complete
request_index=6
request_id=line_7
[TIMING] request.line_7.wall_ms 535.557
audio_out=./outputs/batch_infer/audiocpp_omnivoice_clone_batch_q8_0_step16/line_7.wav
[TIMING ts=20260721-143527] omnivoice.reference.encode_ms 1.393294
[TIMING ts=20260721-143527] omnivoice.encoder.graph.rebuilt 1
[TIMING ts=20260721-143527] omnivoice.session.prompt_ms 0.467054
[TIMING ts=20260721-143527] omnivoice.session.generate_ms 510.011675
[TIMING ts=20260721-143527] omnivoice.generator.graph.rebuilt 0
[TIMING ts=20260721-143527] omnivoice.generator.graph.rebuild_ms 0
[TIMING ts=20260721-143527] omnivoice.session.decode_ms 19.223116
[TIMING ts=20260721-143527] omnivoice.decoder.graph.rebuilt 0
[TIMING ts=20260721-143527] omnivoice.decoder.graph.rebuild_ms 0
[TIMING ts=20260721-143527] omnivoice.session.postprocess_ms 5.34289
[TIMING ts=20260721-143527] session.wall_ms 536.908118
ggml_backend_cuda_graph_compute: CUDA graph warmup complete
request_index=7
request_id=line_8
[TIMING] request.line_8.wall_ms 537.005
audio_out=./outputs/batch_infer/audiocpp_omnivoice_clone_batch_q8_0_step16/line_8.wav
[TIMING ts=20260721-143528] omnivoice.reference.encode_ms 1.564059
[TIMING ts=20260721-143528] omnivoice.encoder.graph.rebuilt 1
[TIMING ts=20260721-143528] omnivoice.session.prompt_ms 0.459921
[TIMING ts=20260721-143528] omnivoice.session.generate_ms 507.08126
[TIMING ts=20260721-143528] omnivoice.generator.graph.rebuilt 1
[TIMING ts=20260721-143528] omnivoice.generator.graph.rebuild_ms 4.238173
[TIMING ts=20260721-143528] omnivoice.session.decode_ms 9.798234
[TIMING ts=20260721-143528] omnivoice.decoder.graph.rebuilt 1
[TIMING ts=20260721-143528] omnivoice.decoder.graph.rebuild_ms 1.631331
[TIMING ts=20260721-143528] omnivoice.session.postprocess_ms 4.758239
[TIMING ts=20260721-143528] session.wall_ms 524.169808
ggml_backend_cuda_graph_compute: CUDA graph warmup complete
request_index=8
request_id=line_9
[TIMING] request.line_9.wall_ms 524.274
audio_out=./outputs/batch_infer/audiocpp_omnivoice_clone_batch_q8_0_step16/line_9.wav
[TIMING ts=20260721-143528] omnivoice.reference.encode_ms 1.48198
[TIMING ts=20260721-143528] omnivoice.encoder.graph.rebuilt 1
[TIMING ts=20260721-143528] omnivoice.session.prompt_ms 0.476761
[TIMING ts=20260721-143528] omnivoice.session.generate_ms 494.81432
[TIMING ts=20260721-143528] omnivoice.generator.graph.rebuilt 1
[TIMING ts=20260721-143528] omnivoice.generator.graph.rebuild_ms 4.260812
[TIMING ts=20260721-143528] omnivoice.session.decode_ms 8.526699
[TIMING ts=20260721-143528] omnivoice.decoder.graph.rebuilt 1
[TIMING ts=20260721-143528] omnivoice.decoder.graph.rebuild_ms 0.857595
[TIMING ts=20260721-143528] omnivoice.session.postprocess_ms 5.169845
[TIMING ts=20260721-143528] session.wall_ms 511.084852
request_index=9
request_id=line_10
[TIMING] request.line_10.wall_ms 511.183
audio_out=./outputs/batch_infer/audiocpp_omnivoice_clone_batch_q8_0_step16/line_10.wav
  Completed at: 14:35:29
  Output dir: ./outputs/batch_infer/audiocpp_omnivoice_clone_batch_q8_0_step16

[21/32] weight_type=f16 | steps=32 -> ./outputs/batch_infer/audiocpp_omnivoice_clone_batch_f16_step32
  Started at: 14:35:29
[TRACE ts=20260721-143529] runtime.model.family omnivoice
[TRACE ts=20260721-143529] runtime.model.variant omnivoice
[TRACE ts=20260721-143529] runtime.model.root /home/ipt/kawshik/tts-testing/audio.cpp/models/OmniVoice
[TRACE ts=20260721-143529] runtime.model.discovered_config_count 6
[TRACE ts=20260721-143529] runtime.model.discovered_weight_count 2
[TRACE ts=20260721-143529] runtime.model.task_count 1
[TRACE ts=20260721-143529] runtime.model.language_count 1
[TRACE ts=20260721-143529] runtime.model.supports_speaker_reference 1
[TRACE ts=20260721-143529] runtime.model.supports_style_condition 1
[TRACE ts=20260721-143529] runtime.model.supports_timestamps 0
ggml_cuda_init: found 1 CUDA devices (Total VRAM: 24111 MiB):
  Device 0: NVIDIA GeForce RTX 4090, compute capability 8.9, VMM: yes, VRAM: 24111 MiB
ggml_backend_cuda_graph_compute: CUDA graph warmup complete
family=omnivoice
task=tts
mode=offline
[TIMING ts=20260721-143532] omnivoice.reference.encode_ms 1.693952
[TIMING ts=20260721-143532] omnivoice.encoder.graph.rebuilt 1
[TIMING ts=20260721-143532] omnivoice.session.prompt_ms 2.82725
[TIMING ts=20260721-143532] omnivoice.session.generate_ms 983.117785
[TIMING ts=20260721-143532] omnivoice.generator.graph.rebuilt 1
[TIMING ts=20260721-143532] omnivoice.generator.graph.rebuild_ms 2.934941
[TIMING ts=20260721-143532] omnivoice.session.decode_ms 37.307148
[TIMING ts=20260721-143532] omnivoice.decoder.graph.rebuilt 1
[TIMING ts=20260721-143532] omnivoice.decoder.graph.rebuild_ms 1.469921
[TIMING ts=20260721-143532] omnivoice.session.postprocess_ms 4.985257
[TIMING ts=20260721-143532] session.wall_ms 1030.153004
ggml_backend_cuda_graph_compute: CUDA graph warmup complete
request_index=0
request_id=line_1
[TIMING] request.line_1.wall_ms 1030.26
audio_out=./outputs/batch_infer/audiocpp_omnivoice_clone_batch_f16_step32/line_1.wav
[TIMING ts=20260721-143533] omnivoice.reference.encode_ms 1.517305
[TIMING ts=20260721-143533] omnivoice.encoder.graph.rebuilt 1
[TIMING ts=20260721-143533] omnivoice.session.prompt_ms 0.511626
[TIMING ts=20260721-143533] omnivoice.session.generate_ms 1004.581939
[TIMING ts=20260721-143533] omnivoice.generator.graph.rebuilt 1
[TIMING ts=20260721-143533] omnivoice.generator.graph.rebuild_ms 4.593861
[TIMING ts=20260721-143533] omnivoice.session.decode_ms 11.69993
[TIMING ts=20260721-143533] omnivoice.decoder.graph.rebuilt 1
[TIMING ts=20260721-143533] omnivoice.decoder.graph.rebuild_ms 2.930825
[TIMING ts=20260721-143533] omnivoice.session.postprocess_ms 6.011478
[TIMING ts=20260721-143533] session.wall_ms 1024.459064
ggml_backend_cuda_graph_compute: CUDA graph warmup complete
request_index=1
request_id=line_2
[TIMING] request.line_2.wall_ms 1024.57
audio_out=./outputs/batch_infer/audiocpp_omnivoice_clone_batch_f16_step32/line_2.wav
[TIMING ts=20260721-143534] omnivoice.reference.encode_ms 1.705145
[TIMING ts=20260721-143534] omnivoice.encoder.graph.rebuilt 1
[TIMING ts=20260721-143534] omnivoice.session.prompt_ms 1.212225
[TIMING ts=20260721-143534] omnivoice.session.generate_ms 882.320488
[TIMING ts=20260721-143534] omnivoice.generator.graph.rebuilt 1
[TIMING ts=20260721-143534] omnivoice.generator.graph.rebuild_ms 7.050131
[TIMING ts=20260721-143534] omnivoice.session.decode_ms 6.404495
[TIMING ts=20260721-143534] omnivoice.decoder.graph.rebuilt 1
[TIMING ts=20260721-143534] omnivoice.decoder.graph.rebuild_ms 0.867529
[TIMING ts=20260721-143534] omnivoice.session.postprocess_ms 5.540922
[TIMING ts=20260721-143534] session.wall_ms 897.739386
ggml_backend_cuda_graph_compute: CUDA graph warmup complete
request_index=2
request_id=line_3
[TIMING] request.line_3.wall_ms 897.838
audio_out=./outputs/batch_infer/audiocpp_omnivoice_clone_batch_f16_step32/line_3.wav
[TIMING ts=20260721-143535] omnivoice.reference.encode_ms 1.72073
[TIMING ts=20260721-143535] omnivoice.encoder.graph.rebuilt 1
[TIMING ts=20260721-143535] omnivoice.session.prompt_ms 0.500845
[TIMING ts=20260721-143535] omnivoice.session.generate_ms 1014.152299
[TIMING ts=20260721-143535] omnivoice.generator.graph.rebuilt 1
[TIMING ts=20260721-143535] omnivoice.generator.graph.rebuild_ms 5.232848
[TIMING ts=20260721-143535] omnivoice.session.decode_ms 9.071826
[TIMING ts=20260721-143535] omnivoice.decoder.graph.rebuilt 1
[TIMING ts=20260721-143535] omnivoice.decoder.graph.rebuild_ms 0.876856
[TIMING ts=20260721-143535] omnivoice.session.postprocess_ms 5.154318
[TIMING ts=20260721-143535] session.wall_ms 1031.146899
ggml_backend_cuda_graph_compute: CUDA graph warmup complete
request_index=3
request_id=line_4
[TIMING] request.line_4.wall_ms 1031.25
audio_out=./outputs/batch_infer/audiocpp_omnivoice_clone_batch_f16_step32/line_4.wav
[TIMING ts=20260721-143536] omnivoice.reference.encode_ms 1.500006
[TIMING ts=20260721-143536] omnivoice.encoder.graph.rebuilt 1
[TIMING ts=20260721-143536] omnivoice.session.prompt_ms 0.448632
[TIMING ts=20260721-143536] omnivoice.session.generate_ms 922.500327
[TIMING ts=20260721-143536] omnivoice.generator.graph.rebuilt 1
[TIMING ts=20260721-143536] omnivoice.generator.graph.rebuild_ms 11.005618
[TIMING ts=20260721-143536] omnivoice.session.decode_ms 9.896989
[TIMING ts=20260721-143536] omnivoice.decoder.graph.rebuilt 1
[TIMING ts=20260721-143536] omnivoice.decoder.graph.rebuild_ms 1.426681
[TIMING ts=20260721-143536] omnivoice.session.postprocess_ms 10.773235
[TIMING ts=20260721-143536] session.wall_ms 945.704638
ggml_backend_cuda_graph_compute: CUDA graph warmup complete
request_index=4
request_id=line_5
[TIMING] request.line_5.wall_ms 945.862
audio_out=./outputs/batch_infer/audiocpp_omnivoice_clone_batch_f16_step32/line_5.wav
[TIMING ts=20260721-143537] omnivoice.reference.encode_ms 3.138756
[TIMING ts=20260721-143537] omnivoice.encoder.graph.rebuilt 1
[TIMING ts=20260721-143537] omnivoice.session.prompt_ms 0.687002
[TIMING ts=20260721-143537] omnivoice.session.generate_ms 956.717489
[TIMING ts=20260721-143537] omnivoice.generator.graph.rebuilt 1
[TIMING ts=20260721-143537] omnivoice.generator.graph.rebuild_ms 5.885332
[TIMING ts=20260721-143537] omnivoice.session.decode_ms 7.714844
[TIMING ts=20260721-143537] omnivoice.decoder.graph.rebuilt 1
[TIMING ts=20260721-143537] omnivoice.decoder.graph.rebuild_ms 0.815395
[TIMING ts=20260721-143537] omnivoice.session.postprocess_ms 4.511757
[TIMING ts=20260721-143537] session.wall_ms 973.743028
ggml_backend_cuda_graph_compute: CUDA graph warmup complete
request_index=5
request_id=line_6
[TIMING] request.line_6.wall_ms 973.844
audio_out=./outputs/batch_infer/audiocpp_omnivoice_clone_batch_f16_step32/line_6.wav
[TIMING ts=20260721-143538] omnivoice.reference.encode_ms 1.473158
[TIMING ts=20260721-143538] omnivoice.encoder.graph.rebuilt 1
[TIMING ts=20260721-143538] omnivoice.session.prompt_ms 0.41771
[TIMING ts=20260721-143538] omnivoice.session.generate_ms 981.732971
[TIMING ts=20260721-143538] omnivoice.generator.graph.rebuilt 1
[TIMING ts=20260721-143538] omnivoice.generator.graph.rebuild_ms 4.172573
[TIMING ts=20260721-143538] omnivoice.session.decode_ms 9.923421
[TIMING ts=20260721-143538] omnivoice.decoder.graph.rebuilt 1
[TIMING ts=20260721-143538] omnivoice.decoder.graph.rebuild_ms 1.165363
[TIMING ts=20260721-143538] omnivoice.session.postprocess_ms 5.857505
[TIMING ts=20260721-143538] session.wall_ms 999.981393
ggml_backend_cuda_graph_compute: CUDA graph warmup complete
request_index=6
request_id=line_7
[TIMING] request.line_7.wall_ms 1000.09
audio_out=./outputs/batch_infer/audiocpp_omnivoice_clone_batch_f16_step32/line_7.wav
[TIMING ts=20260721-143539] omnivoice.reference.encode_ms 1.706466
[TIMING ts=20260721-143539] omnivoice.encoder.graph.rebuilt 1
[TIMING ts=20260721-143539] omnivoice.session.prompt_ms 1.290141
[TIMING ts=20260721-143539] omnivoice.session.generate_ms 984.654425
[TIMING ts=20260721-143539] omnivoice.generator.graph.rebuilt 0
[TIMING ts=20260721-143539] omnivoice.generator.graph.rebuild_ms 0
[TIMING ts=20260721-143539] omnivoice.session.decode_ms 28.303937
[TIMING ts=20260721-143539] omnivoice.decoder.graph.rebuilt 0
[TIMING ts=20260721-143539] omnivoice.decoder.graph.rebuild_ms 0
[TIMING ts=20260721-143539] omnivoice.session.postprocess_ms 5.747307
[TIMING ts=20260721-143539] session.wall_ms 1022.264183
ggml_backend_cuda_graph_compute: CUDA graph warmup complete
request_index=7
request_id=line_8
[TIMING] request.line_8.wall_ms 1022.35
audio_out=./outputs/batch_infer/audiocpp_omnivoice_clone_batch_f16_step32/line_8.wav
[TIMING ts=20260721-143540] omnivoice.reference.encode_ms 1.527206
[TIMING ts=20260721-143540] omnivoice.encoder.graph.rebuilt 1
[TIMING ts=20260721-143540] omnivoice.session.prompt_ms 0.447358
[TIMING ts=20260721-143540] omnivoice.session.generate_ms 1001.117824
[TIMING ts=20260721-143540] omnivoice.generator.graph.rebuilt 1
[TIMING ts=20260721-143540] omnivoice.generator.graph.rebuild_ms 6.095999
[TIMING ts=20260721-143540] omnivoice.session.decode_ms 10.716234
[TIMING ts=20260721-143540] omnivoice.decoder.graph.rebuilt 1
[TIMING ts=20260721-143540] omnivoice.decoder.graph.rebuild_ms 2.287587
[TIMING ts=20260721-143540] omnivoice.session.postprocess_ms 5.925068
[TIMING ts=20260721-143540] session.wall_ms 1020.214682
ggml_backend_cuda_graph_compute: CUDA graph warmup complete
request_index=8
request_id=line_9
[TIMING] request.line_9.wall_ms 1020.32
audio_out=./outputs/batch_infer/audiocpp_omnivoice_clone_batch_f16_step32/line_9.wav
[TIMING ts=20260721-143541] omnivoice.reference.encode_ms 1.721922
[TIMING ts=20260721-143541] omnivoice.encoder.graph.rebuilt 1
[TIMING ts=20260721-143541] omnivoice.session.prompt_ms 0.540602
[TIMING ts=20260721-143541] omnivoice.session.generate_ms 946.576656
[TIMING ts=20260721-143541] omnivoice.generator.graph.rebuilt 1
[TIMING ts=20260721-143541] omnivoice.generator.graph.rebuild_ms 4.524952
[TIMING ts=20260721-143541] omnivoice.session.decode_ms 8.340112
[TIMING ts=20260721-143541] omnivoice.decoder.graph.rebuilt 1
[TIMING ts=20260721-143541] omnivoice.decoder.graph.rebuild_ms 0.892893
[TIMING ts=20260721-143541] omnivoice.session.postprocess_ms 5.205991
[TIMING ts=20260721-143541] session.wall_ms 963.050097
request_index=9
request_id=line_10
[TIMING] request.line_10.wall_ms 963.162
audio_out=./outputs/batch_infer/audiocpp_omnivoice_clone_batch_f16_step32/line_10.wav
  Completed at: 14:35:42
  Output dir: ./outputs/batch_infer/audiocpp_omnivoice_clone_batch_f16_step32

[22/32] weight_type=f32 | steps=32 -> ./outputs/batch_infer/audiocpp_omnivoice_clone_batch_f32_step32
  Started at: 14:35:42
[TRACE ts=20260721-143542] runtime.model.family omnivoice
[TRACE ts=20260721-143542] runtime.model.variant omnivoice
[TRACE ts=20260721-143542] runtime.model.root /home/ipt/kawshik/tts-testing/audio.cpp/models/OmniVoice
[TRACE ts=20260721-143542] runtime.model.discovered_config_count 6
[TRACE ts=20260721-143542] runtime.model.discovered_weight_count 2
[TRACE ts=20260721-143542] runtime.model.task_count 1
[TRACE ts=20260721-143542] runtime.model.language_count 1
[TRACE ts=20260721-143542] runtime.model.supports_speaker_reference 1
[TRACE ts=20260721-143542] runtime.model.supports_style_condition 1
[TRACE ts=20260721-143542] runtime.model.supports_timestamps 0
ggml_cuda_init: found 1 CUDA devices (Total VRAM: 24111 MiB):
  Device 0: NVIDIA GeForce RTX 4090, compute capability 8.9, VMM: yes, VRAM: 24111 MiB
ggml_backend_cuda_graph_compute: CUDA graph warmup complete
family=omnivoice
task=tts
mode=offline
[TIMING ts=20260721-143545] omnivoice.reference.encode_ms 1.365125
[TIMING ts=20260721-143545] omnivoice.encoder.graph.rebuilt 1
[TIMING ts=20260721-143545] omnivoice.session.prompt_ms 2.276638
[TIMING ts=20260721-143545] omnivoice.session.generate_ms 972.653361
[TIMING ts=20260721-143545] omnivoice.generator.graph.rebuilt 1
[TIMING ts=20260721-143545] omnivoice.generator.graph.rebuild_ms 2.570922
[TIMING ts=20260721-143545] omnivoice.session.decode_ms 48.431441
[TIMING ts=20260721-143545] omnivoice.decoder.graph.rebuilt 1
[TIMING ts=20260721-143545] omnivoice.decoder.graph.rebuild_ms 1.57358
[TIMING ts=20260721-143545] omnivoice.session.postprocess_ms 6.046519
[TIMING ts=20260721-143545] session.wall_ms 1030.982383
ggml_backend_cuda_graph_compute: CUDA graph warmup complete
request_index=0
request_id=line_1
[TIMING] request.line_1.wall_ms 1031.1
audio_out=./outputs/batch_infer/audiocpp_omnivoice_clone_batch_f32_step32/line_1.wav
[TIMING ts=20260721-143547] omnivoice.reference.encode_ms 1.721217
[TIMING ts=20260721-143547] omnivoice.encoder.graph.rebuilt 1
[TIMING ts=20260721-143547] omnivoice.session.prompt_ms 1.203658
[TIMING ts=20260721-143547] omnivoice.session.generate_ms 1004.699412
[TIMING ts=20260721-143547] omnivoice.generator.graph.rebuilt 1
[TIMING ts=20260721-143547] omnivoice.generator.graph.rebuild_ms 6.994419
[TIMING ts=20260721-143547] omnivoice.session.decode_ms 11.649138
[TIMING ts=20260721-143547] omnivoice.decoder.graph.rebuilt 1
[TIMING ts=20260721-143547] omnivoice.decoder.graph.rebuild_ms 2.421904
[TIMING ts=20260721-143547] omnivoice.session.postprocess_ms 5.257347
[TIMING ts=20260721-143547] session.wall_ms 1025.079552
ggml_backend_cuda_graph_compute: CUDA graph warmup complete
request_index=1
request_id=line_2
[TIMING] request.line_2.wall_ms 1025.17
audio_out=./outputs/batch_infer/audiocpp_omnivoice_clone_batch_f32_step32/line_2.wav
[TIMING ts=20260721-143548] omnivoice.reference.encode_ms 1.536261
[TIMING ts=20260721-143548] omnivoice.encoder.graph.rebuilt 1
[TIMING ts=20260721-143548] omnivoice.session.prompt_ms 0.469059
[TIMING ts=20260721-143548] omnivoice.session.generate_ms 981.093978
[TIMING ts=20260721-143548] omnivoice.generator.graph.rebuilt 1
[TIMING ts=20260721-143548] omnivoice.generator.graph.rebuild_ms 4.363917
[TIMING ts=20260721-143548] omnivoice.session.decode_ms 8.809852
[TIMING ts=20260721-143548] omnivoice.decoder.graph.rebuilt 1
[TIMING ts=20260721-143548] omnivoice.decoder.graph.rebuild_ms 0.80896
[TIMING ts=20260721-143548] omnivoice.session.postprocess_ms 4.955453
[TIMING ts=20260721-143548] session.wall_ms 997.378785
ggml_backend_cuda_graph_compute: CUDA graph warmup complete
request_index=2
request_id=line_3
[TIMING] request.line_3.wall_ms 997.476
audio_out=./outputs/batch_infer/audiocpp_omnivoice_clone_batch_f32_step32/line_3.wav
[TIMING ts=20260721-143548] omnivoice.reference.encode_ms 1.542654
[TIMING ts=20260721-143548] omnivoice.encoder.graph.rebuilt 1
[TIMING ts=20260721-143548] omnivoice.session.prompt_ms 0.463563
[TIMING ts=20260721-143548] omnivoice.session.generate_ms 958.999198
[TIMING ts=20260721-143548] omnivoice.generator.graph.rebuilt 1
[TIMING ts=20260721-143548] omnivoice.generator.graph.rebuild_ms 4.327474
[TIMING ts=20260721-143548] omnivoice.session.decode_ms 8.310408
[TIMING ts=20260721-143548] omnivoice.decoder.graph.rebuilt 1
[TIMING ts=20260721-143548] omnivoice.decoder.graph.rebuild_ms 0.935908
[TIMING ts=20260721-143548] omnivoice.session.postprocess_ms 5.735902
[TIMING ts=20260721-143548] session.wall_ms 975.547688
ggml_backend_cuda_graph_compute: CUDA graph warmup complete
request_index=3
request_id=line_4
[TIMING] request.line_4.wall_ms 975.647
audio_out=./outputs/batch_infer/audiocpp_omnivoice_clone_batch_f32_step32/line_4.wav
[TIMING ts=20260721-143549] omnivoice.reference.encode_ms 1.695104
[TIMING ts=20260721-143549] omnivoice.encoder.graph.rebuilt 1
[TIMING ts=20260721-143549] omnivoice.session.prompt_ms 0.507229
[TIMING ts=20260721-143549] omnivoice.session.generate_ms 925.702863
[TIMING ts=20260721-143549] omnivoice.generator.graph.rebuilt 1
[TIMING ts=20260721-143549] omnivoice.generator.graph.rebuild_ms 4.781167
[TIMING ts=20260721-143549] omnivoice.session.decode_ms 9.252442
[TIMING ts=20260721-143549] omnivoice.decoder.graph.rebuilt 1
[TIMING ts=20260721-143549] omnivoice.decoder.graph.rebuild_ms 0.837406
[TIMING ts=20260721-143549] omnivoice.session.postprocess_ms 4.797514
[TIMING ts=20260721-143549] session.wall_ms 942.535219
ggml_backend_cuda_graph_compute: CUDA graph warmup complete
request_index=4
request_id=line_5
[TIMING] request.line_5.wall_ms 942.636
audio_out=./outputs/batch_infer/audiocpp_omnivoice_clone_batch_f32_step32/line_5.wav
[TIMING ts=20260721-143550] omnivoice.reference.encode_ms 1.524319
[TIMING ts=20260721-143550] omnivoice.encoder.graph.rebuilt 1
[TIMING ts=20260721-143550] omnivoice.session.prompt_ms 0.468342
[TIMING ts=20260721-143550] omnivoice.session.generate_ms 943.395202
[TIMING ts=20260721-143550] omnivoice.generator.graph.rebuilt 1
[TIMING ts=20260721-143550] omnivoice.generator.graph.rebuild_ms 4.142066
[TIMING ts=20260721-143550] omnivoice.session.decode_ms 9.444339
[TIMING ts=20260721-143550] omnivoice.decoder.graph.rebuilt 1
[TIMING ts=20260721-143550] omnivoice.decoder.graph.rebuild_ms 1.027067
[TIMING ts=20260721-143550] omnivoice.session.postprocess_ms 5.119605
[TIMING ts=20260721-143550] session.wall_ms 960.52592
ggml_backend_cuda_graph_compute: CUDA graph warmup complete
request_index=5
request_id=line_6
[TIMING] request.line_6.wall_ms 960.656
audio_out=./outputs/batch_infer/audiocpp_omnivoice_clone_batch_f32_step32/line_6.wav
[TIMING ts=20260721-143551] omnivoice.reference.encode_ms 1.50694
[TIMING ts=20260721-143551] omnivoice.encoder.graph.rebuilt 1
[TIMING ts=20260721-143551] omnivoice.session.prompt_ms 1.116823
[TIMING ts=20260721-143551] omnivoice.session.generate_ms 961.215822
[TIMING ts=20260721-143551] omnivoice.generator.graph.rebuilt 1
[TIMING ts=20260721-143551] omnivoice.generator.graph.rebuild_ms 6.553196
[TIMING ts=20260721-143551] omnivoice.session.decode_ms 9.02746
[TIMING ts=20260721-143551] omnivoice.decoder.graph.rebuilt 1
[TIMING ts=20260721-143551] omnivoice.decoder.graph.rebuild_ms 0.875532
[TIMING ts=20260721-143551] omnivoice.session.postprocess_ms 4.872972
[TIMING ts=20260721-143551] session.wall_ms 978.299534
ggml_backend_cuda_graph_compute: CUDA graph warmup complete
request_index=6
request_id=line_7
[TIMING] request.line_7.wall_ms 978.392
audio_out=./outputs/batch_infer/audiocpp_omnivoice_clone_batch_f32_step32/line_7.wav
[TIMING ts=20260721-143552] omnivoice.reference.encode_ms 1.511943
[TIMING ts=20260721-143552] omnivoice.encoder.graph.rebuilt 1
[TIMING ts=20260721-143552] omnivoice.session.prompt_ms 0.489636
[TIMING ts=20260721-143552] omnivoice.session.generate_ms 947.007688
[TIMING ts=20260721-143552] omnivoice.generator.graph.rebuilt 0
[TIMING ts=20260721-143552] omnivoice.generator.graph.rebuild_ms 0
[TIMING ts=20260721-143552] omnivoice.session.decode_ms 20.164638
[TIMING ts=20260721-143552] omnivoice.decoder.graph.rebuilt 0
[TIMING ts=20260721-143552] omnivoice.decoder.graph.rebuild_ms 0
[TIMING ts=20260721-143552] omnivoice.session.postprocess_ms 5.386548
[TIMING ts=20260721-143552] session.wall_ms 975.109622
ggml_backend_cuda_graph_compute: CUDA graph warmup complete
request_index=7
request_id=line_8
[TIMING] request.line_8.wall_ms 975.193
audio_out=./outputs/batch_infer/audiocpp_omnivoice_clone_batch_f32_step32/line_8.wav
[TIMING ts=20260721-143553] omnivoice.reference.encode_ms 1.522559
[TIMING ts=20260721-143553] omnivoice.encoder.graph.rebuilt 1
[TIMING ts=20260721-143553] omnivoice.session.prompt_ms 0.461934
[TIMING ts=20260721-143553] omnivoice.session.generate_ms 956.420247
[TIMING ts=20260721-143553] omnivoice.generator.graph.rebuilt 1
[TIMING ts=20260721-143553] omnivoice.generator.graph.rebuild_ms 4.330855
[TIMING ts=20260721-143553] omnivoice.session.decode_ms 8.584
[TIMING ts=20260721-143553] omnivoice.decoder.graph.rebuilt 1
[TIMING ts=20260721-143553] omnivoice.decoder.graph.rebuild_ms 1.411243
[TIMING ts=20260721-143553] omnivoice.session.postprocess_ms 4.154971
[TIMING ts=20260721-143553] session.wall_ms 971.64603
ggml_backend_cuda_graph_compute: CUDA graph warmup complete
request_index=8
request_id=line_9
[TIMING] request.line_9.wall_ms 971.737
audio_out=./outputs/batch_infer/audiocpp_omnivoice_clone_batch_f32_step32/line_9.wav
[TIMING ts=20260721-143554] omnivoice.reference.encode_ms 1.471631
[TIMING ts=20260721-143554] omnivoice.encoder.graph.rebuilt 1
[TIMING ts=20260721-143554] omnivoice.session.prompt_ms 0.485943
[TIMING ts=20260721-143554] omnivoice.session.generate_ms 940.570479
[TIMING ts=20260721-143554] omnivoice.generator.graph.rebuilt 1
[TIMING ts=20260721-143554] omnivoice.generator.graph.rebuild_ms 4.149392
[TIMING ts=20260721-143554] omnivoice.session.decode_ms 10.83065
[TIMING ts=20260721-143554] omnivoice.decoder.graph.rebuilt 1
[TIMING ts=20260721-143554] omnivoice.decoder.graph.rebuild_ms 1.416785
[TIMING ts=20260721-143554] omnivoice.session.postprocess_ms 9.836412
[TIMING ts=20260721-143554] session.wall_ms 963.786471
request_index=9
request_id=line_10
[TIMING] request.line_10.wall_ms 963.991
audio_out=./outputs/batch_infer/audiocpp_omnivoice_clone_batch_f32_step32/line_10.wav
  Completed at: 14:35:55
  Output dir: ./outputs/batch_infer/audiocpp_omnivoice_clone_batch_f32_step32

[23/32] weight_type=bf16 | steps=32 -> ./outputs/batch_infer/audiocpp_omnivoice_clone_batch_bf16_step32
  Started at: 14:35:55
[TRACE ts=20260721-143555] runtime.model.family omnivoice
[TRACE ts=20260721-143555] runtime.model.variant omnivoice
[TRACE ts=20260721-143555] runtime.model.root /home/ipt/kawshik/tts-testing/audio.cpp/models/OmniVoice
[TRACE ts=20260721-143555] runtime.model.discovered_config_count 6
[TRACE ts=20260721-143555] runtime.model.discovered_weight_count 2
[TRACE ts=20260721-143555] runtime.model.task_count 1
[TRACE ts=20260721-143555] runtime.model.language_count 1
[TRACE ts=20260721-143555] runtime.model.supports_speaker_reference 1
[TRACE ts=20260721-143555] runtime.model.supports_style_condition 1
[TRACE ts=20260721-143555] runtime.model.supports_timestamps 0
ggml_cuda_init: found 1 CUDA devices (Total VRAM: 24111 MiB):
  Device 0: NVIDIA GeForce RTX 4090, compute capability 8.9, VMM: yes, VRAM: 24111 MiB
ggml_backend_cuda_graph_compute: CUDA graph warmup complete
family=omnivoice
task=tts
mode=offline
[TIMING ts=20260721-143559] omnivoice.reference.encode_ms 1.975887
[TIMING ts=20260721-143559] omnivoice.encoder.graph.rebuilt 1
[TIMING ts=20260721-143559] omnivoice.session.prompt_ms 3.143107
[TIMING ts=20260721-143559] omnivoice.session.generate_ms 972.567767
[TIMING ts=20260721-143559] omnivoice.generator.graph.rebuilt 1
[TIMING ts=20260721-143559] omnivoice.generator.graph.rebuild_ms 3.252018
[TIMING ts=20260721-143559] omnivoice.session.decode_ms 42.108341
[TIMING ts=20260721-143559] omnivoice.decoder.graph.rebuilt 1
[TIMING ts=20260721-143559] omnivoice.decoder.graph.rebuild_ms 1.509159
[TIMING ts=20260721-143559] omnivoice.session.postprocess_ms 5.832201
[TIMING ts=20260721-143559] session.wall_ms 1025.862554
ggml_backend_cuda_graph_compute: CUDA graph warmup complete
request_index=0
request_id=line_1
[TIMING] request.line_1.wall_ms 1026.03
audio_out=./outputs/batch_infer/audiocpp_omnivoice_clone_batch_bf16_step32/line_1.wav
[TIMING ts=20260721-143600] omnivoice.reference.encode_ms 2.358405
[TIMING ts=20260721-143600] omnivoice.encoder.graph.rebuilt 1
[TIMING ts=20260721-143600] omnivoice.session.prompt_ms 1.603532
[TIMING ts=20260721-143600] omnivoice.session.generate_ms 964.190362
[TIMING ts=20260721-143600] omnivoice.generator.graph.rebuilt 1
[TIMING ts=20260721-143600] omnivoice.generator.graph.rebuild_ms 8.337516
[TIMING ts=20260721-143600] omnivoice.session.decode_ms 10.857368
[TIMING ts=20260721-143600] omnivoice.decoder.graph.rebuilt 1
[TIMING ts=20260721-143600] omnivoice.decoder.graph.rebuild_ms 2.434079
[TIMING ts=20260721-143600] omnivoice.session.postprocess_ms 4.818696
[TIMING ts=20260721-143600] session.wall_ms 984.414475
ggml_backend_cuda_graph_compute: CUDA graph warmup complete
request_index=1
request_id=line_2
[TIMING] request.line_2.wall_ms 984.519
audio_out=./outputs/batch_infer/audiocpp_omnivoice_clone_batch_bf16_step32/line_2.wav
[TIMING ts=20260721-143601] omnivoice.reference.encode_ms 1.525795
[TIMING ts=20260721-143601] omnivoice.encoder.graph.rebuilt 1
[TIMING ts=20260721-143601] omnivoice.session.prompt_ms 0.439214
[TIMING ts=20260721-143601] omnivoice.session.generate_ms 975.943787
[TIMING ts=20260721-143601] omnivoice.generator.graph.rebuilt 1
[TIMING ts=20260721-143601] omnivoice.generator.graph.rebuild_ms 4.140587
[TIMING ts=20260721-143601] omnivoice.session.decode_ms 9.114953
[TIMING ts=20260721-143601] omnivoice.decoder.graph.rebuilt 1
[TIMING ts=20260721-143601] omnivoice.decoder.graph.rebuild_ms 0.84522
[TIMING ts=20260721-143601] omnivoice.session.postprocess_ms 5.530684
[TIMING ts=20260721-143601] session.wall_ms 993.054543
ggml_backend_cuda_graph_compute: CUDA graph warmup complete
request_index=2
request_id=line_3
[TIMING] request.line_3.wall_ms 993.153
audio_out=./outputs/batch_infer/audiocpp_omnivoice_clone_batch_bf16_step32/line_3.wav
[TIMING ts=20260721-143602] omnivoice.reference.encode_ms 1.704158
[TIMING ts=20260721-143602] omnivoice.encoder.graph.rebuilt 1
[TIMING ts=20260721-143602] omnivoice.session.prompt_ms 0.512823
[TIMING ts=20260721-143602] omnivoice.session.generate_ms 989.390554
[TIMING ts=20260721-143602] omnivoice.generator.graph.rebuilt 1
[TIMING ts=20260721-143602] omnivoice.generator.graph.rebuild_ms 4.595386
[TIMING ts=20260721-143602] omnivoice.session.decode_ms 9.087982
[TIMING ts=20260721-143602] omnivoice.decoder.graph.rebuilt 1
[TIMING ts=20260721-143602] omnivoice.decoder.graph.rebuild_ms 0.806141
[TIMING ts=20260721-143602] omnivoice.session.postprocess_ms 4.684487
[TIMING ts=20260721-143602] session.wall_ms 1005.949391
ggml_backend_cuda_graph_compute: CUDA graph warmup complete
request_index=3
request_id=line_4
[TIMING] request.line_4.wall_ms 1006.06
audio_out=./outputs/batch_infer/audiocpp_omnivoice_clone_batch_bf16_step32/line_4.wav
[TIMING ts=20260721-143603] omnivoice.reference.encode_ms 1.474905
[TIMING ts=20260721-143603] omnivoice.encoder.graph.rebuilt 1
[TIMING ts=20260721-143603] omnivoice.session.prompt_ms 0.462293
[TIMING ts=20260721-143603] omnivoice.session.generate_ms 953.627109
[TIMING ts=20260721-143603] omnivoice.generator.graph.rebuilt 1
[TIMING ts=20260721-143603] omnivoice.generator.graph.rebuild_ms 4.288053
[TIMING ts=20260721-143603] omnivoice.session.decode_ms 10.381142
[TIMING ts=20260721-143603] omnivoice.decoder.graph.rebuilt 1
[TIMING ts=20260721-143603] omnivoice.decoder.graph.rebuild_ms 1.262844
[TIMING ts=20260721-143603] omnivoice.session.postprocess_ms 5.074525
[TIMING ts=20260721-143603] session.wall_ms 971.51804
ggml_backend_cuda_graph_compute: CUDA graph warmup complete
request_index=4
request_id=line_5
[TIMING] request.line_5.wall_ms 971.617
audio_out=./outputs/batch_infer/audiocpp_omnivoice_clone_batch_bf16_step32/line_5.wav
[TIMING ts=20260721-143604] omnivoice.reference.encode_ms 1.469749
[TIMING ts=20260721-143604] omnivoice.encoder.graph.rebuilt 1
[TIMING ts=20260721-143604] omnivoice.session.prompt_ms 1.094539
[TIMING ts=20260721-143604] omnivoice.session.generate_ms 949.064322
[TIMING ts=20260721-143604] omnivoice.generator.graph.rebuilt 1
[TIMING ts=20260721-143604] omnivoice.generator.graph.rebuild_ms 6.270051
[TIMING ts=20260721-143604] omnivoice.session.decode_ms 7.92861
[TIMING ts=20260721-143604] omnivoice.decoder.graph.rebuilt 1
[TIMING ts=20260721-143604] omnivoice.decoder.graph.rebuild_ms 0.750691
[TIMING ts=20260721-143604] omnivoice.session.postprocess_ms 4.768913
[TIMING ts=20260721-143604] session.wall_ms 964.964574
ggml_backend_cuda_graph_compute: CUDA graph warmup complete
request_index=5
request_id=line_6
[TIMING] request.line_6.wall_ms 965.06
audio_out=./outputs/batch_infer/audiocpp_omnivoice_clone_batch_bf16_step32/line_6.wav
[TIMING ts=20260721-143605] omnivoice.reference.encode_ms 1.460643
[TIMING ts=20260721-143605] omnivoice.encoder.graph.rebuilt 1
[TIMING ts=20260721-143605] omnivoice.session.prompt_ms 0.432834
[TIMING ts=20260721-143605] omnivoice.session.generate_ms 987.839058
[TIMING ts=20260721-143605] omnivoice.generator.graph.rebuilt 1
[TIMING ts=20260721-143605] omnivoice.generator.graph.rebuild_ms 4.441758
[TIMING ts=20260721-143605] omnivoice.session.decode_ms 8.497107
[TIMING ts=20260721-143605] omnivoice.decoder.graph.rebuilt 1
[TIMING ts=20260721-143605] omnivoice.decoder.graph.rebuild_ms 0.757815
[TIMING ts=20260721-143605] omnivoice.session.postprocess_ms 4.753011
[TIMING ts=20260721-143605] session.wall_ms 1003.54874
ggml_backend_cuda_graph_compute: CUDA graph warmup complete
request_index=6
request_id=line_7
[TIMING] request.line_7.wall_ms 1003.64
audio_out=./outputs/batch_infer/audiocpp_omnivoice_clone_batch_bf16_step32/line_7.wav
[TIMING ts=20260721-143606] omnivoice.reference.encode_ms 1.446556
[TIMING ts=20260721-143606] omnivoice.encoder.graph.rebuilt 1
[TIMING ts=20260721-143606] omnivoice.session.prompt_ms 0.481838
[TIMING ts=20260721-143606] omnivoice.session.generate_ms 947.145003
[TIMING ts=20260721-143606] omnivoice.generator.graph.rebuilt 0
[TIMING ts=20260721-143606] omnivoice.generator.graph.rebuild_ms 0
[TIMING ts=20260721-143606] omnivoice.session.decode_ms 21.010332
[TIMING ts=20260721-143606] omnivoice.decoder.graph.rebuilt 0
[TIMING ts=20260721-143606] omnivoice.decoder.graph.rebuild_ms 0
[TIMING ts=20260721-143606] omnivoice.session.postprocess_ms 6.055044
[TIMING ts=20260721-143606] session.wall_ms 976.666105
ggml_backend_cuda_graph_compute: CUDA graph warmup complete
request_index=7
request_id=line_8
[TIMING] request.line_8.wall_ms 976.768
audio_out=./outputs/batch_infer/audiocpp_omnivoice_clone_batch_bf16_step32/line_8.wav
[TIMING ts=20260721-143607] omnivoice.reference.encode_ms 1.694668
[TIMING ts=20260721-143607] omnivoice.encoder.graph.rebuilt 1
[TIMING ts=20260721-143607] omnivoice.session.prompt_ms 0.496383
[TIMING ts=20260721-143607] omnivoice.session.generate_ms 1007.945448
[TIMING ts=20260721-143607] omnivoice.generator.graph.rebuilt 1
[TIMING ts=20260721-143607] omnivoice.generator.graph.rebuild_ms 4.58255
[TIMING ts=20260721-143607] omnivoice.session.decode_ms 10.205393
[TIMING ts=20260721-143607] omnivoice.decoder.graph.rebuilt 1
[TIMING ts=20260721-143607] omnivoice.decoder.graph.rebuild_ms 1.482607
[TIMING ts=20260721-143607] omnivoice.session.postprocess_ms 4.299442
[TIMING ts=20260721-143607] session.wall_ms 1025.195809
ggml_backend_cuda_graph_compute: CUDA graph warmup complete
request_index=8
request_id=line_9
[TIMING] request.line_9.wall_ms 1025.28
audio_out=./outputs/batch_infer/audiocpp_omnivoice_clone_batch_bf16_step32/line_9.wav
[TIMING ts=20260721-143608] omnivoice.reference.encode_ms 1.468686
[TIMING ts=20260721-143608] omnivoice.encoder.graph.rebuilt 1
[TIMING ts=20260721-143608] omnivoice.session.prompt_ms 0.457287
[TIMING ts=20260721-143608] omnivoice.session.generate_ms 954.144505
[TIMING ts=20260721-143608] omnivoice.generator.graph.rebuilt 1
[TIMING ts=20260721-143608] omnivoice.generator.graph.rebuild_ms 4.316769
[TIMING ts=20260721-143608] omnivoice.session.decode_ms 8.016101
[TIMING ts=20260721-143608] omnivoice.decoder.graph.rebuilt 1
[TIMING ts=20260721-143608] omnivoice.decoder.graph.rebuild_ms 0.767472
[TIMING ts=20260721-143608] omnivoice.session.postprocess_ms 4.627643
[TIMING ts=20260721-143608] session.wall_ms 969.277575
request_index=9
request_id=line_10
[TIMING] request.line_10.wall_ms 969.389
audio_out=./outputs/batch_infer/audiocpp_omnivoice_clone_batch_bf16_step32/line_10.wav
  Completed at: 14:36:08
  Output dir: ./outputs/batch_infer/audiocpp_omnivoice_clone_batch_bf16_step32

[24/32] weight_type=q8_0 | steps=32 -> ./outputs/batch_infer/audiocpp_omnivoice_clone_batch_q8_0_step32
  Started at: 14:36:08
[TRACE ts=20260721-143608] runtime.model.family omnivoice
[TRACE ts=20260721-143608] runtime.model.variant omnivoice
[TRACE ts=20260721-143608] runtime.model.root /home/ipt/kawshik/tts-testing/audio.cpp/models/OmniVoice
[TRACE ts=20260721-143608] runtime.model.discovered_config_count 6
[TRACE ts=20260721-143608] runtime.model.discovered_weight_count 2
[TRACE ts=20260721-143608] runtime.model.task_count 1
[TRACE ts=20260721-143608] runtime.model.language_count 1
[TRACE ts=20260721-143608] runtime.model.supports_speaker_reference 1
[TRACE ts=20260721-143608] runtime.model.supports_style_condition 1
[TRACE ts=20260721-143608] runtime.model.supports_timestamps 0
ggml_cuda_init: found 1 CUDA devices (Total VRAM: 24111 MiB):
  Device 0: NVIDIA GeForce RTX 4090, compute capability 8.9, VMM: yes, VRAM: 24111 MiB
ggml_backend_cuda_graph_compute: CUDA graph warmup complete
family=omnivoice
task=tts
mode=offline
[TIMING ts=20260721-143612] omnivoice.reference.encode_ms 1.561
[TIMING ts=20260721-143612] omnivoice.encoder.graph.rebuilt 1
[TIMING ts=20260721-143612] omnivoice.session.prompt_ms 2.407106
[TIMING ts=20260721-143612] omnivoice.session.generate_ms 1006.66465
[TIMING ts=20260721-143612] omnivoice.generator.graph.rebuilt 1
[TIMING ts=20260721-143612] omnivoice.generator.graph.rebuild_ms 2.583375
[TIMING ts=20260721-143612] omnivoice.session.decode_ms 41.701401
[TIMING ts=20260721-143612] omnivoice.decoder.graph.rebuilt 1
[TIMING ts=20260721-143612] omnivoice.decoder.graph.rebuild_ms 1.320391
[TIMING ts=20260721-143612] omnivoice.session.postprocess_ms 5.00344
[TIMING ts=20260721-143612] session.wall_ms 1057.560295
ggml_backend_cuda_graph_compute: CUDA graph warmup complete
request_index=0
request_id=line_1
[TIMING] request.line_1.wall_ms 1057.68
audio_out=./outputs/batch_infer/audiocpp_omnivoice_clone_batch_q8_0_step32/line_1.wav
[TIMING ts=20260721-143613] omnivoice.reference.encode_ms 1.566293
[TIMING ts=20260721-143613] omnivoice.encoder.graph.rebuilt 1
[TIMING ts=20260721-143613] omnivoice.session.prompt_ms 1.059723
[TIMING ts=20260721-143613] omnivoice.session.generate_ms 1059.343649
[TIMING ts=20260721-143613] omnivoice.generator.graph.rebuilt 1
[TIMING ts=20260721-143613] omnivoice.generator.graph.rebuild_ms 6.180145
[TIMING ts=20260721-143613] omnivoice.session.decode_ms 11.796204
[TIMING ts=20260721-143613] omnivoice.decoder.graph.rebuilt 1
[TIMING ts=20260721-143613] omnivoice.decoder.graph.rebuild_ms 2.353439
[TIMING ts=20260721-143613] omnivoice.session.postprocess_ms 4.857944
[TIMING ts=20260721-143613] session.wall_ms 1079.198018
ggml_backend_cuda_graph_compute: CUDA graph warmup complete
request_index=1
request_id=line_2
[TIMING] request.line_2.wall_ms 1079.32
audio_out=./outputs/batch_infer/audiocpp_omnivoice_clone_batch_q8_0_step32/line_2.wav
[TIMING ts=20260721-143614] omnivoice.reference.encode_ms 1.417592
[TIMING ts=20260721-143614] omnivoice.encoder.graph.rebuilt 1
[TIMING ts=20260721-143614] omnivoice.session.prompt_ms 0.421306
[TIMING ts=20260721-143614] omnivoice.session.generate_ms 1051.849236
[TIMING ts=20260721-143614] omnivoice.generator.graph.rebuilt 1
[TIMING ts=20260721-143614] omnivoice.generator.graph.rebuild_ms 4.236707
[TIMING ts=20260721-143614] omnivoice.session.decode_ms 9.948427
[TIMING ts=20260721-143614] omnivoice.decoder.graph.rebuilt 1
[TIMING ts=20260721-143614] omnivoice.decoder.graph.rebuild_ms 0.83099
[TIMING ts=20260721-143614] omnivoice.session.postprocess_ms 4.953747
[TIMING ts=20260721-143614] session.wall_ms 1069.117764
ggml_backend_cuda_graph_compute: CUDA graph warmup complete
request_index=2
request_id=line_3
[TIMING] request.line_3.wall_ms 1069.21
audio_out=./outputs/batch_infer/audiocpp_omnivoice_clone_batch_q8_0_step32/line_3.wav
[TIMING ts=20260721-143615] omnivoice.reference.encode_ms 1.507863
[TIMING ts=20260721-143615] omnivoice.encoder.graph.rebuilt 1
[TIMING ts=20260721-143615] omnivoice.session.prompt_ms 0.476089
[TIMING ts=20260721-143615] omnivoice.session.generate_ms 1057.176612
[TIMING ts=20260721-143615] omnivoice.generator.graph.rebuilt 1
[TIMING ts=20260721-143615] omnivoice.generator.graph.rebuild_ms 4.280968
[TIMING ts=20260721-143615] omnivoice.session.decode_ms 10.331863
[TIMING ts=20260721-143615] omnivoice.decoder.graph.rebuilt 1
[TIMING ts=20260721-143615] omnivoice.decoder.graph.rebuild_ms 0.788944
[TIMING ts=20260721-143615] omnivoice.session.postprocess_ms 5.073686
[TIMING ts=20260721-143615] session.wall_ms 1075.055954
ggml_backend_cuda_graph_compute: CUDA graph warmup complete
request_index=3
request_id=line_4
[TIMING] request.line_4.wall_ms 1075.14
audio_out=./outputs/batch_infer/audiocpp_omnivoice_clone_batch_q8_0_step32/line_4.wav
[TIMING ts=20260721-143616] omnivoice.reference.encode_ms 1.507087
[TIMING ts=20260721-143616] omnivoice.encoder.graph.rebuilt 1
[TIMING ts=20260721-143616] omnivoice.session.prompt_ms 0.446469
[TIMING ts=20260721-143616] omnivoice.session.generate_ms 1061.641341
[TIMING ts=20260721-143616] omnivoice.generator.graph.rebuilt 1
[TIMING ts=20260721-143616] omnivoice.generator.graph.rebuild_ms 4.32727
[TIMING ts=20260721-143616] omnivoice.session.decode_ms 10.255219
[TIMING ts=20260721-143616] omnivoice.decoder.graph.rebuilt 1
[TIMING ts=20260721-143616] omnivoice.decoder.graph.rebuild_ms 0.933695
[TIMING ts=20260721-143616] omnivoice.session.postprocess_ms 5.013202
[TIMING ts=20260721-143616] session.wall_ms 1079.37543
ggml_backend_cuda_graph_compute: CUDA graph warmup complete
request_index=4
request_id=line_5
[TIMING] request.line_5.wall_ms 1079.49
audio_out=./outputs/batch_infer/audiocpp_omnivoice_clone_batch_q8_0_step32/line_5.wav
[TIMING ts=20260721-143617] omnivoice.reference.encode_ms 1.463444
[TIMING ts=20260721-143617] omnivoice.encoder.graph.rebuilt 1
[TIMING ts=20260721-143617] omnivoice.session.prompt_ms 1.127742
[TIMING ts=20260721-143617] omnivoice.session.generate_ms 1026.970178
[TIMING ts=20260721-143617] omnivoice.generator.graph.rebuilt 1
[TIMING ts=20260721-143617] omnivoice.generator.graph.rebuild_ms 6.06561
[TIMING ts=20260721-143617] omnivoice.session.decode_ms 8.482094
[TIMING ts=20260721-143617] omnivoice.decoder.graph.rebuilt 1
[TIMING ts=20260721-143617] omnivoice.decoder.graph.rebuild_ms 0.762093
[TIMING ts=20260721-143617] omnivoice.session.postprocess_ms 4.586237
[TIMING ts=20260721-143617] session.wall_ms 1043.403066
ggml_backend_cuda_graph_compute: CUDA graph warmup complete
request_index=5
request_id=line_6
[TIMING] request.line_6.wall_ms 1043.49
audio_out=./outputs/batch_infer/audiocpp_omnivoice_clone_batch_q8_0_step32/line_6.wav
[TIMING ts=20260721-143618] omnivoice.reference.encode_ms 1.507798
[TIMING ts=20260721-143618] omnivoice.encoder.graph.rebuilt 1
[TIMING ts=20260721-143618] omnivoice.session.prompt_ms 0.439133
[TIMING ts=20260721-143618] omnivoice.session.generate_ms 951.756642
[TIMING ts=20260721-143618] omnivoice.generator.graph.rebuilt 1
[TIMING ts=20260721-143618] omnivoice.generator.graph.rebuild_ms 4.173355
[TIMING ts=20260721-143618] omnivoice.session.decode_ms 8.500146
[TIMING ts=20260721-143618] omnivoice.decoder.graph.rebuilt 1
[TIMING ts=20260721-143618] omnivoice.decoder.graph.rebuild_ms 0.747877
[TIMING ts=20260721-143618] omnivoice.session.postprocess_ms 4.640386
[TIMING ts=20260721-143618] session.wall_ms 967.390052
ggml_backend_cuda_graph_compute: CUDA graph warmup complete
request_index=6
request_id=line_7
[TIMING] request.line_7.wall_ms 967.499
audio_out=./outputs/batch_infer/audiocpp_omnivoice_clone_batch_q8_0_step32/line_7.wav
[TIMING ts=20260721-143619] omnivoice.reference.encode_ms 1.474074
[TIMING ts=20260721-143619] omnivoice.encoder.graph.rebuilt 1
[TIMING ts=20260721-143619] omnivoice.session.prompt_ms 0.476631
[TIMING ts=20260721-143619] omnivoice.session.generate_ms 994.915179
[TIMING ts=20260721-143619] omnivoice.generator.graph.rebuilt 0
[TIMING ts=20260721-143619] omnivoice.generator.graph.rebuild_ms 0
[TIMING ts=20260721-143619] omnivoice.session.decode_ms 19.687105
[TIMING ts=20260721-143619] omnivoice.decoder.graph.rebuilt 0
[TIMING ts=20260721-143619] omnivoice.decoder.graph.rebuild_ms 0
[TIMING ts=20260721-143619] omnivoice.session.postprocess_ms 5.303493
[TIMING ts=20260721-143619] session.wall_ms 1022.380904
ggml_backend_cuda_graph_compute: CUDA graph warmup complete
request_index=7
request_id=line_8
[TIMING] request.line_8.wall_ms 1022.47
audio_out=./outputs/batch_infer/audiocpp_omnivoice_clone_batch_q8_0_step32/line_8.wav
[TIMING ts=20260721-143620] omnivoice.reference.encode_ms 1.52477
[TIMING ts=20260721-143620] omnivoice.encoder.graph.rebuilt 1
[TIMING ts=20260721-143620] omnivoice.session.prompt_ms 0.463853
[TIMING ts=20260721-143620] omnivoice.session.generate_ms 986.64008
[TIMING ts=20260721-143620] omnivoice.generator.graph.rebuilt 1
[TIMING ts=20260721-143620] omnivoice.generator.graph.rebuild_ms 12.69544
[TIMING ts=20260721-143620] omnivoice.session.decode_ms 10.446265
[TIMING ts=20260721-143620] omnivoice.decoder.graph.rebuilt 1
[TIMING ts=20260721-143620] omnivoice.decoder.graph.rebuild_ms 1.494818
[TIMING ts=20260721-143620] omnivoice.session.postprocess_ms 4.335112
[TIMING ts=20260721-143620] session.wall_ms 1003.907732
ggml_backend_cuda_graph_compute: CUDA graph warmup complete
request_index=8
request_id=line_9
[TIMING] request.line_9.wall_ms 1004.02
audio_out=./outputs/batch_infer/audiocpp_omnivoice_clone_batch_q8_0_step32/line_9.wav
[TIMING ts=20260721-143621] omnivoice.reference.encode_ms 1.483029
[TIMING ts=20260721-143621] omnivoice.encoder.graph.rebuilt 1
[TIMING ts=20260721-143621] omnivoice.session.prompt_ms 0.462711
[TIMING ts=20260721-143621] omnivoice.session.generate_ms 1012.573859
[TIMING ts=20260721-143621] omnivoice.generator.graph.rebuilt 1
[TIMING ts=20260721-143621] omnivoice.generator.graph.rebuild_ms 4.185227
[TIMING ts=20260721-143621] omnivoice.session.decode_ms 8.851641
[TIMING ts=20260721-143621] omnivoice.decoder.graph.rebuilt 1
[TIMING ts=20260721-143621] omnivoice.decoder.graph.rebuild_ms 0.724765
[TIMING ts=20260721-143621] omnivoice.session.postprocess_ms 4.653194
[TIMING ts=20260721-143621] session.wall_ms 1028.611533
request_index=9
request_id=line_10
[TIMING] request.line_10.wall_ms 1028.71
audio_out=./outputs/batch_infer/audiocpp_omnivoice_clone_batch_q8_0_step32/line_10.wav
  Completed at: 14:36:22
  Output dir: ./outputs/batch_infer/audiocpp_omnivoice_clone_batch_q8_0_step32

[25/32] weight_type=f16 | steps=64 -> ./outputs/batch_infer/audiocpp_omnivoice_clone_batch_f16_step64
  Started at: 14:36:22
[TRACE ts=20260721-143622] runtime.model.family omnivoice
[TRACE ts=20260721-143622] runtime.model.variant omnivoice
[TRACE ts=20260721-143622] runtime.model.root /home/ipt/kawshik/tts-testing/audio.cpp/models/OmniVoice
[TRACE ts=20260721-143622] runtime.model.discovered_config_count 6
[TRACE ts=20260721-143622] runtime.model.discovered_weight_count 2
[TRACE ts=20260721-143622] runtime.model.task_count 1
[TRACE ts=20260721-143622] runtime.model.language_count 1
[TRACE ts=20260721-143622] runtime.model.supports_speaker_reference 1
[TRACE ts=20260721-143622] runtime.model.supports_style_condition 1
[TRACE ts=20260721-143622] runtime.model.supports_timestamps 0
ggml_cuda_init: found 1 CUDA devices (Total VRAM: 24111 MiB):
  Device 0: NVIDIA GeForce RTX 4090, compute capability 8.9, VMM: yes, VRAM: 24111 MiB
ggml_backend_cuda_graph_compute: CUDA graph warmup complete
family=omnivoice
task=tts
mode=offline
[TIMING ts=20260721-143628] omnivoice.reference.encode_ms 1.69399
[TIMING ts=20260721-143628] omnivoice.encoder.graph.rebuilt 1
[TIMING ts=20260721-143628] omnivoice.session.prompt_ms 5.944148
[TIMING ts=20260721-143628] omnivoice.session.generate_ms 2081.983227
[TIMING ts=20260721-143628] omnivoice.generator.graph.rebuilt 1
[TIMING ts=20260721-143628] omnivoice.generator.graph.rebuild_ms 3.228271
[TIMING ts=20260721-143628] omnivoice.session.decode_ms 46.647381
[TIMING ts=20260721-143628] omnivoice.decoder.graph.rebuilt 1
[TIMING ts=20260721-143628] omnivoice.decoder.graph.rebuild_ms 1.508027
[TIMING ts=20260721-143628] omnivoice.session.postprocess_ms 5.353802
[TIMING ts=20260721-143628] session.wall_ms 2141.876723
ggml_backend_cuda_graph_compute: CUDA graph warmup complete
request_index=0
request_id=line_1
[TIMING] request.line_1.wall_ms 2142.03
audio_out=./outputs/batch_infer/audiocpp_omnivoice_clone_batch_f16_step64/line_1.wav
[TIMING ts=20260721-143630] omnivoice.reference.encode_ms 1.443752
[TIMING ts=20260721-143630] omnivoice.encoder.graph.rebuilt 1
[TIMING ts=20260721-143630] omnivoice.session.prompt_ms 1.200086
[TIMING ts=20260721-143630] omnivoice.session.generate_ms 1933.091015
[TIMING ts=20260721-143630] omnivoice.generator.graph.rebuilt 1
[TIMING ts=20260721-143630] omnivoice.generator.graph.rebuild_ms 6.142955
[TIMING ts=20260721-143630] omnivoice.session.decode_ms 11.011003
[TIMING ts=20260721-143630] omnivoice.decoder.graph.rebuilt 1
[TIMING ts=20260721-143630] omnivoice.decoder.graph.rebuild_ms 2.455821
[TIMING ts=20260721-143630] omnivoice.session.postprocess_ms 4.972328
[TIMING ts=20260721-143630] session.wall_ms 1952.213162
ggml_backend_cuda_graph_compute: CUDA graph warmup complete
request_index=1
request_id=line_2
[TIMING] request.line_2.wall_ms 1952.35
audio_out=./outputs/batch_infer/audiocpp_omnivoice_clone_batch_f16_step64/line_2.wav
[TIMING ts=20260721-143632] omnivoice.reference.encode_ms 1.489805
[TIMING ts=20260721-143632] omnivoice.encoder.graph.rebuilt 1
[TIMING ts=20260721-143632] omnivoice.session.prompt_ms 0.512136
[TIMING ts=20260721-143632] omnivoice.session.generate_ms 2014.528502
[TIMING ts=20260721-143632] omnivoice.generator.graph.rebuilt 1
[TIMING ts=20260721-143632] omnivoice.generator.graph.rebuild_ms 4.329425
[TIMING ts=20260721-143632] omnivoice.session.decode_ms 10.368969
[TIMING ts=20260721-143632] omnivoice.decoder.graph.rebuilt 1
[TIMING ts=20260721-143632] omnivoice.decoder.graph.rebuild_ms 1.137349
[TIMING ts=20260721-143632] omnivoice.session.postprocess_ms 6.092565
[TIMING ts=20260721-143632] session.wall_ms 2033.521083
ggml_backend_cuda_graph_compute: CUDA graph warmup complete
request_index=2
request_id=line_3
[TIMING] request.line_3.wall_ms 2033.81
audio_out=./outputs/batch_infer/audiocpp_omnivoice_clone_batch_f16_step64/line_3.wav
[TIMING ts=20260721-143634] omnivoice.reference.encode_ms 1.698989
[TIMING ts=20260721-143634] omnivoice.encoder.graph.rebuilt 1
[TIMING ts=20260721-143634] omnivoice.session.prompt_ms 1.327313
[TIMING ts=20260721-143634] omnivoice.session.generate_ms 2108.152189
[TIMING ts=20260721-143634] omnivoice.generator.graph.rebuilt 1
[TIMING ts=20260721-143634] omnivoice.generator.graph.rebuild_ms 7.0049
[TIMING ts=20260721-143634] omnivoice.session.decode_ms 9.454203
[TIMING ts=20260721-143634] omnivoice.decoder.graph.rebuilt 1
[TIMING ts=20260721-143634] omnivoice.decoder.graph.rebuild_ms 0.859851
[TIMING ts=20260721-143634] omnivoice.session.postprocess_ms 4.686454
[TIMING ts=20260721-143634] session.wall_ms 2125.884946
ggml_backend_cuda_graph_compute: CUDA graph warmup complete
request_index=3
request_id=line_4
[TIMING] request.line_4.wall_ms 2125.99
audio_out=./outputs/batch_infer/audiocpp_omnivoice_clone_batch_f16_step64/line_4.wav
[TIMING ts=20260721-143636] omnivoice.reference.encode_ms 1.460335
[TIMING ts=20260721-143636] omnivoice.encoder.graph.rebuilt 1
[TIMING ts=20260721-143636] omnivoice.session.prompt_ms 0.518059
[TIMING ts=20260721-143636] omnivoice.session.generate_ms 2016.110178
[TIMING ts=20260721-143636] omnivoice.generator.graph.rebuilt 1
[TIMING ts=20260721-143636] omnivoice.generator.graph.rebuild_ms 7.196758
[TIMING ts=20260721-143636] omnivoice.session.decode_ms 9.63681
[TIMING ts=20260721-143636] omnivoice.decoder.graph.rebuilt 1
[TIMING ts=20260721-143636] omnivoice.decoder.graph.rebuild_ms 0.803535
[TIMING ts=20260721-143636] omnivoice.session.postprocess_ms 4.573166
[TIMING ts=20260721-143636] session.wall_ms 2032.844825
ggml_backend_cuda_graph_compute: CUDA graph warmup complete
request_index=4
request_id=line_5
[TIMING] request.line_5.wall_ms 2032.95
audio_out=./outputs/batch_infer/audiocpp_omnivoice_clone_batch_f16_step64/line_5.wav
[TIMING ts=20260721-143638] omnivoice.reference.encode_ms 1.511127
[TIMING ts=20260721-143638] omnivoice.encoder.graph.rebuilt 1
[TIMING ts=20260721-143638] omnivoice.session.prompt_ms 0.730022
[TIMING ts=20260721-143638] omnivoice.session.generate_ms 1930.536071
[TIMING ts=20260721-143638] omnivoice.generator.graph.rebuilt 1
[TIMING ts=20260721-143638] omnivoice.generator.graph.rebuild_ms 4.570467
[TIMING ts=20260721-143638] omnivoice.session.decode_ms 8.789559
[TIMING ts=20260721-143638] omnivoice.decoder.graph.rebuilt 1
[TIMING ts=20260721-143638] omnivoice.decoder.graph.rebuild_ms 0.958698
[TIMING ts=20260721-143638] omnivoice.session.postprocess_ms 4.918874
[TIMING ts=20260721-143638] session.wall_ms 1947.003856
ggml_backend_cuda_graph_compute: CUDA graph warmup complete
request_index=5
request_id=line_6
[TIMING] request.line_6.wall_ms 1947.14
audio_out=./outputs/batch_infer/audiocpp_omnivoice_clone_batch_f16_step64/line_6.wav
[TIMING ts=20260721-143640] omnivoice.reference.encode_ms 2.366324
[TIMING ts=20260721-143640] omnivoice.encoder.graph.rebuilt 1
[TIMING ts=20260721-143640] omnivoice.session.prompt_ms 1.129067
[TIMING ts=20260721-143640] omnivoice.session.generate_ms 2000.133714
[TIMING ts=20260721-143640] omnivoice.generator.graph.rebuilt 1
[TIMING ts=20260721-143640] omnivoice.generator.graph.rebuild_ms 6.434149
[TIMING ts=20260721-143640] omnivoice.session.decode_ms 8.623504
[TIMING ts=20260721-143640] omnivoice.decoder.graph.rebuilt 1
[TIMING ts=20260721-143640] omnivoice.decoder.graph.rebuild_ms 0.873345
[TIMING ts=20260721-143640] omnivoice.session.postprocess_ms 5.626321
[TIMING ts=20260721-143640] session.wall_ms 2018.426219
ggml_backend_cuda_graph_compute: CUDA graph warmup complete
request_index=6
request_id=line_7
[TIMING] request.line_7.wall_ms 2018.52
audio_out=./outputs/batch_infer/audiocpp_omnivoice_clone_batch_f16_step64/line_7.wav
[TIMING ts=20260721-143642] omnivoice.reference.encode_ms 1.703907
[TIMING ts=20260721-143642] omnivoice.encoder.graph.rebuilt 1
[TIMING ts=20260721-143642] omnivoice.session.prompt_ms 0.626204
[TIMING ts=20260721-143642] omnivoice.session.generate_ms 1981.539307
[TIMING ts=20260721-143642] omnivoice.generator.graph.rebuilt 0
[TIMING ts=20260721-143642] omnivoice.generator.graph.rebuild_ms 0
[TIMING ts=20260721-143642] omnivoice.session.decode_ms 30.643414
[TIMING ts=20260721-143642] omnivoice.decoder.graph.rebuilt 0
[TIMING ts=20260721-143642] omnivoice.decoder.graph.rebuild_ms 0
[TIMING ts=20260721-143642] omnivoice.session.postprocess_ms 4.871812
[TIMING ts=20260721-143642] session.wall_ms 2019.96034
ggml_backend_cuda_graph_compute: CUDA graph warmup complete
request_index=7
request_id=line_8
[TIMING] request.line_8.wall_ms 2020.05
audio_out=./outputs/batch_infer/audiocpp_omnivoice_clone_batch_f16_step64/line_8.wav
[TIMING ts=20260721-143644] omnivoice.reference.encode_ms 1.506549
[TIMING ts=20260721-143644] omnivoice.encoder.graph.rebuilt 1
[TIMING ts=20260721-143644] omnivoice.session.prompt_ms 0.587173
[TIMING ts=20260721-143644] omnivoice.session.generate_ms 1956.739181
[TIMING ts=20260721-143644] omnivoice.generator.graph.rebuilt 1
[TIMING ts=20260721-143644] omnivoice.generator.graph.rebuild_ms 4.215332
[TIMING ts=20260721-143644] omnivoice.session.decode_ms 12.996286
[TIMING ts=20260721-143644] omnivoice.decoder.graph.rebuilt 1
[TIMING ts=20260721-143644] omnivoice.decoder.graph.rebuild_ms 3.749564
[TIMING ts=20260721-143644] omnivoice.session.postprocess_ms 5.831528
[TIMING ts=20260721-143644] session.wall_ms 1978.159668
ggml_backend_cuda_graph_compute: CUDA graph warmup complete
request_index=8
request_id=line_9
[TIMING] request.line_9.wall_ms 1978.3
audio_out=./outputs/batch_infer/audiocpp_omnivoice_clone_batch_f16_step64/line_9.wav
[TIMING ts=20260721-143646] omnivoice.reference.encode_ms 2.302491
[TIMING ts=20260721-143646] omnivoice.encoder.graph.rebuilt 1
[TIMING ts=20260721-143646] omnivoice.session.prompt_ms 1.662222
[TIMING ts=20260721-143646] omnivoice.session.generate_ms 2015.558351
[TIMING ts=20260721-143646] omnivoice.generator.graph.rebuilt 1
[TIMING ts=20260721-143646] omnivoice.generator.graph.rebuild_ms 11.138455
[TIMING ts=20260721-143646] omnivoice.session.decode_ms 8.942657
[TIMING ts=20260721-143646] omnivoice.decoder.graph.rebuilt 1
[TIMING ts=20260721-143646] omnivoice.decoder.graph.rebuild_ms 0.737574
[TIMING ts=20260721-143646] omnivoice.session.postprocess_ms 4.134543
[TIMING ts=20260721-143646] session.wall_ms 2033.206968
request_index=9
request_id=line_10
[TIMING] request.line_10.wall_ms 2033.29
audio_out=./outputs/batch_infer/audiocpp_omnivoice_clone_batch_f16_step64/line_10.wav
  Completed at: 14:36:46
  Output dir: ./outputs/batch_infer/audiocpp_omnivoice_clone_batch_f16_step64

[26/32] weight_type=f32 | steps=64 -> ./outputs/batch_infer/audiocpp_omnivoice_clone_batch_f32_step64
  Started at: 14:36:46
[TRACE ts=20260721-143646] runtime.model.family omnivoice
[TRACE ts=20260721-143646] runtime.model.variant omnivoice
[TRACE ts=20260721-143646] runtime.model.root /home/ipt/kawshik/tts-testing/audio.cpp/models/OmniVoice
[TRACE ts=20260721-143646] runtime.model.discovered_config_count 6
[TRACE ts=20260721-143646] runtime.model.discovered_weight_count 2
[TRACE ts=20260721-143646] runtime.model.task_count 1
[TRACE ts=20260721-143646] runtime.model.language_count 1
[TRACE ts=20260721-143646] runtime.model.supports_speaker_reference 1
[TRACE ts=20260721-143646] runtime.model.supports_style_condition 1
[TRACE ts=20260721-143646] runtime.model.supports_timestamps 0
ggml_cuda_init: found 1 CUDA devices (Total VRAM: 24111 MiB):
  Device 0: NVIDIA GeForce RTX 4090, compute capability 8.9, VMM: yes, VRAM: 24111 MiB
ggml_backend_cuda_graph_compute: CUDA graph warmup complete
family=omnivoice
task=tts
mode=offline
[TIMING ts=20260721-143651] omnivoice.reference.encode_ms 1.70804
[TIMING ts=20260721-143651] omnivoice.encoder.graph.rebuilt 1
[TIMING ts=20260721-143651] omnivoice.session.prompt_ms 2.762912
[TIMING ts=20260721-143651] omnivoice.session.generate_ms 2053.022375
[TIMING ts=20260721-143651] omnivoice.generator.graph.rebuilt 1
[TIMING ts=20260721-143651] omnivoice.generator.graph.rebuild_ms 2.911771
[TIMING ts=20260721-143651] omnivoice.session.decode_ms 40.265932
[TIMING ts=20260721-143651] omnivoice.decoder.graph.rebuilt 1
[TIMING ts=20260721-143651] omnivoice.decoder.graph.rebuild_ms 1.476824
[TIMING ts=20260721-143651] omnivoice.session.postprocess_ms 4.887185
[TIMING ts=20260721-143651] session.wall_ms 2102.871569
ggml_backend_cuda_graph_compute: CUDA graph warmup complete
request_index=0
request_id=line_1
[TIMING] request.line_1.wall_ms 2102.99
audio_out=./outputs/batch_infer/audiocpp_omnivoice_clone_batch_f32_step64/line_1.wav
[TIMING ts=20260721-143653] omnivoice.reference.encode_ms 1.545205
[TIMING ts=20260721-143653] omnivoice.encoder.graph.rebuilt 1
[TIMING ts=20260721-143653] omnivoice.session.prompt_ms 1.080028
[TIMING ts=20260721-143653] omnivoice.session.generate_ms 2068.756867
[TIMING ts=20260721-143653] omnivoice.generator.graph.rebuilt 1
[TIMING ts=20260721-143653] omnivoice.generator.graph.rebuild_ms 5.996856
[TIMING ts=20260721-143653] omnivoice.session.decode_ms 11.715615
[TIMING ts=20260721-143653] omnivoice.decoder.graph.rebuilt 1
[TIMING ts=20260721-143653] omnivoice.decoder.graph.rebuild_ms 2.913113
[TIMING ts=20260721-143653] omnivoice.session.postprocess_ms 4.85517
[TIMING ts=20260721-143653] session.wall_ms 2088.492871
ggml_backend_cuda_graph_compute: CUDA graph warmup complete
request_index=1
request_id=line_2
[TIMING] request.line_2.wall_ms 2088.63
audio_out=./outputs/batch_infer/audiocpp_omnivoice_clone_batch_f32_step64/line_2.wav
[TIMING ts=20260721-143656] omnivoice.reference.encode_ms 1.463318
[TIMING ts=20260721-143656] omnivoice.encoder.graph.rebuilt 1
[TIMING ts=20260721-143656] omnivoice.session.prompt_ms 0.419273
[TIMING ts=20260721-143656] omnivoice.session.generate_ms 2043.012918
[TIMING ts=20260721-143656] omnivoice.generator.graph.rebuilt 1
[TIMING ts=20260721-143656] omnivoice.generator.graph.rebuild_ms 4.182843
[TIMING ts=20260721-143656] omnivoice.session.decode_ms 9.195153
[TIMING ts=20260721-143656] omnivoice.decoder.graph.rebuilt 1
[TIMING ts=20260721-143656] omnivoice.decoder.graph.rebuild_ms 1.001843
[TIMING ts=20260721-143656] omnivoice.session.postprocess_ms 4.979975
[TIMING ts=20260721-143656] session.wall_ms 2059.568686
ggml_backend_cuda_graph_compute: CUDA graph warmup complete
request_index=2
request_id=line_3
[TIMING] request.line_3.wall_ms 2059.83
audio_out=./outputs/batch_infer/audiocpp_omnivoice_clone_batch_f32_step64/line_3.wav
[TIMING ts=20260721-143658] omnivoice.reference.encode_ms 1.469774
[TIMING ts=20260721-143658] omnivoice.encoder.graph.rebuilt 1
[TIMING ts=20260721-143658] omnivoice.session.prompt_ms 1.082677
[TIMING ts=20260721-143658] omnivoice.session.generate_ms 2041.581553
[TIMING ts=20260721-143658] omnivoice.generator.graph.rebuilt 1
[TIMING ts=20260721-143658] omnivoice.generator.graph.rebuild_ms 6.10812
[TIMING ts=20260721-143658] omnivoice.session.decode_ms 9.214532
[TIMING ts=20260721-143658] omnivoice.decoder.graph.rebuilt 1
[TIMING ts=20260721-143658] omnivoice.decoder.graph.rebuild_ms 0.831597
[TIMING ts=20260721-143658] omnivoice.session.postprocess_ms 4.71262
[TIMING ts=20260721-143658] session.wall_ms 2058.59671
ggml_backend_cuda_graph_compute: CUDA graph warmup complete
request_index=3
request_id=line_4
[TIMING] request.line_4.wall_ms 2058.7
audio_out=./outputs/batch_infer/audiocpp_omnivoice_clone_batch_f32_step64/line_4.wav
[TIMING ts=20260721-143700] omnivoice.reference.encode_ms 1.387635
[TIMING ts=20260721-143700] omnivoice.encoder.graph.rebuilt 1
[TIMING ts=20260721-143700] omnivoice.session.prompt_ms 0.396063
[TIMING ts=20260721-143700] omnivoice.session.generate_ms 2025.059187
[TIMING ts=20260721-143700] omnivoice.generator.graph.rebuilt 1
[TIMING ts=20260721-143700] omnivoice.generator.graph.rebuild_ms 4.25208
[TIMING ts=20260721-143700] omnivoice.session.decode_ms 10.188227
[TIMING ts=20260721-143700] omnivoice.decoder.graph.rebuilt 1
[TIMING ts=20260721-143700] omnivoice.decoder.graph.rebuild_ms 1.012385
[TIMING ts=20260721-143700] omnivoice.session.postprocess_ms 5.254373
[TIMING ts=20260721-143700] session.wall_ms 2042.750853
ggml_backend_cuda_graph_compute: CUDA graph warmup complete
request_index=4
request_id=line_5
[TIMING] request.line_5.wall_ms 2042.86
audio_out=./outputs/batch_infer/audiocpp_omnivoice_clone_batch_f32_step64/line_5.wav
[TIMING ts=20260721-143702] omnivoice.reference.encode_ms 1.511813
[TIMING ts=20260721-143702] omnivoice.encoder.graph.rebuilt 1
[TIMING ts=20260721-143702] omnivoice.session.prompt_ms 1.105272
[TIMING ts=20260721-143702] omnivoice.session.generate_ms 1909.736728
[TIMING ts=20260721-143702] omnivoice.generator.graph.rebuilt 1
[TIMING ts=20260721-143702] omnivoice.generator.graph.rebuild_ms 6.272518
[TIMING ts=20260721-143702] omnivoice.session.decode_ms 9.090119
[TIMING ts=20260721-143702] omnivoice.decoder.graph.rebuilt 1
[TIMING ts=20260721-143702] omnivoice.decoder.graph.rebuild_ms 0.694084
[TIMING ts=20260721-143702] omnivoice.session.postprocess_ms 4.740468
[TIMING ts=20260721-143702] session.wall_ms 1926.754372
ggml_backend_cuda_graph_compute: CUDA graph warmup complete
request_index=5
request_id=line_6
[TIMING] request.line_6.wall_ms 1926.87
audio_out=./outputs/batch_infer/audiocpp_omnivoice_clone_batch_f32_step64/line_6.wav
[TIMING ts=20260721-143704] omnivoice.reference.encode_ms 1.392738
[TIMING ts=20260721-143704] omnivoice.encoder.graph.rebuilt 1
[TIMING ts=20260721-143704] omnivoice.session.prompt_ms 0.436271
[TIMING ts=20260721-143704] omnivoice.session.generate_ms 1948.1464
[TIMING ts=20260721-143704] omnivoice.generator.graph.rebuilt 1
[TIMING ts=20260721-143704] omnivoice.generator.graph.rebuild_ms 4.656717
[TIMING ts=20260721-143704] omnivoice.session.decode_ms 9.451421
[TIMING ts=20260721-143704] omnivoice.decoder.graph.rebuilt 1
[TIMING ts=20260721-143704] omnivoice.decoder.graph.rebuild_ms 0.833701
[TIMING ts=20260721-143704] omnivoice.session.postprocess_ms 4.900931
[TIMING ts=20260721-143704] session.wall_ms 1964.846857
ggml_backend_cuda_graph_compute: CUDA graph warmup complete
request_index=6
request_id=line_7
[TIMING] request.line_7.wall_ms 1964.94
audio_out=./outputs/batch_infer/audiocpp_omnivoice_clone_batch_f32_step64/line_7.wav
[TIMING ts=20260721-143705] omnivoice.reference.encode_ms 1.471099
[TIMING ts=20260721-143705] omnivoice.encoder.graph.rebuilt 1
[TIMING ts=20260721-143705] omnivoice.session.prompt_ms 0.450294
[TIMING ts=20260721-143705] omnivoice.session.generate_ms 1857.680285
[TIMING ts=20260721-143705] omnivoice.generator.graph.rebuilt 0
[TIMING ts=20260721-143705] omnivoice.generator.graph.rebuild_ms 0
[TIMING ts=20260721-143705] omnivoice.session.decode_ms 23.684634
[TIMING ts=20260721-143705] omnivoice.decoder.graph.rebuilt 0
[TIMING ts=20260721-143705] omnivoice.decoder.graph.rebuild_ms 0
[TIMING ts=20260721-143705] omnivoice.session.postprocess_ms 5.33141
[TIMING ts=20260721-143705] session.wall_ms 1889.145011
ggml_backend_cuda_graph_compute: CUDA graph warmup complete
request_index=7
request_id=line_8
[TIMING] request.line_8.wall_ms 1889.27
audio_out=./outputs/batch_infer/audiocpp_omnivoice_clone_batch_f32_step64/line_8.wav
[TIMING ts=20260721-143707] omnivoice.reference.encode_ms 1.483701
[TIMING ts=20260721-143707] omnivoice.encoder.graph.rebuilt 1
[TIMING ts=20260721-143707] omnivoice.session.prompt_ms 0.466279
[TIMING ts=20260721-143707] omnivoice.session.generate_ms 1981.963785
[TIMING ts=20260721-143707] omnivoice.generator.graph.rebuilt 1
[TIMING ts=20260721-143707] omnivoice.generator.graph.rebuild_ms 6.451948
[TIMING ts=20260721-143707] omnivoice.session.decode_ms 12.066705
[TIMING ts=20260721-143707] omnivoice.decoder.graph.rebuilt 1
[TIMING ts=20260721-143707] omnivoice.decoder.graph.rebuild_ms 2.481216
[TIMING ts=20260721-143707] omnivoice.session.postprocess_ms 4.482753
[TIMING ts=20260721-143707] session.wall_ms 2000.969474
ggml_backend_cuda_graph_compute: CUDA graph warmup complete
request_index=8
request_id=line_9
[TIMING] request.line_9.wall_ms 2001.07
audio_out=./outputs/batch_infer/audiocpp_omnivoice_clone_batch_f32_step64/line_9.wav
[TIMING ts=20260721-143709] omnivoice.reference.encode_ms 1.514018
[TIMING ts=20260721-143709] omnivoice.encoder.graph.rebuilt 1
[TIMING ts=20260721-143709] omnivoice.session.prompt_ms 0.97949
[TIMING ts=20260721-143709] omnivoice.session.generate_ms 1934.935704
[TIMING ts=20260721-143709] omnivoice.generator.graph.rebuilt 1
[TIMING ts=20260721-143709] omnivoice.generator.graph.rebuild_ms 5.978414
[TIMING ts=20260721-143709] omnivoice.session.decode_ms 8.215269
[TIMING ts=20260721-143709] omnivoice.decoder.graph.rebuilt 1
[TIMING ts=20260721-143709] omnivoice.decoder.graph.rebuild_ms 0.770461
[TIMING ts=20260721-143709] omnivoice.session.postprocess_ms 4.36105
[TIMING ts=20260721-143709] session.wall_ms 1950.530085
request_index=9
request_id=line_10
[TIMING] request.line_10.wall_ms 1950.64
audio_out=./outputs/batch_infer/audiocpp_omnivoice_clone_batch_f32_step64/line_10.wav
  Completed at: 14:37:10
  Output dir: ./outputs/batch_infer/audiocpp_omnivoice_clone_batch_f32_step64

[27/32] weight_type=bf16 | steps=64 -> ./outputs/batch_infer/audiocpp_omnivoice_clone_batch_bf16_step64
  Started at: 14:37:10
[TRACE ts=20260721-143710] runtime.model.family omnivoice
[TRACE ts=20260721-143710] runtime.model.variant omnivoice
[TRACE ts=20260721-143710] runtime.model.root /home/ipt/kawshik/tts-testing/audio.cpp/models/OmniVoice
[TRACE ts=20260721-143710] runtime.model.discovered_config_count 6
[TRACE ts=20260721-143710] runtime.model.discovered_weight_count 2
[TRACE ts=20260721-143710] runtime.model.task_count 1
[TRACE ts=20260721-143710] runtime.model.language_count 1
[TRACE ts=20260721-143710] runtime.model.supports_speaker_reference 1
[TRACE ts=20260721-143710] runtime.model.supports_style_condition 1
[TRACE ts=20260721-143710] runtime.model.supports_timestamps 0
ggml_cuda_init: found 1 CUDA devices (Total VRAM: 24111 MiB):
  Device 0: NVIDIA GeForce RTX 4090, compute capability 8.9, VMM: yes, VRAM: 24111 MiB
ggml_backend_cuda_graph_compute: CUDA graph warmup complete
family=omnivoice
task=tts
mode=offline
[TIMING ts=20260721-143715] omnivoice.reference.encode_ms 1.694142
[TIMING ts=20260721-143715] omnivoice.encoder.graph.rebuilt 1
[TIMING ts=20260721-143715] omnivoice.session.prompt_ms 2.788578
[TIMING ts=20260721-143715] omnivoice.session.generate_ms 2049.141554
[TIMING ts=20260721-143715] omnivoice.generator.graph.rebuilt 1
[TIMING ts=20260721-143715] omnivoice.generator.graph.rebuild_ms 2.903308
[TIMING ts=20260721-143715] omnivoice.session.decode_ms 46.001705
[TIMING ts=20260721-143715] omnivoice.decoder.graph.rebuilt 1
[TIMING ts=20260721-143715] omnivoice.decoder.graph.rebuild_ms 1.5341
[TIMING ts=20260721-143715] omnivoice.session.postprocess_ms 6.094231
[TIMING ts=20260721-143715] session.wall_ms 2105.948407
ggml_backend_cuda_graph_compute: CUDA graph warmup complete
request_index=0
request_id=line_1
[TIMING] request.line_1.wall_ms 2106.09
audio_out=./outputs/batch_infer/audiocpp_omnivoice_clone_batch_bf16_step64/line_1.wav
[TIMING ts=20260721-143717] omnivoice.reference.encode_ms 1.73126
[TIMING ts=20260721-143717] omnivoice.encoder.graph.rebuilt 1
[TIMING ts=20260721-143717] omnivoice.session.prompt_ms 1.245056
[TIMING ts=20260721-143717] omnivoice.session.generate_ms 1976.066501
[TIMING ts=20260721-143717] omnivoice.generator.graph.rebuilt 1
[TIMING ts=20260721-143717] omnivoice.generator.graph.rebuild_ms 6.723352
[TIMING ts=20260721-143717] omnivoice.session.decode_ms 26.623644
[TIMING ts=20260721-143717] omnivoice.decoder.graph.rebuilt 1
[TIMING ts=20260721-143717] omnivoice.decoder.graph.rebuild_ms 2.417298
[TIMING ts=20260721-143717] omnivoice.session.postprocess_ms 4.831095
[TIMING ts=20260721-143717] session.wall_ms 2011.060165
ggml_backend_cuda_graph_compute: CUDA graph warmup complete
request_index=1
request_id=line_2
[TIMING] request.line_2.wall_ms 2011.18
audio_out=./outputs/batch_infer/audiocpp_omnivoice_clone_batch_bf16_step64/line_2.wav
[TIMING ts=20260721-143719] omnivoice.reference.encode_ms 1.396472
[TIMING ts=20260721-143719] omnivoice.encoder.graph.rebuilt 1
[TIMING ts=20260721-143719] omnivoice.session.prompt_ms 0.411449
[TIMING ts=20260721-143719] omnivoice.session.generate_ms 1933.994476
[TIMING ts=20260721-143719] omnivoice.generator.graph.rebuilt 1
[TIMING ts=20260721-143719] omnivoice.generator.graph.rebuild_ms 4.031757
[TIMING ts=20260721-143719] omnivoice.session.decode_ms 39.150425
[TIMING ts=20260721-143719] omnivoice.decoder.graph.rebuilt 1
[TIMING ts=20260721-143719] omnivoice.decoder.graph.rebuild_ms 1.067326
[TIMING ts=20260721-143719] omnivoice.session.postprocess_ms 5.159023
[TIMING ts=20260721-143719] session.wall_ms 1980.567561
ggml_backend_cuda_graph_compute: CUDA graph warmup complete
request_index=2
request_id=line_3
[TIMING] request.line_3.wall_ms 1980.87
audio_out=./outputs/batch_infer/audiocpp_omnivoice_clone_batch_bf16_step64/line_3.wav
[TIMING ts=20260721-143721] omnivoice.reference.encode_ms 1.357918
[TIMING ts=20260721-143721] omnivoice.encoder.graph.rebuilt 1
[TIMING ts=20260721-143721] omnivoice.session.prompt_ms 1.053049
[TIMING ts=20260721-143721] omnivoice.session.generate_ms 1897.492714
[TIMING ts=20260721-143721] omnivoice.generator.graph.rebuilt 1
[TIMING ts=20260721-143721] omnivoice.generator.graph.rebuild_ms 6.119512
[TIMING ts=20260721-143721] omnivoice.session.decode_ms 9.582314
[TIMING ts=20260721-143721] omnivoice.decoder.graph.rebuilt 1
[TIMING ts=20260721-143721] omnivoice.decoder.graph.rebuild_ms 0.831428
[TIMING ts=20260721-143721] omnivoice.session.postprocess_ms 4.712542
[TIMING ts=20260721-143721] session.wall_ms 1914.657551
ggml_backend_cuda_graph_compute: CUDA graph warmup complete
request_index=3
request_id=line_4
[TIMING] request.line_4.wall_ms 1914.75
audio_out=./outputs/batch_infer/audiocpp_omnivoice_clone_batch_bf16_step64/line_4.wav
[TIMING ts=20260721-143722] omnivoice.reference.encode_ms 1.487592
[TIMING ts=20260721-143722] omnivoice.encoder.graph.rebuilt 1
[TIMING ts=20260721-143722] omnivoice.session.prompt_ms 0.435757
[TIMING ts=20260721-143722] omnivoice.session.generate_ms 1857.859537
[TIMING ts=20260721-143722] omnivoice.generator.graph.rebuilt 1
[TIMING ts=20260721-143722] omnivoice.generator.graph.rebuild_ms 5.516971
[TIMING ts=20260721-143722] omnivoice.session.decode_ms 9.050476
[TIMING ts=20260721-143722] omnivoice.decoder.graph.rebuilt 1
[TIMING ts=20260721-143722] omnivoice.decoder.graph.rebuild_ms 0.784025
[TIMING ts=20260721-143722] omnivoice.session.postprocess_ms 4.812189
[TIMING ts=20260721-143722] session.wall_ms 1874.148691
ggml_backend_cuda_graph_compute: CUDA graph warmup complete
request_index=4
request_id=line_5
[TIMING] request.line_5.wall_ms 1874.25
audio_out=./outputs/batch_infer/audiocpp_omnivoice_clone_batch_bf16_step64/line_5.wav
[TIMING ts=20260721-143724] omnivoice.reference.encode_ms 1.423431
[TIMING ts=20260721-143724] omnivoice.encoder.graph.rebuilt 1
[TIMING ts=20260721-143724] omnivoice.session.prompt_ms 0.483575
[TIMING ts=20260721-143724] omnivoice.session.generate_ms 1901.891426
[TIMING ts=20260721-143724] omnivoice.generator.graph.rebuilt 1
[TIMING ts=20260721-143724] omnivoice.generator.graph.rebuild_ms 4.257294
[TIMING ts=20260721-143724] omnivoice.session.decode_ms 8.13339
[TIMING ts=20260721-143724] omnivoice.decoder.graph.rebuilt 1
[TIMING ts=20260721-143724] omnivoice.decoder.graph.rebuild_ms 0.970385
[TIMING ts=20260721-143724] omnivoice.session.postprocess_ms 4.76272
[TIMING ts=20260721-143724] session.wall_ms 1917.316206
ggml_backend_cuda_graph_compute: CUDA graph warmup complete
request_index=5
request_id=line_6
[TIMING] request.line_6.wall_ms 1917.44
audio_out=./outputs/batch_infer/audiocpp_omnivoice_clone_batch_bf16_step64/line_6.wav
[TIMING ts=20260721-143726] omnivoice.reference.encode_ms 1.530174
[TIMING ts=20260721-143726] omnivoice.encoder.graph.rebuilt 1
[TIMING ts=20260721-143726] omnivoice.session.prompt_ms 1.012496
[TIMING ts=20260721-143726] omnivoice.session.generate_ms 1912.165102
[TIMING ts=20260721-143726] omnivoice.generator.graph.rebuilt 1
[TIMING ts=20260721-143726] omnivoice.generator.graph.rebuild_ms 6.305829
[TIMING ts=20260721-143726] omnivoice.session.decode_ms 9.505157
[TIMING ts=20260721-143726] omnivoice.decoder.graph.rebuilt 1
[TIMING ts=20260721-143726] omnivoice.decoder.graph.rebuild_ms 0.836973
[TIMING ts=20260721-143726] omnivoice.session.postprocess_ms 5.592845
[TIMING ts=20260721-143726] session.wall_ms 1930.399254
ggml_backend_cuda_graph_compute: CUDA graph warmup complete
request_index=6
request_id=line_7
[TIMING] request.line_7.wall_ms 1930.5
audio_out=./outputs/batch_infer/audiocpp_omnivoice_clone_batch_bf16_step64/line_7.wav
[TIMING ts=20260721-143728] omnivoice.reference.encode_ms 1.694691
[TIMING ts=20260721-143728] omnivoice.encoder.graph.rebuilt 1
[TIMING ts=20260721-143728] omnivoice.session.prompt_ms 0.518079
[TIMING ts=20260721-143728] omnivoice.session.generate_ms 1906.104883
[TIMING ts=20260721-143728] omnivoice.generator.graph.rebuilt 0
[TIMING ts=20260721-143728] omnivoice.generator.graph.rebuild_ms 0
[TIMING ts=20260721-143728] omnivoice.session.decode_ms 28.800343
[TIMING ts=20260721-143728] omnivoice.decoder.graph.rebuilt 0
[TIMING ts=20260721-143728] omnivoice.decoder.graph.rebuild_ms 0
[TIMING ts=20260721-143728] omnivoice.session.postprocess_ms 7.030024
[TIMING ts=20260721-143728] session.wall_ms 1944.728266
ggml_backend_cuda_graph_compute: CUDA graph warmup complete
request_index=7
request_id=line_8
[TIMING] request.line_8.wall_ms 1944.82
audio_out=./outputs/batch_infer/audiocpp_omnivoice_clone_batch_bf16_step64/line_8.wav
[TIMING ts=20260721-143730] omnivoice.reference.encode_ms 1.473427
[TIMING ts=20260721-143730] omnivoice.encoder.graph.rebuilt 1
[TIMING ts=20260721-143730] omnivoice.session.prompt_ms 0.470138
[TIMING ts=20260721-143730] omnivoice.session.generate_ms 1962.782531
[TIMING ts=20260721-143730] omnivoice.generator.graph.rebuilt 1
[TIMING ts=20260721-143730] omnivoice.generator.graph.rebuild_ms 4.337356
[TIMING ts=20260721-143730] omnivoice.session.decode_ms 10.658941
[TIMING ts=20260721-143730] omnivoice.decoder.graph.rebuilt 1
[TIMING ts=20260721-143730] omnivoice.decoder.graph.rebuild_ms 1.576742
[TIMING ts=20260721-143730] omnivoice.session.postprocess_ms 4.234158
[TIMING ts=20260721-143730] session.wall_ms 1980.090923
ggml_backend_cuda_graph_compute: CUDA graph warmup complete
request_index=8
request_id=line_9
[TIMING] request.line_9.wall_ms 1980.24
audio_out=./outputs/batch_infer/audiocpp_omnivoice_clone_batch_bf16_step64/line_9.wav
[TIMING ts=20260721-143732] omnivoice.reference.encode_ms 1.475875
[TIMING ts=20260721-143732] omnivoice.encoder.graph.rebuilt 1
[TIMING ts=20260721-143732] omnivoice.session.prompt_ms 0.488105
[TIMING ts=20260721-143732] omnivoice.session.generate_ms 1987.093124
[TIMING ts=20260721-143732] omnivoice.generator.graph.rebuilt 1
[TIMING ts=20260721-143732] omnivoice.generator.graph.rebuild_ms 4.18822
[TIMING ts=20260721-143732] omnivoice.session.decode_ms 8.829144
[TIMING ts=20260721-143732] omnivoice.decoder.graph.rebuilt 1
[TIMING ts=20260721-143732] omnivoice.decoder.graph.rebuild_ms 1.081033
[TIMING ts=20260721-143732] omnivoice.session.postprocess_ms 4.530563
[TIMING ts=20260721-143732] session.wall_ms 2002.97028
request_index=9
request_id=line_10
[TIMING] request.line_10.wall_ms 2003.09
audio_out=./outputs/batch_infer/audiocpp_omnivoice_clone_batch_bf16_step64/line_10.wav
  Completed at: 14:37:32
  Output dir: ./outputs/batch_infer/audiocpp_omnivoice_clone_batch_bf16_step64

[28/32] weight_type=q8_0 | steps=64 -> ./outputs/batch_infer/audiocpp_omnivoice_clone_batch_q8_0_step64
  Started at: 14:37:32
[TRACE ts=20260721-143733] runtime.model.family omnivoice
[TRACE ts=20260721-143733] runtime.model.variant omnivoice
[TRACE ts=20260721-143733] runtime.model.root /home/ipt/kawshik/tts-testing/audio.cpp/models/OmniVoice
[TRACE ts=20260721-143733] runtime.model.discovered_config_count 6
[TRACE ts=20260721-143733] runtime.model.discovered_weight_count 2
[TRACE ts=20260721-143733] runtime.model.task_count 1
[TRACE ts=20260721-143733] runtime.model.language_count 1
[TRACE ts=20260721-143733] runtime.model.supports_speaker_reference 1
[TRACE ts=20260721-143733] runtime.model.supports_style_condition 1
[TRACE ts=20260721-143733] runtime.model.supports_timestamps 0
ggml_cuda_init: found 1 CUDA devices (Total VRAM: 24111 MiB):
  Device 0: NVIDIA GeForce RTX 4090, compute capability 8.9, VMM: yes, VRAM: 24111 MiB
ggml_backend_cuda_graph_compute: CUDA graph warmup complete
family=omnivoice
task=tts
mode=offline
[TIMING ts=20260721-143738] omnivoice.reference.encode_ms 1.466262
[TIMING ts=20260721-143738] omnivoice.encoder.graph.rebuilt 1
[TIMING ts=20260721-143738] omnivoice.session.prompt_ms 2.220573
[TIMING ts=20260721-143738] omnivoice.session.generate_ms 1980.527812
[TIMING ts=20260721-143738] omnivoice.generator.graph.rebuilt 1
[TIMING ts=20260721-143738] omnivoice.generator.graph.rebuild_ms 2.54753
[TIMING ts=20260721-143738] omnivoice.session.decode_ms 41.50697
[TIMING ts=20260721-143738] omnivoice.decoder.graph.rebuilt 1
[TIMING ts=20260721-143738] omnivoice.decoder.graph.rebuild_ms 1.521584
[TIMING ts=20260721-143738] omnivoice.session.postprocess_ms 5.037167
[TIMING ts=20260721-143738] session.wall_ms 2030.972349
ggml_backend_cuda_graph_compute: CUDA graph warmup complete
request_index=0
request_id=line_1
[TIMING] request.line_1.wall_ms 2031.11
audio_out=./outputs/batch_infer/audiocpp_omnivoice_clone_batch_q8_0_step64/line_1.wav
[TIMING ts=20260721-143740] omnivoice.reference.encode_ms 1.356776
[TIMING ts=20260721-143740] omnivoice.encoder.graph.rebuilt 1
[TIMING ts=20260721-143740] omnivoice.session.prompt_ms 0.976235
[TIMING ts=20260721-143740] omnivoice.session.generate_ms 1943.885648
[TIMING ts=20260721-143740] omnivoice.generator.graph.rebuilt 1
[TIMING ts=20260721-143740] omnivoice.generator.graph.rebuild_ms 5.970179
[TIMING ts=20260721-143740] omnivoice.session.decode_ms 9.555422
[TIMING ts=20260721-143740] omnivoice.decoder.graph.rebuilt 1
[TIMING ts=20260721-143740] omnivoice.decoder.graph.rebuild_ms 2.353074
[TIMING ts=20260721-143740] omnivoice.session.postprocess_ms 4.833757
[TIMING ts=20260721-143740] session.wall_ms 1961.126459
ggml_backend_cuda_graph_compute: CUDA graph warmup complete
request_index=1
request_id=line_2
[TIMING] request.line_2.wall_ms 1961.28
audio_out=./outputs/batch_infer/audiocpp_omnivoice_clone_batch_q8_0_step64/line_2.wav
[TIMING ts=20260721-143741] omnivoice.reference.encode_ms 1.410008
[TIMING ts=20260721-143741] omnivoice.encoder.graph.rebuilt 1
[TIMING ts=20260721-143741] omnivoice.session.prompt_ms 0.413741
[TIMING ts=20260721-143741] omnivoice.session.generate_ms 1945.455353
[TIMING ts=20260721-143741] omnivoice.generator.graph.rebuilt 1
[TIMING ts=20260721-143741] omnivoice.generator.graph.rebuild_ms 4.095745
[TIMING ts=20260721-143741] omnivoice.session.decode_ms 9.419678
[TIMING ts=20260721-143741] omnivoice.decoder.graph.rebuilt 1
[TIMING ts=20260721-143741] omnivoice.decoder.graph.rebuild_ms 1.194375
[TIMING ts=20260721-143741] omnivoice.session.postprocess_ms 6.088211
[TIMING ts=20260721-143741] session.wall_ms 1963.302051
ggml_backend_cuda_graph_compute: CUDA graph warmup complete
request_index=2
request_id=line_3
[TIMING] request.line_3.wall_ms 1963.62
audio_out=./outputs/batch_infer/audiocpp_omnivoice_clone_batch_q8_0_step64/line_3.wav
[TIMING ts=20260721-143744] omnivoice.reference.encode_ms 1.717185
[TIMING ts=20260721-143744] omnivoice.encoder.graph.rebuilt 1
[TIMING ts=20260721-143744] omnivoice.session.prompt_ms 1.246482
[TIMING ts=20260721-143744] omnivoice.session.generate_ms 2004.972317
[TIMING ts=20260721-143744] omnivoice.generator.graph.rebuilt 1
[TIMING ts=20260721-143744] omnivoice.generator.graph.rebuild_ms 7.091192
[TIMING ts=20260721-143744] omnivoice.session.decode_ms 10.07972
[TIMING ts=20260721-143744] omnivoice.decoder.graph.rebuilt 1
[TIMING ts=20260721-143744] omnivoice.decoder.graph.rebuild_ms 1.043827
[TIMING ts=20260721-143744] omnivoice.session.postprocess_ms 4.92553
[TIMING ts=20260721-143744] session.wall_ms 2023.523512
ggml_backend_cuda_graph_compute: CUDA graph warmup complete
request_index=3
request_id=line_4
[TIMING] request.line_4.wall_ms 2023.65
audio_out=./outputs/batch_infer/audiocpp_omnivoice_clone_batch_q8_0_step64/line_4.wav
[TIMING ts=20260721-143745] omnivoice.reference.encode_ms 1.559216
[TIMING ts=20260721-143745] omnivoice.encoder.graph.rebuilt 1
[TIMING ts=20260721-143745] omnivoice.session.prompt_ms 1.069376
[TIMING ts=20260721-143745] omnivoice.session.generate_ms 1977.241407
[TIMING ts=20260721-143745] omnivoice.generator.graph.rebuilt 1
[TIMING ts=20260721-143745] omnivoice.generator.graph.rebuild_ms 6.198153
[TIMING ts=20260721-143745] omnivoice.session.decode_ms 10.283624
[TIMING ts=20260721-143745] omnivoice.decoder.graph.rebuilt 1
[TIMING ts=20260721-143745] omnivoice.decoder.graph.rebuild_ms 0.853711
[TIMING ts=20260721-143745] omnivoice.session.postprocess_ms 4.933574
[TIMING ts=20260721-143745] session.wall_ms 1995.698036
ggml_backend_cuda_graph_compute: CUDA graph warmup complete
request_index=4
request_id=line_5
[TIMING] request.line_5.wall_ms 1995.79
audio_out=./outputs/batch_infer/audiocpp_omnivoice_clone_batch_q8_0_step64/line_5.wav
[TIMING ts=20260721-143748] omnivoice.reference.encode_ms 1.521278
[TIMING ts=20260721-143748] omnivoice.encoder.graph.rebuilt 1
[TIMING ts=20260721-143748] omnivoice.session.prompt_ms 0.453072
[TIMING ts=20260721-143748] omnivoice.session.generate_ms 2042.23185
[TIMING ts=20260721-143748] omnivoice.generator.graph.rebuilt 1
[TIMING ts=20260721-143748] omnivoice.generator.graph.rebuild_ms 4.4573
[TIMING ts=20260721-143748] omnivoice.session.decode_ms 9.659619
[TIMING ts=20260721-143748] omnivoice.decoder.graph.rebuilt 1
[TIMING ts=20260721-143748] omnivoice.decoder.graph.rebuild_ms 1.014319
[TIMING ts=20260721-143748] omnivoice.session.postprocess_ms 4.729335
[TIMING ts=20260721-143748] session.wall_ms 2059.114135
ggml_backend_cuda_graph_compute: CUDA graph warmup complete
request_index=5
request_id=line_6
[TIMING] request.line_6.wall_ms 2059.24
audio_out=./outputs/batch_infer/audiocpp_omnivoice_clone_batch_q8_0_step64/line_6.wav
[TIMING ts=20260721-143750] omnivoice.reference.encode_ms 1.447566
[TIMING ts=20260721-143750] omnivoice.encoder.graph.rebuilt 1
[TIMING ts=20260721-143750] omnivoice.session.prompt_ms 1.11579
[TIMING ts=20260721-143750] omnivoice.session.generate_ms 2026.792736
[TIMING ts=20260721-143750] omnivoice.generator.graph.rebuilt 1
[TIMING ts=20260721-143750] omnivoice.generator.graph.rebuild_ms 6.149257
[TIMING ts=20260721-143750] omnivoice.session.decode_ms 9.655053
[TIMING ts=20260721-143750] omnivoice.decoder.graph.rebuilt 1
[TIMING ts=20260721-143750] omnivoice.decoder.graph.rebuild_ms 0.763819
[TIMING ts=20260721-143750] omnivoice.session.postprocess_ms 4.760851
[TIMING ts=20260721-143750] session.wall_ms 2044.295634
ggml_backend_cuda_graph_compute: CUDA graph warmup complete
request_index=6
request_id=line_7
[TIMING] request.line_7.wall_ms 2044.41
audio_out=./outputs/batch_infer/audiocpp_omnivoice_clone_batch_q8_0_step64/line_7.wav
[TIMING ts=20260721-143752] omnivoice.reference.encode_ms 1.478181
[TIMING ts=20260721-143752] omnivoice.encoder.graph.rebuilt 1
[TIMING ts=20260721-143752] omnivoice.session.prompt_ms 0.434438
[TIMING ts=20260721-143752] omnivoice.session.generate_ms 2046.403886
[TIMING ts=20260721-143752] omnivoice.generator.graph.rebuilt 0
[TIMING ts=20260721-143752] omnivoice.generator.graph.rebuild_ms 0
[TIMING ts=20260721-143752] omnivoice.session.decode_ms 19.460512
[TIMING ts=20260721-143752] omnivoice.decoder.graph.rebuilt 0
[TIMING ts=20260721-143752] omnivoice.decoder.graph.rebuild_ms 0
[TIMING ts=20260721-143752] omnivoice.session.postprocess_ms 4.879833
[TIMING ts=20260721-143752] session.wall_ms 2073.146999
ggml_backend_cuda_graph_compute: CUDA graph warmup complete
request_index=7
request_id=line_8
[TIMING] request.line_8.wall_ms 2073.24
audio_out=./outputs/batch_infer/audiocpp_omnivoice_clone_batch_q8_0_step64/line_8.wav
[TIMING ts=20260721-143754] omnivoice.reference.encode_ms 1.511725
[TIMING ts=20260721-143754] omnivoice.encoder.graph.rebuilt 1
[TIMING ts=20260721-143754] omnivoice.session.prompt_ms 0.427219
[TIMING ts=20260721-143754] omnivoice.session.generate_ms 1983.304286
[TIMING ts=20260721-143754] omnivoice.generator.graph.rebuilt 1
[TIMING ts=20260721-143754] omnivoice.generator.graph.rebuild_ms 4.025624
[TIMING ts=20260721-143754] omnivoice.session.decode_ms 10.87076
[TIMING ts=20260721-143754] omnivoice.decoder.graph.rebuilt 1
[TIMING ts=20260721-143754] omnivoice.decoder.graph.rebuild_ms 2.609601
[TIMING ts=20260721-143754] omnivoice.session.postprocess_ms 4.47085
[TIMING ts=20260721-143754] session.wall_ms 2001.030123
ggml_backend_cuda_graph_compute: CUDA graph warmup complete
request_index=8
request_id=line_9
[TIMING] request.line_9.wall_ms 2001.14
audio_out=./outputs/batch_infer/audiocpp_omnivoice_clone_batch_q8_0_step64/line_9.wav
[TIMING ts=20260721-143756] omnivoice.reference.encode_ms 1.414493
[TIMING ts=20260721-143756] omnivoice.encoder.graph.rebuilt 1
[TIMING ts=20260721-143756] omnivoice.session.prompt_ms 1.015668
[TIMING ts=20260721-143756] omnivoice.session.generate_ms 1895.808616
[TIMING ts=20260721-143756] omnivoice.generator.graph.rebuilt 1
[TIMING ts=20260721-143756] omnivoice.generator.graph.rebuild_ms 6.315268
[TIMING ts=20260721-143756] omnivoice.session.decode_ms 6.699721
[TIMING ts=20260721-143756] omnivoice.decoder.graph.rebuilt 1
[TIMING ts=20260721-143756] omnivoice.decoder.graph.rebuild_ms 0.823303
[TIMING ts=20260721-143756] omnivoice.session.postprocess_ms 4.396599
[TIMING ts=20260721-143756] session.wall_ms 1909.911261
request_index=9
request_id=line_10
[TIMING] request.line_10.wall_ms 1910.01
audio_out=./outputs/batch_infer/audiocpp_omnivoice_clone_batch_q8_0_step64/line_10.wav
  Completed at: 14:37:56
  Output dir: ./outputs/batch_infer/audiocpp_omnivoice_clone_batch_q8_0_step64

[29/32] weight_type=f16 | steps=128 -> ./outputs/batch_infer/audiocpp_omnivoice_clone_batch_f16_step128
  Started at: 14:37:56
[TRACE ts=20260721-143756] runtime.model.family omnivoice
[TRACE ts=20260721-143756] runtime.model.variant omnivoice
[TRACE ts=20260721-143756] runtime.model.root /home/ipt/kawshik/tts-testing/audio.cpp/models/OmniVoice
[TRACE ts=20260721-143756] runtime.model.discovered_config_count 6
[TRACE ts=20260721-143756] runtime.model.discovered_weight_count 2
[TRACE ts=20260721-143756] runtime.model.task_count 1
[TRACE ts=20260721-143756] runtime.model.language_count 1
[TRACE ts=20260721-143756] runtime.model.supports_speaker_reference 1
[TRACE ts=20260721-143756] runtime.model.supports_style_condition 1
[TRACE ts=20260721-143756] runtime.model.supports_timestamps 0
ggml_cuda_init: found 1 CUDA devices (Total VRAM: 24111 MiB):
  Device 0: NVIDIA GeForce RTX 4090, compute capability 8.9, VMM: yes, VRAM: 24111 MiB
ggml_backend_cuda_graph_compute: CUDA graph warmup complete
family=omnivoice
task=tts
mode=offline
[TIMING ts=20260721-143803] omnivoice.reference.encode_ms 1.948063
[TIMING ts=20260721-143803] omnivoice.encoder.graph.rebuilt 1
[TIMING ts=20260721-143803] omnivoice.session.prompt_ms 3.208205
[TIMING ts=20260721-143803] omnivoice.session.generate_ms 3843.143327
[TIMING ts=20260721-143803] omnivoice.generator.graph.rebuilt 1
[TIMING ts=20260721-143803] omnivoice.generator.graph.rebuild_ms 3.287461
[TIMING ts=20260721-143803] omnivoice.session.decode_ms 46.698621
[TIMING ts=20260721-143803] omnivoice.decoder.graph.rebuilt 1
[TIMING ts=20260721-143803] omnivoice.decoder.graph.rebuild_ms 1.615981
[TIMING ts=20260721-143803] omnivoice.session.postprocess_ms 6.031241
[TIMING ts=20260721-143803] session.wall_ms 3901.270191
ggml_backend_cuda_graph_compute: CUDA graph warmup complete
request_index=0
request_id=line_1
[TIMING] request.line_1.wall_ms 3901.41
audio_out=./outputs/batch_infer/audiocpp_omnivoice_clone_batch_f16_step128/line_1.wav
[TIMING ts=20260721-143807] omnivoice.reference.encode_ms 1.69863
[TIMING ts=20260721-143807] omnivoice.encoder.graph.rebuilt 1
[TIMING ts=20260721-143807] omnivoice.session.prompt_ms 1.20787
[TIMING ts=20260721-143807] omnivoice.session.generate_ms 3780.265782
[TIMING ts=20260721-143807] omnivoice.generator.graph.rebuilt 1
[TIMING ts=20260721-143807] omnivoice.generator.graph.rebuild_ms 6.388621
[TIMING ts=20260721-143807] omnivoice.session.decode_ms 11.385599
[TIMING ts=20260721-143807] omnivoice.decoder.graph.rebuilt 1
[TIMING ts=20260721-143807] omnivoice.decoder.graph.rebuild_ms 2.796907
[TIMING ts=20260721-143807] omnivoice.session.postprocess_ms 5.301799
[TIMING ts=20260721-143807] session.wall_ms 3800.410037
ggml_backend_cuda_graph_compute: CUDA graph warmup complete
request_index=1
request_id=line_2
[TIMING] request.line_2.wall_ms 3800.52
audio_out=./outputs/batch_infer/audiocpp_omnivoice_clone_batch_f16_step128/line_2.wav
[TIMING ts=20260721-143810] omnivoice.reference.encode_ms 1.456473
[TIMING ts=20260721-143810] omnivoice.encoder.graph.rebuilt 1
[TIMING ts=20260721-143810] omnivoice.session.prompt_ms 1.117014
[TIMING ts=20260721-143810] omnivoice.session.generate_ms 3802.116423
[TIMING ts=20260721-143810] omnivoice.generator.graph.rebuilt 1
[TIMING ts=20260721-143810] omnivoice.generator.graph.rebuild_ms 6.225296
[TIMING ts=20260721-143810] omnivoice.session.decode_ms 10.215787
[TIMING ts=20260721-143810] omnivoice.decoder.graph.rebuilt 1
[TIMING ts=20260721-143810] omnivoice.decoder.graph.rebuild_ms 0.974571
[TIMING ts=20260721-143810] omnivoice.session.postprocess_ms 5.317734
[TIMING ts=20260721-143810] session.wall_ms 3820.759932
ggml_backend_cuda_graph_compute: CUDA graph warmup complete
request_index=2
request_id=line_3
[TIMING] request.line_3.wall_ms 3820.88
audio_out=./outputs/batch_infer/audiocpp_omnivoice_clone_batch_f16_step128/line_3.wav
[TIMING ts=20260721-143814] omnivoice.reference.encode_ms 1.488823
[TIMING ts=20260721-143814] omnivoice.encoder.graph.rebuilt 1
[TIMING ts=20260721-143814] omnivoice.session.prompt_ms 1.10476
[TIMING ts=20260721-143814] omnivoice.session.generate_ms 4007.025187
[TIMING ts=20260721-143814] omnivoice.generator.graph.rebuilt 1
[TIMING ts=20260721-143814] omnivoice.generator.graph.rebuild_ms 9.532692
[TIMING ts=20260721-143814] omnivoice.session.decode_ms 12.260662
[TIMING ts=20260721-143814] omnivoice.decoder.graph.rebuilt 1
[TIMING ts=20260721-143814] omnivoice.decoder.graph.rebuild_ms 0.812927
[TIMING ts=20260721-143814] omnivoice.session.postprocess_ms 4.984894
[TIMING ts=20260721-143814] session.wall_ms 4027.537556
ggml_backend_cuda_graph_compute: CUDA graph warmup complete
request_index=3
request_id=line_4
[TIMING] request.line_4.wall_ms 4027.64
audio_out=./outputs/batch_infer/audiocpp_omnivoice_clone_batch_f16_step128/line_4.wav
[TIMING ts=20260721-143819] omnivoice.reference.encode_ms 1.299573
[TIMING ts=20260721-143819] omnivoice.encoder.graph.rebuilt 1
[TIMING ts=20260721-143819] omnivoice.session.prompt_ms 0.405832
[TIMING ts=20260721-143819] omnivoice.session.generate_ms 4130.900717
[TIMING ts=20260721-143819] omnivoice.generator.graph.rebuilt 1
[TIMING ts=20260721-143819] omnivoice.generator.graph.rebuild_ms 5.159497
[TIMING ts=20260721-143819] omnivoice.session.decode_ms 11.182013
[TIMING ts=20260721-143819] omnivoice.decoder.graph.rebuilt 1
[TIMING ts=20260721-143819] omnivoice.decoder.graph.rebuild_ms 1.168438
[TIMING ts=20260721-143819] omnivoice.session.postprocess_ms 6.026258
[TIMING ts=20260721-143819] session.wall_ms 4150.268067
ggml_backend_cuda_graph_compute: CUDA graph warmup complete
request_index=4
request_id=line_5
[TIMING] request.line_5.wall_ms 4150.43
audio_out=./outputs/batch_infer/audiocpp_omnivoice_clone_batch_f16_step128/line_5.wav
[TIMING ts=20260721-143823] omnivoice.reference.encode_ms 1.747209
[TIMING ts=20260721-143823] omnivoice.encoder.graph.rebuilt 1
[TIMING ts=20260721-143823] omnivoice.session.prompt_ms 1.234594
[TIMING ts=20260721-143823] omnivoice.session.generate_ms 4036.503462
[TIMING ts=20260721-143823] omnivoice.generator.graph.rebuilt 1
[TIMING ts=20260721-143823] omnivoice.generator.graph.rebuild_ms 7.098187
[TIMING ts=20260721-143823] omnivoice.session.decode_ms 9.400342
[TIMING ts=20260721-143823] omnivoice.decoder.graph.rebuilt 1
[TIMING ts=20260721-143823] omnivoice.decoder.graph.rebuild_ms 0.80214
[TIMING ts=20260721-143823] omnivoice.session.postprocess_ms 4.521062
[TIMING ts=20260721-143823] session.wall_ms 4054.41869
ggml_backend_cuda_graph_compute: CUDA graph warmup complete
request_index=5
request_id=line_6
[TIMING] request.line_6.wall_ms 4054.5
audio_out=./outputs/batch_infer/audiocpp_omnivoice_clone_batch_f16_step128/line_6.wav
[TIMING ts=20260721-143827] omnivoice.reference.encode_ms 1.493069
[TIMING ts=20260721-143827] omnivoice.encoder.graph.rebuilt 1
[TIMING ts=20260721-143827] omnivoice.session.prompt_ms 0.410526
[TIMING ts=20260721-143827] omnivoice.session.generate_ms 3989.699588
[TIMING ts=20260721-143827] omnivoice.generator.graph.rebuilt 1
[TIMING ts=20260721-143827] omnivoice.generator.graph.rebuild_ms 4.217541
[TIMING ts=20260721-143827] omnivoice.session.decode_ms 10.880126
[TIMING ts=20260721-143827] omnivoice.decoder.graph.rebuilt 1
[TIMING ts=20260721-143827] omnivoice.decoder.graph.rebuild_ms 0.979865
[TIMING ts=20260721-143827] omnivoice.session.postprocess_ms 5.019173
[TIMING ts=20260721-143827] session.wall_ms 4008.051226
ggml_backend_cuda_graph_compute: CUDA graph warmup complete
request_index=6
request_id=line_7
[TIMING] request.line_7.wall_ms 4008.17
audio_out=./outputs/batch_infer/audiocpp_omnivoice_clone_batch_f16_step128/line_7.wav
[TIMING ts=20260721-143831] omnivoice.reference.encode_ms 1.301079
[TIMING ts=20260721-143831] omnivoice.encoder.graph.rebuilt 1
[TIMING ts=20260721-143831] omnivoice.session.prompt_ms 1.095543
[TIMING ts=20260721-143831] omnivoice.session.generate_ms 3955.237625
[TIMING ts=20260721-143831] omnivoice.generator.graph.rebuilt 0
[TIMING ts=20260721-143831] omnivoice.generator.graph.rebuild_ms 0
[TIMING ts=20260721-143831] omnivoice.session.decode_ms 20.201749
[TIMING ts=20260721-143831] omnivoice.decoder.graph.rebuilt 0
[TIMING ts=20260721-143831] omnivoice.decoder.graph.rebuild_ms 0
[TIMING ts=20260721-143831] omnivoice.session.postprocess_ms 5.542769
[TIMING ts=20260721-143831] session.wall_ms 3983.969936
ggml_backend_cuda_graph_compute: CUDA graph warmup complete
request_index=7
request_id=line_8
[TIMING] request.line_8.wall_ms 3984.06
audio_out=./outputs/batch_infer/audiocpp_omnivoice_clone_batch_f16_step128/line_8.wav
[TIMING ts=20260721-143835] omnivoice.reference.encode_ms 1.467131
[TIMING ts=20260721-143835] omnivoice.encoder.graph.rebuilt 1
[TIMING ts=20260721-143835] omnivoice.session.prompt_ms 0.441009
[TIMING ts=20260721-143835] omnivoice.session.generate_ms 3841.394871
[TIMING ts=20260721-143835] omnivoice.generator.graph.rebuilt 1
[TIMING ts=20260721-143835] omnivoice.generator.graph.rebuild_ms 7.184087
[TIMING ts=20260721-143835] omnivoice.session.decode_ms 9.846671
[TIMING ts=20260721-143835] omnivoice.decoder.graph.rebuilt 1
[TIMING ts=20260721-143835] omnivoice.decoder.graph.rebuild_ms 1.595387
[TIMING ts=20260721-143835] omnivoice.session.postprocess_ms 4.216672
[TIMING ts=20260721-143835] session.wall_ms 3857.928367
ggml_backend_cuda_graph_compute: CUDA graph warmup complete
request_index=8
request_id=line_9
[TIMING] request.line_9.wall_ms 3858.02
audio_out=./outputs/batch_infer/audiocpp_omnivoice_clone_batch_f16_step128/line_9.wav
[TIMING ts=20260721-143839] omnivoice.reference.encode_ms 1.314785
[TIMING ts=20260721-143839] omnivoice.encoder.graph.rebuilt 1
[TIMING ts=20260721-143839] omnivoice.session.prompt_ms 0.425972
[TIMING ts=20260721-143839] omnivoice.session.generate_ms 3957.62502
[TIMING ts=20260721-143839] omnivoice.generator.graph.rebuilt 1
[TIMING ts=20260721-143839] omnivoice.generator.graph.rebuild_ms 4.095957
[TIMING ts=20260721-143839] omnivoice.session.decode_ms 9.136896
[TIMING ts=20260721-143839] omnivoice.decoder.graph.rebuilt 1
[TIMING ts=20260721-143839] omnivoice.decoder.graph.rebuild_ms 0.776324
[TIMING ts=20260721-143839] omnivoice.session.postprocess_ms 4.197823
[TIMING ts=20260721-143839] session.wall_ms 3973.294408
request_index=9
request_id=line_10
[TIMING] request.line_10.wall_ms 3973.4
audio_out=./outputs/batch_infer/audiocpp_omnivoice_clone_batch_f16_step128/line_10.wav
  Completed at: 14:38:39
  Output dir: ./outputs/batch_infer/audiocpp_omnivoice_clone_batch_f16_step128

[30/32] weight_type=f32 | steps=128 -> ./outputs/batch_infer/audiocpp_omnivoice_clone_batch_f32_step128
  Started at: 14:38:39
[TRACE ts=20260721-143839] runtime.model.family omnivoice
[TRACE ts=20260721-143839] runtime.model.variant omnivoice
[TRACE ts=20260721-143839] runtime.model.root /home/ipt/kawshik/tts-testing/audio.cpp/models/OmniVoice
[TRACE ts=20260721-143839] runtime.model.discovered_config_count 6
[TRACE ts=20260721-143839] runtime.model.discovered_weight_count 2
[TRACE ts=20260721-143839] runtime.model.task_count 1
[TRACE ts=20260721-143839] runtime.model.language_count 1
[TRACE ts=20260721-143839] runtime.model.supports_speaker_reference 1
[TRACE ts=20260721-143839] runtime.model.supports_style_condition 1
[TRACE ts=20260721-143839] runtime.model.supports_timestamps 0
ggml_cuda_init: found 1 CUDA devices (Total VRAM: 24111 MiB):
  Device 0: NVIDIA GeForce RTX 4090, compute capability 8.9, VMM: yes, VRAM: 24111 MiB
ggml_backend_cuda_graph_compute: CUDA graph warmup complete
family=omnivoice
task=tts
mode=offline
[TIMING ts=20260721-143846] omnivoice.reference.encode_ms 2.364042
[TIMING ts=20260721-143846] omnivoice.encoder.graph.rebuilt 1
[TIMING ts=20260721-143846] omnivoice.session.prompt_ms 3.402399
[TIMING ts=20260721-143846] omnivoice.session.generate_ms 3873.574817
[TIMING ts=20260721-143846] omnivoice.generator.graph.rebuilt 1
[TIMING ts=20260721-143846] omnivoice.generator.graph.rebuild_ms 4.00069
[TIMING ts=20260721-143846] omnivoice.session.decode_ms 42.894603
[TIMING ts=20260721-143846] omnivoice.decoder.graph.rebuilt 1
[TIMING ts=20260721-143846] omnivoice.decoder.graph.rebuild_ms 1.570617
[TIMING ts=20260721-143846] omnivoice.session.postprocess_ms 4.826811
[TIMING ts=20260721-143846] session.wall_ms 3927.344792
ggml_backend_cuda_graph_compute: CUDA graph warmup complete
request_index=0
request_id=line_1
[TIMING] request.line_1.wall_ms 3927.47
audio_out=./outputs/batch_infer/audiocpp_omnivoice_clone_batch_f32_step128/line_1.wav
[TIMING ts=20260721-143850] omnivoice.reference.encode_ms 1.484565
[TIMING ts=20260721-143850] omnivoice.encoder.graph.rebuilt 1
[TIMING ts=20260721-143850] omnivoice.session.prompt_ms 3.03646
[TIMING ts=20260721-143850] omnivoice.session.generate_ms 3810.673256
[TIMING ts=20260721-143850] omnivoice.generator.graph.rebuilt 1
[TIMING ts=20260721-143850] omnivoice.generator.graph.rebuild_ms 6.244536
[TIMING ts=20260721-143850] omnivoice.session.decode_ms 12.489471
[TIMING ts=20260721-143850] omnivoice.decoder.graph.rebuilt 1
[TIMING ts=20260721-143850] omnivoice.decoder.graph.rebuild_ms 2.574705
[TIMING ts=20260721-143850] omnivoice.session.postprocess_ms 4.929805
[TIMING ts=20260721-143850] session.wall_ms 3833.154905
ggml_backend_cuda_graph_compute: CUDA graph warmup complete
request_index=1
request_id=line_2
[TIMING] request.line_2.wall_ms 3833.25
audio_out=./outputs/batch_infer/audiocpp_omnivoice_clone_batch_f32_step128/line_2.wav
[TIMING ts=20260721-143853] omnivoice.reference.encode_ms 1.337913
[TIMING ts=20260721-143853] omnivoice.encoder.graph.rebuilt 1
[TIMING ts=20260721-143853] omnivoice.session.prompt_ms 1.087806
[TIMING ts=20260721-143853] omnivoice.session.generate_ms 3918.131671
[TIMING ts=20260721-143853] omnivoice.generator.graph.rebuilt 1
[TIMING ts=20260721-143853] omnivoice.generator.graph.rebuild_ms 5.757226
[TIMING ts=20260721-143853] omnivoice.session.decode_ms 9.642794
[TIMING ts=20260721-143853] omnivoice.decoder.graph.rebuilt 1
[TIMING ts=20260721-143853] omnivoice.decoder.graph.rebuild_ms 0.984213
[TIMING ts=20260721-143853] omnivoice.session.postprocess_ms 5.22438
[TIMING ts=20260721-143853] session.wall_ms 3935.65414
ggml_backend_cuda_graph_compute: CUDA graph warmup complete
request_index=2
request_id=line_3
[TIMING] request.line_3.wall_ms 3935.78
audio_out=./outputs/batch_infer/audiocpp_omnivoice_clone_batch_f32_step128/line_3.wav
[TIMING ts=20260721-143857] omnivoice.reference.encode_ms 1.514778
[TIMING ts=20260721-143857] omnivoice.encoder.graph.rebuilt 1
[TIMING ts=20260721-143857] omnivoice.session.prompt_ms 1.215809
[TIMING ts=20260721-143857] omnivoice.session.generate_ms 3915.02617
[TIMING ts=20260721-143857] omnivoice.generator.graph.rebuilt 1
[TIMING ts=20260721-143857] omnivoice.generator.graph.rebuild_ms 6.301296
[TIMING ts=20260721-143857] omnivoice.session.decode_ms 9.488463
[TIMING ts=20260721-143857] omnivoice.decoder.graph.rebuilt 1
[TIMING ts=20260721-143857] omnivoice.decoder.graph.rebuild_ms 0.786691
[TIMING ts=20260721-143857] omnivoice.session.postprocess_ms 5.154611
[TIMING ts=20260721-143857] session.wall_ms 3933.052919
ggml_backend_cuda_graph_compute: CUDA graph warmup complete
request_index=3
request_id=line_4
[TIMING] request.line_4.wall_ms 3933.18
audio_out=./outputs/batch_infer/audiocpp_omnivoice_clone_batch_f32_step128/line_4.wav
[TIMING ts=20260721-143902] omnivoice.reference.encode_ms 1.486004
[TIMING ts=20260721-143902] omnivoice.encoder.graph.rebuilt 1
[TIMING ts=20260721-143902] omnivoice.session.prompt_ms 0.473
[TIMING ts=20260721-143902] omnivoice.session.generate_ms 4080.760957
[TIMING ts=20260721-143902] omnivoice.generator.graph.rebuilt 1
[TIMING ts=20260721-143902] omnivoice.generator.graph.rebuild_ms 4.377752
[TIMING ts=20260721-143902] omnivoice.session.decode_ms 9.466291
[TIMING ts=20260721-143902] omnivoice.decoder.graph.rebuilt 1
[TIMING ts=20260721-143902] omnivoice.decoder.graph.rebuild_ms 0.953296
[TIMING ts=20260721-143902] omnivoice.session.postprocess_ms 4.848185
[TIMING ts=20260721-143902] session.wall_ms 4097.482658
ggml_backend_cuda_graph_compute: CUDA graph warmup complete
request_index=4
request_id=line_5
[TIMING] request.line_5.wall_ms 4097.59
audio_out=./outputs/batch_infer/audiocpp_omnivoice_clone_batch_f32_step128/line_5.wav
[TIMING ts=20260721-143906] omnivoice.reference.encode_ms 1.491573
[TIMING ts=20260721-143906] omnivoice.encoder.graph.rebuilt 1
[TIMING ts=20260721-143906] omnivoice.session.prompt_ms 1.088167
[TIMING ts=20260721-143906] omnivoice.session.generate_ms 3997.218933
[TIMING ts=20260721-143906] omnivoice.generator.graph.rebuilt 1
[TIMING ts=20260721-143906] omnivoice.generator.graph.rebuild_ms 6.17444
[TIMING ts=20260721-143906] omnivoice.session.decode_ms 9.295749
[TIMING ts=20260721-143906] omnivoice.decoder.graph.rebuilt 1
[TIMING ts=20260721-143906] omnivoice.decoder.graph.rebuild_ms 1.015462
[TIMING ts=20260721-143906] omnivoice.session.postprocess_ms 4.702928
[TIMING ts=20260721-143906] session.wall_ms 4014.757603
ggml_backend_cuda_graph_compute: CUDA graph warmup complete
request_index=5
request_id=line_6
[TIMING] request.line_6.wall_ms 4014.88
audio_out=./outputs/batch_infer/audiocpp_omnivoice_clone_batch_f32_step128/line_6.wav
[TIMING ts=20260721-143910] omnivoice.reference.encode_ms 1.961797
[TIMING ts=20260721-143910] omnivoice.encoder.graph.rebuilt 1
[TIMING ts=20260721-143910] omnivoice.session.prompt_ms 1.385538
[TIMING ts=20260721-143910] omnivoice.session.generate_ms 3976.724522
[TIMING ts=20260721-143910] omnivoice.generator.graph.rebuilt 1
[TIMING ts=20260721-143910] omnivoice.generator.graph.rebuild_ms 6.346763
[TIMING ts=20260721-143910] omnivoice.session.decode_ms 9.850748
[TIMING ts=20260721-143910] omnivoice.decoder.graph.rebuilt 1
[TIMING ts=20260721-143910] omnivoice.decoder.graph.rebuild_ms 0.855745
[TIMING ts=20260721-143910] omnivoice.session.postprocess_ms 4.53449
[TIMING ts=20260721-143910] session.wall_ms 3995.288934
ggml_backend_cuda_graph_compute: CUDA graph warmup complete
request_index=6
request_id=line_7
[TIMING] request.line_7.wall_ms 3995.37
audio_out=./outputs/batch_infer/audiocpp_omnivoice_clone_batch_f32_step128/line_7.wav
[TIMING ts=20260721-143913] omnivoice.reference.encode_ms 1.508636
[TIMING ts=20260721-143913] omnivoice.encoder.graph.rebuilt 1
[TIMING ts=20260721-143913] omnivoice.session.prompt_ms 0.632534
[TIMING ts=20260721-143913] omnivoice.session.generate_ms 3866.678154
[TIMING ts=20260721-143913] omnivoice.generator.graph.rebuilt 0
[TIMING ts=20260721-143913] omnivoice.generator.graph.rebuild_ms 0
[TIMING ts=20260721-143913] omnivoice.session.decode_ms 21.286121
[TIMING ts=20260721-143913] omnivoice.decoder.graph.rebuilt 0
[TIMING ts=20260721-143913] omnivoice.decoder.graph.rebuild_ms 0
[TIMING ts=20260721-143913] omnivoice.session.postprocess_ms 4.912644
[TIMING ts=20260721-143913] session.wall_ms 3895.489864
ggml_backend_cuda_graph_compute: CUDA graph warmup complete
request_index=7
request_id=line_8
[TIMING] request.line_8.wall_ms 3895.62
audio_out=./outputs/batch_infer/audiocpp_omnivoice_clone_batch_f32_step128/line_8.wav
[TIMING ts=20260721-143918] omnivoice.reference.encode_ms 1.456684
[TIMING ts=20260721-143918] omnivoice.encoder.graph.rebuilt 1
[TIMING ts=20260721-143918] omnivoice.session.prompt_ms 1.128358
[TIMING ts=20260721-143918] omnivoice.session.generate_ms 4115.372243
[TIMING ts=20260721-143918] omnivoice.generator.graph.rebuilt 1
[TIMING ts=20260721-143918] omnivoice.generator.graph.rebuild_ms 6.146527
[TIMING ts=20260721-143918] omnivoice.session.decode_ms 10.813653
[TIMING ts=20260721-143918] omnivoice.decoder.graph.rebuilt 1
[TIMING ts=20260721-143918] omnivoice.decoder.graph.rebuild_ms 1.613018
[TIMING ts=20260721-143918] omnivoice.session.postprocess_ms 4.179182
[TIMING ts=20260721-143918] session.wall_ms 4133.454696
ggml_backend_cuda_graph_compute: CUDA graph warmup complete
request_index=8
request_id=line_9
[TIMING] request.line_9.wall_ms 4133.6
audio_out=./outputs/batch_infer/audiocpp_omnivoice_clone_batch_f32_step128/line_9.wav
[TIMING ts=20260721-143922] omnivoice.reference.encode_ms 1.478457
[TIMING ts=20260721-143922] omnivoice.encoder.graph.rebuilt 1
[TIMING ts=20260721-143922] omnivoice.session.prompt_ms 0.573106
[TIMING ts=20260721-143922] omnivoice.session.generate_ms 3981.135278
[TIMING ts=20260721-143922] omnivoice.generator.graph.rebuilt 1
[TIMING ts=20260721-143922] omnivoice.generator.graph.rebuild_ms 4.214745
[TIMING ts=20260721-143922] omnivoice.session.decode_ms 9.663049
[TIMING ts=20260721-143922] omnivoice.decoder.graph.rebuilt 1
[TIMING ts=20260721-143922] omnivoice.decoder.graph.rebuild_ms 0.946638
[TIMING ts=20260721-143922] omnivoice.session.postprocess_ms 4.557284
[TIMING ts=20260721-143922] session.wall_ms 3997.972457
request_index=9
request_id=line_10
[TIMING] request.line_10.wall_ms 3998.07
audio_out=./outputs/batch_infer/audiocpp_omnivoice_clone_batch_f32_step128/line_10.wav
  Completed at: 14:39:22
  Output dir: ./outputs/batch_infer/audiocpp_omnivoice_clone_batch_f32_step128

[31/32] weight_type=bf16 | steps=128 -> ./outputs/batch_infer/audiocpp_omnivoice_clone_batch_bf16_step128
  Started at: 14:39:22
[TRACE ts=20260721-143922] runtime.model.family omnivoice
[TRACE ts=20260721-143922] runtime.model.variant omnivoice
[TRACE ts=20260721-143922] runtime.model.root /home/ipt/kawshik/tts-testing/audio.cpp/models/OmniVoice
[TRACE ts=20260721-143922] runtime.model.discovered_config_count 6
[TRACE ts=20260721-143922] runtime.model.discovered_weight_count 2
[TRACE ts=20260721-143922] runtime.model.task_count 1
[TRACE ts=20260721-143922] runtime.model.language_count 1
[TRACE ts=20260721-143922] runtime.model.supports_speaker_reference 1
[TRACE ts=20260721-143922] runtime.model.supports_style_condition 1
[TRACE ts=20260721-143922] runtime.model.supports_timestamps 0
ggml_cuda_init: found 1 CUDA devices (Total VRAM: 24111 MiB):
  Device 0: NVIDIA GeForce RTX 4090, compute capability 8.9, VMM: yes, VRAM: 24111 MiB
ggml_backend_cuda_graph_compute: CUDA graph warmup complete
family=omnivoice
task=tts
mode=offline
[TIMING ts=20260721-143929] omnivoice.reference.encode_ms 1.693934
[TIMING ts=20260721-143929] omnivoice.encoder.graph.rebuilt 1
[TIMING ts=20260721-143929] omnivoice.session.prompt_ms 4.952931
[TIMING ts=20260721-143929] omnivoice.session.generate_ms 4072.923068
[TIMING ts=20260721-143929] omnivoice.generator.graph.rebuilt 1
[TIMING ts=20260721-143929] omnivoice.generator.graph.rebuild_ms 2.995041
[TIMING ts=20260721-143929] omnivoice.session.decode_ms 49.738299
[TIMING ts=20260721-143929] omnivoice.decoder.graph.rebuilt 1
[TIMING ts=20260721-143929] omnivoice.decoder.graph.rebuild_ms 1.608089
[TIMING ts=20260721-143929] omnivoice.session.postprocess_ms 6.123791
[TIMING ts=20260721-143929] session.wall_ms 4135.660125
ggml_backend_cuda_graph_compute: CUDA graph warmup complete
request_index=0
request_id=line_1
[TIMING] request.line_1.wall_ms 4135.79
audio_out=./outputs/batch_infer/audiocpp_omnivoice_clone_batch_bf16_step128/line_1.wav
[TIMING ts=20260721-143933] omnivoice.reference.encode_ms 1.982816
[TIMING ts=20260721-143933] omnivoice.encoder.graph.rebuilt 1
[TIMING ts=20260721-143933] omnivoice.session.prompt_ms 1.341553
[TIMING ts=20260721-143933] omnivoice.session.generate_ms 4150.152864
[TIMING ts=20260721-143933] omnivoice.generator.graph.rebuilt 1
[TIMING ts=20260721-143933] omnivoice.generator.graph.rebuild_ms 6.678858
[TIMING ts=20260721-143933] omnivoice.session.decode_ms 11.042094
[TIMING ts=20260721-143933] omnivoice.decoder.graph.rebuilt 1
[TIMING ts=20260721-143933] omnivoice.decoder.graph.rebuild_ms 2.345632
[TIMING ts=20260721-143933] omnivoice.session.postprocess_ms 4.672819
[TIMING ts=20260721-143933] session.wall_ms 4169.750181
ggml_backend_cuda_graph_compute: CUDA graph warmup complete
request_index=1
request_id=line_2
[TIMING] request.line_2.wall_ms 4169.85
audio_out=./outputs/batch_infer/audiocpp_omnivoice_clone_batch_bf16_step128/line_2.wav
[TIMING ts=20260721-143937] omnivoice.reference.encode_ms 1.463892
[TIMING ts=20260721-143937] omnivoice.encoder.graph.rebuilt 1
[TIMING ts=20260721-143937] omnivoice.session.prompt_ms 0.504974
[TIMING ts=20260721-143937] omnivoice.session.generate_ms 3891.534505
[TIMING ts=20260721-143937] omnivoice.generator.graph.rebuilt 1
[TIMING ts=20260721-143937] omnivoice.generator.graph.rebuild_ms 4.164504
[TIMING ts=20260721-143937] omnivoice.session.decode_ms 10.349072
[TIMING ts=20260721-143937] omnivoice.decoder.graph.rebuilt 1
[TIMING ts=20260721-143937] omnivoice.decoder.graph.rebuild_ms 1.051289
[TIMING ts=20260721-143937] omnivoice.session.postprocess_ms 5.072116
[TIMING ts=20260721-143937] session.wall_ms 3909.389968
ggml_backend_cuda_graph_compute: CUDA graph warmup complete
request_index=2
request_id=line_3
[TIMING] request.line_3.wall_ms 3909.51
audio_out=./outputs/batch_infer/audiocpp_omnivoice_clone_batch_bf16_step128/line_3.wav
[TIMING ts=20260721-143941] omnivoice.reference.encode_ms 1.559529
[TIMING ts=20260721-143941] omnivoice.encoder.graph.rebuilt 1
[TIMING ts=20260721-143941] omnivoice.session.prompt_ms 1.221185
[TIMING ts=20260721-143941] omnivoice.session.generate_ms 3895.357608
[TIMING ts=20260721-143941] omnivoice.generator.graph.rebuilt 1
[TIMING ts=20260721-143941] omnivoice.generator.graph.rebuild_ms 6.376505
[TIMING ts=20260721-143941] omnivoice.session.decode_ms 10.67677
[TIMING ts=20260721-143941] omnivoice.decoder.graph.rebuilt 1
[TIMING ts=20260721-143941] omnivoice.decoder.graph.rebuild_ms 0.927917
[TIMING ts=20260721-143941] omnivoice.session.postprocess_ms 5.46234
[TIMING ts=20260721-143941] session.wall_ms 3914.924936
ggml_backend_cuda_graph_compute: CUDA graph warmup complete
request_index=3
request_id=line_4
[TIMING] request.line_4.wall_ms 3915.04
audio_out=./outputs/batch_infer/audiocpp_omnivoice_clone_batch_bf16_step128/line_4.wav
[TIMING ts=20260721-143945] omnivoice.reference.encode_ms 1.50085
[TIMING ts=20260721-143945] omnivoice.encoder.graph.rebuilt 1
[TIMING ts=20260721-143945] omnivoice.session.prompt_ms 1.157851
[TIMING ts=20260721-143945] omnivoice.session.generate_ms 3785.081361
[TIMING ts=20260721-143945] omnivoice.generator.graph.rebuilt 1
[TIMING ts=20260721-143945] omnivoice.generator.graph.rebuild_ms 6.300249
[TIMING ts=20260721-143945] omnivoice.session.decode_ms 8.730249
[TIMING ts=20260721-143945] omnivoice.decoder.graph.rebuilt 1
[TIMING ts=20260721-143945] omnivoice.decoder.graph.rebuild_ms 0.767884
[TIMING ts=20260721-143945] omnivoice.session.postprocess_ms 5.008117
[TIMING ts=20260721-143945] session.wall_ms 3801.979831
ggml_backend_cuda_graph_compute: CUDA graph warmup complete
request_index=4
request_id=line_5
[TIMING] request.line_5.wall_ms 3802.09
audio_out=./outputs/batch_infer/audiocpp_omnivoice_clone_batch_bf16_step128/line_5.wav
[TIMING ts=20260721-143949] omnivoice.reference.encode_ms 1.403072
[TIMING ts=20260721-143949] omnivoice.encoder.graph.rebuilt 1
[TIMING ts=20260721-143949] omnivoice.session.prompt_ms 0.577527
[TIMING ts=20260721-143949] omnivoice.session.generate_ms 4041.369544
[TIMING ts=20260721-143949] omnivoice.generator.graph.rebuilt 1
[TIMING ts=20260721-143949] omnivoice.generator.graph.rebuild_ms 4.388619
[TIMING ts=20260721-143949] omnivoice.session.decode_ms 9.884958
[TIMING ts=20260721-143949] omnivoice.decoder.graph.rebuilt 1
[TIMING ts=20260721-143949] omnivoice.decoder.graph.rebuild_ms 1.135569
[TIMING ts=20260721-143949] omnivoice.session.postprocess_ms 5.823502
[TIMING ts=20260721-143949] session.wall_ms 4060.047201
ggml_backend_cuda_graph_compute: CUDA graph warmup complete
request_index=5
request_id=line_6
[TIMING] request.line_6.wall_ms 4060.18
audio_out=./outputs/batch_infer/audiocpp_omnivoice_clone_batch_bf16_step128/line_6.wav
[TIMING ts=20260721-143953] omnivoice.reference.encode_ms 1.696731
[TIMING ts=20260721-143953] omnivoice.encoder.graph.rebuilt 1
[TIMING ts=20260721-143953] omnivoice.session.prompt_ms 1.278418
[TIMING ts=20260721-143953] omnivoice.session.generate_ms 4067.392205
[TIMING ts=20260721-143953] omnivoice.generator.graph.rebuilt 1
[TIMING ts=20260721-143953] omnivoice.generator.graph.rebuild_ms 6.985639
[TIMING ts=20260721-143953] omnivoice.session.decode_ms 9.584513
[TIMING ts=20260721-143953] omnivoice.decoder.graph.rebuilt 1
[TIMING ts=20260721-143953] omnivoice.decoder.graph.rebuild_ms 0.837595
[TIMING ts=20260721-143953] omnivoice.session.postprocess_ms 4.594993
[TIMING ts=20260721-143953] session.wall_ms 4085.403061
ggml_backend_cuda_graph_compute: CUDA graph warmup complete
request_index=6
request_id=line_7
[TIMING] request.line_7.wall_ms 4085.48
audio_out=./outputs/batch_infer/audiocpp_omnivoice_clone_batch_bf16_step128/line_7.wav
[TIMING ts=20260721-143957] omnivoice.reference.encode_ms 1.392266
[TIMING ts=20260721-143957] omnivoice.encoder.graph.rebuilt 1
[TIMING ts=20260721-143957] omnivoice.session.prompt_ms 0.564691
[TIMING ts=20260721-143957] omnivoice.session.generate_ms 4125.452635
[TIMING ts=20260721-143957] omnivoice.generator.graph.rebuilt 0
[TIMING ts=20260721-143957] omnivoice.generator.graph.rebuild_ms 0
[TIMING ts=20260721-143957] omnivoice.session.decode_ms 19.636958
[TIMING ts=20260721-143957] omnivoice.decoder.graph.rebuilt 0
[TIMING ts=20260721-143957] omnivoice.decoder.graph.rebuild_ms 0
[TIMING ts=20260721-143957] omnivoice.session.postprocess_ms 5.085339
[TIMING ts=20260721-143957] session.wall_ms 4152.667629
ggml_backend_cuda_graph_compute: CUDA graph warmup complete
request_index=7
request_id=line_8
[TIMING] request.line_8.wall_ms 4152.8
audio_out=./outputs/batch_infer/audiocpp_omnivoice_clone_batch_bf16_step128/line_8.wav
[TIMING ts=20260721-144001] omnivoice.reference.encode_ms 1.526157
[TIMING ts=20260721-144001] omnivoice.encoder.graph.rebuilt 1
[TIMING ts=20260721-144001] omnivoice.session.prompt_ms 0.596473
[TIMING ts=20260721-144001] omnivoice.session.generate_ms 4101.707935
[TIMING ts=20260721-144001] omnivoice.generator.graph.rebuilt 1
[TIMING ts=20260721-144001] omnivoice.generator.graph.rebuild_ms 4.415325
[TIMING ts=20260721-144001] omnivoice.session.decode_ms 12.391841
[TIMING ts=20260721-144001] omnivoice.decoder.graph.rebuilt 1
[TIMING ts=20260721-144001] omnivoice.decoder.graph.rebuild_ms 2.57422
[TIMING ts=20260721-144001] omnivoice.session.postprocess_ms 4.623358
[TIMING ts=20260721-144001] session.wall_ms 4121.06298
ggml_backend_cuda_graph_compute: CUDA graph warmup complete
request_index=8
request_id=line_9
[TIMING] request.line_9.wall_ms 4121.19
audio_out=./outputs/batch_infer/audiocpp_omnivoice_clone_batch_bf16_step128/line_9.wav
[TIMING ts=20260721-144005] omnivoice.reference.encode_ms 1.545087
[TIMING ts=20260721-144005] omnivoice.encoder.graph.rebuilt 1
[TIMING ts=20260721-144005] omnivoice.session.prompt_ms 1.225642
[TIMING ts=20260721-144005] omnivoice.session.generate_ms 3749.776676
[TIMING ts=20260721-144005] omnivoice.generator.graph.rebuilt 1
[TIMING ts=20260721-144005] omnivoice.generator.graph.rebuild_ms 6.489459
[TIMING ts=20260721-144005] omnivoice.session.decode_ms 9.264227
[TIMING ts=20260721-144005] omnivoice.decoder.graph.rebuilt 1
[TIMING ts=20260721-144005] omnivoice.decoder.graph.rebuild_ms 0.83719
[TIMING ts=20260721-144005] omnivoice.session.postprocess_ms 4.488498
[TIMING ts=20260721-144005] session.wall_ms 3766.887986
request_index=9
request_id=line_10
[TIMING] request.line_10.wall_ms 3766.98
audio_out=./outputs/batch_infer/audiocpp_omnivoice_clone_batch_bf16_step128/line_10.wav
  Completed at: 14:40:05
  Output dir: ./outputs/batch_infer/audiocpp_omnivoice_clone_batch_bf16_step128

[32/32] weight_type=q8_0 | steps=128 -> ./outputs/batch_infer/audiocpp_omnivoice_clone_batch_q8_0_step128
  Started at: 14:40:05
[TRACE ts=20260721-144005] runtime.model.family omnivoice
[TRACE ts=20260721-144005] runtime.model.variant omnivoice
[TRACE ts=20260721-144005] runtime.model.root /home/ipt/kawshik/tts-testing/audio.cpp/models/OmniVoice
[TRACE ts=20260721-144005] runtime.model.discovered_config_count 6
[TRACE ts=20260721-144005] runtime.model.discovered_weight_count 2
[TRACE ts=20260721-144005] runtime.model.task_count 1
[TRACE ts=20260721-144005] runtime.model.language_count 1
[TRACE ts=20260721-144005] runtime.model.supports_speaker_reference 1
[TRACE ts=20260721-144005] runtime.model.supports_style_condition 1
[TRACE ts=20260721-144005] runtime.model.supports_timestamps 0
ggml_cuda_init: found 1 CUDA devices (Total VRAM: 24111 MiB):
  Device 0: NVIDIA GeForce RTX 4090, compute capability 8.9, VMM: yes, VRAM: 24111 MiB
ggml_backend_cuda_graph_compute: CUDA graph warmup complete
family=omnivoice
task=tts
mode=offline
[TIMING ts=20260721-144012] omnivoice.reference.encode_ms 1.361636
[TIMING ts=20260721-144012] omnivoice.encoder.graph.rebuilt 1
[TIMING ts=20260721-144012] omnivoice.session.prompt_ms 2.31069
[TIMING ts=20260721-144012] omnivoice.session.generate_ms 4085.09876
[TIMING ts=20260721-144012] omnivoice.generator.graph.rebuilt 1
[TIMING ts=20260721-144012] omnivoice.generator.graph.rebuild_ms 2.522709
[TIMING ts=20260721-144012] omnivoice.session.decode_ms 42.324025
[TIMING ts=20260721-144012] omnivoice.decoder.graph.rebuilt 1
[TIMING ts=20260721-144012] omnivoice.decoder.graph.rebuild_ms 1.535437
[TIMING ts=20260721-144012] omnivoice.session.postprocess_ms 4.885097
[TIMING ts=20260721-144012] session.wall_ms 4136.18807
ggml_backend_cuda_graph_compute: CUDA graph warmup complete
request_index=0
request_id=line_1
[TIMING] request.line_1.wall_ms 4136.3
audio_out=./outputs/batch_infer/audiocpp_omnivoice_clone_batch_q8_0_step128/line_1.wav
[TIMING ts=20260721-144016] omnivoice.reference.encode_ms 1.414292
[TIMING ts=20260721-144016] omnivoice.encoder.graph.rebuilt 1
[TIMING ts=20260721-144016] omnivoice.session.prompt_ms 1.073648
[TIMING ts=20260721-144016] omnivoice.session.generate_ms 3981.286517
[TIMING ts=20260721-144016] omnivoice.generator.graph.rebuilt 1
[TIMING ts=20260721-144016] omnivoice.generator.graph.rebuild_ms 5.922496
[TIMING ts=20260721-144016] omnivoice.session.decode_ms 9.088642
[TIMING ts=20260721-144016] omnivoice.decoder.graph.rebuilt 1
[TIMING ts=20260721-144016] omnivoice.decoder.graph.rebuild_ms 2.770602
[TIMING ts=20260721-144016] omnivoice.session.postprocess_ms 5.098062
[TIMING ts=20260721-144016] session.wall_ms 3998.452687
ggml_backend_cuda_graph_compute: CUDA graph warmup complete
request_index=1
request_id=line_2
[TIMING] request.line_2.wall_ms 3998.56
audio_out=./outputs/batch_infer/audiocpp_omnivoice_clone_batch_q8_0_step128/line_2.wav
[TIMING ts=20260721-144020] omnivoice.reference.encode_ms 1.501149
[TIMING ts=20260721-144020] omnivoice.encoder.graph.rebuilt 1
[TIMING ts=20260721-144020] omnivoice.session.prompt_ms 1.129592
[TIMING ts=20260721-144020] omnivoice.session.generate_ms 4027.804763
[TIMING ts=20260721-144020] omnivoice.generator.graph.rebuilt 1
[TIMING ts=20260721-144020] omnivoice.generator.graph.rebuild_ms 7.719306
[TIMING ts=20260721-144020] omnivoice.session.decode_ms 9.081837
[TIMING ts=20260721-144020] omnivoice.decoder.graph.rebuilt 1
[TIMING ts=20260721-144020] omnivoice.decoder.graph.rebuild_ms 0.955855
[TIMING ts=20260721-144020] omnivoice.session.postprocess_ms 4.840576
[TIMING ts=20260721-144020] session.wall_ms 4044.924426
ggml_backend_cuda_graph_compute: CUDA graph warmup complete
request_index=2
request_id=line_3
[TIMING] request.line_3.wall_ms 4045.06
audio_out=./outputs/batch_infer/audiocpp_omnivoice_clone_batch_q8_0_step128/line_3.wav
[TIMING ts=20260721-144025] omnivoice.reference.encode_ms 1.494705
[TIMING ts=20260721-144025] omnivoice.encoder.graph.rebuilt 1
[TIMING ts=20260721-144025] omnivoice.session.prompt_ms 1.112026
[TIMING ts=20260721-144025] omnivoice.session.generate_ms 4050.378622
[TIMING ts=20260721-144025] omnivoice.generator.graph.rebuilt 1
[TIMING ts=20260721-144025] omnivoice.generator.graph.rebuild_ms 6.416303
[TIMING ts=20260721-144025] omnivoice.session.decode_ms 8.694921
[TIMING ts=20260721-144025] omnivoice.decoder.graph.rebuilt 1
[TIMING ts=20260721-144025] omnivoice.decoder.graph.rebuild_ms 0.81294
[TIMING ts=20260721-144025] omnivoice.session.postprocess_ms 5.496797
[TIMING ts=20260721-144025] session.wall_ms 4067.814193
ggml_backend_cuda_graph_compute: CUDA graph warmup complete
request_index=3
request_id=line_4
[TIMING] request.line_4.wall_ms 4067.91
audio_out=./outputs/batch_infer/audiocpp_omnivoice_clone_batch_q8_0_step128/line_4.wav
[TIMING ts=20260721-144028] omnivoice.reference.encode_ms 1.493635
[TIMING ts=20260721-144028] omnivoice.encoder.graph.rebuilt 1
[TIMING ts=20260721-144028] omnivoice.session.prompt_ms 0.456116
[TIMING ts=20260721-144028] omnivoice.session.generate_ms 3835.026237
[TIMING ts=20260721-144028] omnivoice.generator.graph.rebuilt 1
[TIMING ts=20260721-144028] omnivoice.generator.graph.rebuild_ms 4.28764
[TIMING ts=20260721-144028] omnivoice.session.decode_ms 9.976178
[TIMING ts=20260721-144028] omnivoice.decoder.graph.rebuilt 1
[TIMING ts=20260721-144028] omnivoice.decoder.graph.rebuild_ms 1.002539
[TIMING ts=20260721-144028] omnivoice.session.postprocess_ms 5.253714
[TIMING ts=20260721-144028] session.wall_ms 3852.738634
ggml_backend_cuda_graph_compute: CUDA graph warmup complete
request_index=4
request_id=line_5
[TIMING] request.line_5.wall_ms 3852.85
audio_out=./outputs/batch_infer/audiocpp_omnivoice_clone_batch_q8_0_step128/line_5.wav
[TIMING ts=20260721-144032] omnivoice.reference.encode_ms 1.512093
[TIMING ts=20260721-144032] omnivoice.encoder.graph.rebuilt 1
[TIMING ts=20260721-144032] omnivoice.session.prompt_ms 1.07669
[TIMING ts=20260721-144032] omnivoice.session.generate_ms 3840.800716
[TIMING ts=20260721-144032] omnivoice.generator.graph.rebuilt 1
[TIMING ts=20260721-144032] omnivoice.generator.graph.rebuild_ms 6.37292
[TIMING ts=20260721-144032] omnivoice.session.decode_ms 9.445848
[TIMING ts=20260721-144032] omnivoice.decoder.graph.rebuilt 1
[TIMING ts=20260721-144032] omnivoice.decoder.graph.rebuild_ms 0.855581
[TIMING ts=20260721-144032] omnivoice.session.postprocess_ms 5.442387
[TIMING ts=20260721-144032] session.wall_ms 3859.225257
ggml_backend_cuda_graph_compute: CUDA graph warmup complete
request_index=5
request_id=line_6
[TIMING] request.line_6.wall_ms 3859.32
audio_out=./outputs/batch_infer/audiocpp_omnivoice_clone_batch_q8_0_step128/line_6.wav
[TIMING ts=20260721-144036] omnivoice.reference.encode_ms 1.694853
[TIMING ts=20260721-144036] omnivoice.encoder.graph.rebuilt 1
[TIMING ts=20260721-144036] omnivoice.session.prompt_ms 0.485855
[TIMING ts=20260721-144036] omnivoice.session.generate_ms 3923.143977
[TIMING ts=20260721-144036] omnivoice.generator.graph.rebuilt 1
[TIMING ts=20260721-144036] omnivoice.generator.graph.rebuild_ms 4.388249
[TIMING ts=20260721-144036] omnivoice.session.decode_ms 10.192045
[TIMING ts=20260721-144036] omnivoice.decoder.graph.rebuilt 1
[TIMING ts=20260721-144036] omnivoice.decoder.graph.rebuild_ms 0.949801
[TIMING ts=20260721-144036] omnivoice.session.postprocess_ms 5.14971
[TIMING ts=20260721-144036] session.wall_ms 3941.281735
ggml_backend_cuda_graph_compute: CUDA graph warmup complete
request_index=6
request_id=line_7
[TIMING] request.line_7.wall_ms 3941.39
audio_out=./outputs/batch_infer/audiocpp_omnivoice_clone_batch_q8_0_step128/line_7.wav
[TIMING ts=20260721-144040] omnivoice.reference.encode_ms 1.472295
[TIMING ts=20260721-144040] omnivoice.encoder.graph.rebuilt 1
[TIMING ts=20260721-144040] omnivoice.session.prompt_ms 1.074783
[TIMING ts=20260721-144040] omnivoice.session.generate_ms 3795.836922
[TIMING ts=20260721-144040] omnivoice.generator.graph.rebuilt 0
[TIMING ts=20260721-144040] omnivoice.generator.graph.rebuild_ms 0
[TIMING ts=20260721-144040] omnivoice.session.decode_ms 30.244085
[TIMING ts=20260721-144040] omnivoice.decoder.graph.rebuilt 0
[TIMING ts=20260721-144040] omnivoice.decoder.graph.rebuild_ms 0
[TIMING ts=20260721-144040] omnivoice.session.postprocess_ms 11.557301
[TIMING ts=20260721-144040] session.wall_ms 3840.878772
ggml_backend_cuda_graph_compute: CUDA graph warmup complete
request_index=7
request_id=line_8
[TIMING] request.line_8.wall_ms 3841.04
audio_out=./outputs/batch_infer/audiocpp_omnivoice_clone_batch_q8_0_step128/line_8.wav
[TIMING ts=20260721-144044] omnivoice.reference.encode_ms 3.530783
[TIMING ts=20260721-144044] omnivoice.encoder.graph.rebuilt 1
[TIMING ts=20260721-144044] omnivoice.session.prompt_ms 0.999441
[TIMING ts=20260721-144044] omnivoice.session.generate_ms 3938.688722
[TIMING ts=20260721-144044] omnivoice.generator.graph.rebuilt 1
[TIMING ts=20260721-144044] omnivoice.generator.graph.rebuild_ms 10.976415
[TIMING ts=20260721-144044] omnivoice.session.decode_ms 11.878755
[TIMING ts=20260721-144044] omnivoice.decoder.graph.rebuilt 1
[TIMING ts=20260721-144044] omnivoice.decoder.graph.rebuild_ms 2.799564
[TIMING ts=20260721-144044] omnivoice.session.postprocess_ms 4.571398
[TIMING ts=20260721-144044] session.wall_ms 3960.596803
ggml_backend_cuda_graph_compute: CUDA graph warmup complete
request_index=8
request_id=line_9
[TIMING] request.line_9.wall_ms 3960.72
audio_out=./outputs/batch_infer/audiocpp_omnivoice_clone_batch_q8_0_step128/line_9.wav
[TIMING ts=20260721-144048] omnivoice.reference.encode_ms 1.507853
[TIMING ts=20260721-144048] omnivoice.encoder.graph.rebuilt 1
[TIMING ts=20260721-144048] omnivoice.session.prompt_ms 1.118861
[TIMING ts=20260721-144048] omnivoice.session.generate_ms 3812.555134
[TIMING ts=20260721-144048] omnivoice.generator.graph.rebuilt 1
[TIMING ts=20260721-144048] omnivoice.generator.graph.rebuild_ms 6.63414
[TIMING ts=20260721-144048] omnivoice.session.decode_ms 8.837044
[TIMING ts=20260721-144048] omnivoice.decoder.graph.rebuilt 1
[TIMING ts=20260721-144048] omnivoice.decoder.graph.rebuild_ms 0.815105
[TIMING ts=20260721-144048] omnivoice.session.postprocess_ms 4.631181
[TIMING ts=20260721-144048] session.wall_ms 3829.216107
request_index=9
request_id=line_10
[TIMING] request.line_10.wall_ms 3829.32
audio_out=./outputs/batch_infer/audiocpp_omnivoice_clone_batch_q8_0_step128/line_10.wav
  Completed at: 14:40:48
  Output dir: ./outputs/batch_infer/audiocpp_omnivoice_clone_batch_q8_0_step128

==========================================
All 32 batch combinations completed!
Finished: Tue Jul 21 14:40:48 +06 2026
Global Log: benchmark_audiocpp_omnivoice_clone_batch.log
==========================================
