==========================================
Started: Wed Jul 22 12:07:56 +06 2026
Running all audio.cpp OmniVoice combinations
Device: cuda:0 | Language: Bengali | Seed: 42
Warmup: true | Warmup Quantity: 10
Global Log: benchmark_audiocpp_omnivoice_clone.log
==========================================

==========================================
Starting 10 warmup run(s)
weight_type=native
audio_tokenizer_weight_type=native
steps=8
Started at: Wed Jul 22 12:07:56 +06 2026
==========================================

[Warmup 1/10]
  Started at: 12:07:56
[TRACE ts=20260722-120756] runtime.model.family omnivoice
[TRACE ts=20260722-120756] runtime.model.variant omnivoice
[TRACE ts=20260722-120756] runtime.model.root /home/ipt/kawshik/tts-testing/audio.cpp/models/OmniVoice
[TRACE ts=20260722-120756] runtime.model.discovered_config_count 6
[TRACE ts=20260722-120756] runtime.model.discovered_weight_count 2
[TRACE ts=20260722-120756] runtime.model.task_count 1
[TRACE ts=20260722-120756] runtime.model.language_count 1
[TRACE ts=20260722-120756] runtime.model.supports_speaker_reference 1
[TRACE ts=20260722-120756] runtime.model.supports_style_condition 1
[TRACE ts=20260722-120756] runtime.model.supports_timestamps 0
ggml_cuda_init: found 1 CUDA devices (Total VRAM: 24111 MiB):
  Device 0: NVIDIA GeForce RTX 4090, compute capability 8.9, VMM: yes, VRAM: 24111 MiB
ggml_backend_cuda_graph_compute: CUDA graph warmup complete
[TIMING ts=20260722-120759] omnivoice.reference.encode_ms 1.4791
[TIMING ts=20260722-120759] omnivoice.encoder.graph.rebuilt 1
[TIMING ts=20260722-120759] omnivoice.session.prompt_ms 2.476134
[TIMING ts=20260722-120759] omnivoice.session.generate_ms 226.347428
[TIMING ts=20260722-120759] omnivoice.generator.graph.rebuilt 1
[TIMING ts=20260722-120759] omnivoice.generator.graph.rebuild_ms 3.398813
[TIMING ts=20260722-120759] omnivoice.session.decode_ms 33.94153
[TIMING ts=20260722-120759] omnivoice.decoder.graph.rebuilt 1
[TIMING ts=20260722-120759] omnivoice.decoder.graph.rebuild_ms 1.383054
[TIMING ts=20260722-120759] omnivoice.session.postprocess_ms 6.422684
[TIMING ts=20260722-120759] session.wall_ms 270.888145
family=omnivoice
task=tts
mode=offline
audio_out=./outputs/single_infer/warmup_1.wav
  Completed at: 12:07:59
  Output: ./outputs/single_infer/warmup_1.wav

[Warmup 2/10]
  Started at: 12:07:59
[TRACE ts=20260722-120759] runtime.model.family omnivoice
[TRACE ts=20260722-120759] runtime.model.variant omnivoice
[TRACE ts=20260722-120759] runtime.model.root /home/ipt/kawshik/tts-testing/audio.cpp/models/OmniVoice
[TRACE ts=20260722-120759] runtime.model.discovered_config_count 6
[TRACE ts=20260722-120759] runtime.model.discovered_weight_count 2
[TRACE ts=20260722-120759] runtime.model.task_count 1
[TRACE ts=20260722-120759] runtime.model.language_count 1
[TRACE ts=20260722-120759] runtime.model.supports_speaker_reference 1
[TRACE ts=20260722-120759] runtime.model.supports_style_condition 1
[TRACE ts=20260722-120759] runtime.model.supports_timestamps 0
ggml_cuda_init: found 1 CUDA devices (Total VRAM: 24111 MiB):
  Device 0: NVIDIA GeForce RTX 4090, compute capability 8.9, VMM: yes, VRAM: 24111 MiB
ggml_backend_cuda_graph_compute: CUDA graph warmup complete
[TIMING ts=20260722-120802] omnivoice.reference.encode_ms 1.707499
[TIMING ts=20260722-120802] omnivoice.encoder.graph.rebuilt 1
[TIMING ts=20260722-120802] omnivoice.session.prompt_ms 2.87385
[TIMING ts=20260722-120802] omnivoice.session.generate_ms 240.663019
[TIMING ts=20260722-120802] omnivoice.generator.graph.rebuilt 1
[TIMING ts=20260722-120802] omnivoice.generator.graph.rebuild_ms 4.775558
[TIMING ts=20260722-120802] omnivoice.session.decode_ms 38.627927
[TIMING ts=20260722-120802] omnivoice.decoder.graph.rebuilt 1
[TIMING ts=20260722-120802] omnivoice.decoder.graph.rebuild_ms 1.557585
[TIMING ts=20260722-120802] omnivoice.session.postprocess_ms 7.827495
[TIMING ts=20260722-120802] session.wall_ms 291.957475
family=omnivoice
task=tts
mode=offline
audio_out=./outputs/single_infer/warmup_2.wav
  Completed at: 12:08:02
  Output: ./outputs/single_infer/warmup_2.wav

[Warmup 3/10]
  Started at: 12:08:02
[TRACE ts=20260722-120802] runtime.model.family omnivoice
[TRACE ts=20260722-120802] runtime.model.variant omnivoice
[TRACE ts=20260722-120802] runtime.model.root /home/ipt/kawshik/tts-testing/audio.cpp/models/OmniVoice
[TRACE ts=20260722-120802] runtime.model.discovered_config_count 6
[TRACE ts=20260722-120802] runtime.model.discovered_weight_count 2
[TRACE ts=20260722-120802] runtime.model.task_count 1
[TRACE ts=20260722-120802] runtime.model.language_count 1
[TRACE ts=20260722-120802] runtime.model.supports_speaker_reference 1
[TRACE ts=20260722-120802] runtime.model.supports_style_condition 1
[TRACE ts=20260722-120802] runtime.model.supports_timestamps 0
ggml_cuda_init: found 1 CUDA devices (Total VRAM: 24111 MiB):
  Device 0: NVIDIA GeForce RTX 4090, compute capability 8.9, VMM: yes, VRAM: 24111 MiB
ggml_backend_cuda_graph_compute: CUDA graph warmup complete
[TIMING ts=20260722-120806] omnivoice.reference.encode_ms 1.699767
[TIMING ts=20260722-120806] omnivoice.encoder.graph.rebuilt 1
[TIMING ts=20260722-120806] omnivoice.session.prompt_ms 6.155057
[TIMING ts=20260722-120806] omnivoice.session.generate_ms 268.246919
[TIMING ts=20260722-120806] omnivoice.generator.graph.rebuilt 1
[TIMING ts=20260722-120806] omnivoice.generator.graph.rebuild_ms 3.928921
[TIMING ts=20260722-120806] omnivoice.session.decode_ms 39.880292
[TIMING ts=20260722-120806] omnivoice.decoder.graph.rebuilt 1
[TIMING ts=20260722-120806] omnivoice.decoder.graph.rebuild_ms 1.495468
[TIMING ts=20260722-120806] omnivoice.session.postprocess_ms 7.872925
[TIMING ts=20260722-120806] session.wall_ms 324.381456
family=omnivoice
task=tts
mode=offline
audio_out=./outputs/single_infer/warmup_3.wav
  Completed at: 12:08:06
  Output: ./outputs/single_infer/warmup_3.wav

[Warmup 4/10]
  Started at: 12:08:06
[TRACE ts=20260722-120806] runtime.model.family omnivoice
[TRACE ts=20260722-120806] runtime.model.variant omnivoice
[TRACE ts=20260722-120806] runtime.model.root /home/ipt/kawshik/tts-testing/audio.cpp/models/OmniVoice
[TRACE ts=20260722-120806] runtime.model.discovered_config_count 6
[TRACE ts=20260722-120806] runtime.model.discovered_weight_count 2
[TRACE ts=20260722-120806] runtime.model.task_count 1
[TRACE ts=20260722-120806] runtime.model.language_count 1
[TRACE ts=20260722-120806] runtime.model.supports_speaker_reference 1
[TRACE ts=20260722-120806] runtime.model.supports_style_condition 1
[TRACE ts=20260722-120806] runtime.model.supports_timestamps 0
ggml_cuda_init: found 1 CUDA devices (Total VRAM: 24111 MiB):
  Device 0: NVIDIA GeForce RTX 4090, compute capability 8.9, VMM: yes, VRAM: 24111 MiB
ggml_backend_cuda_graph_compute: CUDA graph warmup complete
[TIMING ts=20260722-120809] omnivoice.reference.encode_ms 1.498645
[TIMING ts=20260722-120809] omnivoice.encoder.graph.rebuilt 1
[TIMING ts=20260722-120809] omnivoice.session.prompt_ms 2.582756
[TIMING ts=20260722-120809] omnivoice.session.generate_ms 236.893407
[TIMING ts=20260722-120809] omnivoice.generator.graph.rebuilt 1
[TIMING ts=20260722-120809] omnivoice.generator.graph.rebuild_ms 2.62772
[TIMING ts=20260722-120809] omnivoice.session.decode_ms 38.385128
[TIMING ts=20260722-120809] omnivoice.decoder.graph.rebuilt 1
[TIMING ts=20260722-120809] omnivoice.decoder.graph.rebuild_ms 1.579238
[TIMING ts=20260722-120809] omnivoice.session.postprocess_ms 7.869058
[TIMING ts=20260722-120809] session.wall_ms 287.44553
family=omnivoice
task=tts
mode=offline
audio_out=./outputs/single_infer/warmup_4.wav
  Completed at: 12:08:09
  Output: ./outputs/single_infer/warmup_4.wav

[Warmup 5/10]
  Started at: 12:08:09
[TRACE ts=20260722-120809] runtime.model.family omnivoice
[TRACE ts=20260722-120809] runtime.model.variant omnivoice
[TRACE ts=20260722-120809] runtime.model.root /home/ipt/kawshik/tts-testing/audio.cpp/models/OmniVoice
[TRACE ts=20260722-120809] runtime.model.discovered_config_count 6
[TRACE ts=20260722-120809] runtime.model.discovered_weight_count 2
[TRACE ts=20260722-120809] runtime.model.task_count 1
[TRACE ts=20260722-120809] runtime.model.language_count 1
[TRACE ts=20260722-120809] runtime.model.supports_speaker_reference 1
[TRACE ts=20260722-120809] runtime.model.supports_style_condition 1
[TRACE ts=20260722-120809] runtime.model.supports_timestamps 0
ggml_cuda_init: found 1 CUDA devices (Total VRAM: 24111 MiB):
  Device 0: NVIDIA GeForce RTX 4090, compute capability 8.9, VMM: yes, VRAM: 24111 MiB
ggml_backend_cuda_graph_compute: CUDA graph warmup complete
[TIMING ts=20260722-120813] omnivoice.reference.encode_ms 1.694109
[TIMING ts=20260722-120813] omnivoice.encoder.graph.rebuilt 1
[TIMING ts=20260722-120813] omnivoice.session.prompt_ms 2.847634
[TIMING ts=20260722-120813] omnivoice.session.generate_ms 243.33843
[TIMING ts=20260722-120813] omnivoice.generator.graph.rebuilt 1
[TIMING ts=20260722-120813] omnivoice.generator.graph.rebuild_ms 3.013268
[TIMING ts=20260722-120813] omnivoice.session.decode_ms 38.335578
[TIMING ts=20260722-120813] omnivoice.decoder.graph.rebuilt 1
[TIMING ts=20260722-120813] omnivoice.decoder.graph.rebuild_ms 1.466253
[TIMING ts=20260722-120813] omnivoice.session.postprocess_ms 7.83913
[TIMING ts=20260722-120813] session.wall_ms 294.313754
family=omnivoice
task=tts
mode=offline
audio_out=./outputs/single_infer/warmup_5.wav
  Completed at: 12:08:13
  Output: ./outputs/single_infer/warmup_5.wav

[Warmup 6/10]
  Started at: 12:08:13
[TRACE ts=20260722-120813] runtime.model.family omnivoice
[TRACE ts=20260722-120813] runtime.model.variant omnivoice
[TRACE ts=20260722-120813] runtime.model.root /home/ipt/kawshik/tts-testing/audio.cpp/models/OmniVoice
[TRACE ts=20260722-120813] runtime.model.discovered_config_count 6
[TRACE ts=20260722-120813] runtime.model.discovered_weight_count 2
[TRACE ts=20260722-120813] runtime.model.task_count 1
[TRACE ts=20260722-120813] runtime.model.language_count 1
[TRACE ts=20260722-120813] runtime.model.supports_speaker_reference 1
[TRACE ts=20260722-120813] runtime.model.supports_style_condition 1
[TRACE ts=20260722-120813] runtime.model.supports_timestamps 0
ggml_cuda_init: found 1 CUDA devices (Total VRAM: 24111 MiB):
  Device 0: NVIDIA GeForce RTX 4090, compute capability 8.9, VMM: yes, VRAM: 24111 MiB
ggml_backend_cuda_graph_compute: CUDA graph warmup complete
[TIMING ts=20260722-120816] omnivoice.reference.encode_ms 1.704981
[TIMING ts=20260722-120816] omnivoice.encoder.graph.rebuilt 1
[TIMING ts=20260722-120816] omnivoice.session.prompt_ms 2.846721
[TIMING ts=20260722-120816] omnivoice.session.generate_ms 237.654473
[TIMING ts=20260722-120816] omnivoice.generator.graph.rebuilt 1
[TIMING ts=20260722-120816] omnivoice.generator.graph.rebuild_ms 2.989897
[TIMING ts=20260722-120816] omnivoice.session.decode_ms 39.509687
[TIMING ts=20260722-120816] omnivoice.decoder.graph.rebuilt 1
[TIMING ts=20260722-120816] omnivoice.decoder.graph.rebuild_ms 1.572428
[TIMING ts=20260722-120816] omnivoice.session.postprocess_ms 8.066814
[TIMING ts=20260722-120816] session.wall_ms 290.045566
family=omnivoice
task=tts
mode=offline
audio_out=./outputs/single_infer/warmup_6.wav
  Completed at: 12:08:17
  Output: ./outputs/single_infer/warmup_6.wav

[Warmup 7/10]
  Started at: 12:08:17
[TRACE ts=20260722-120817] runtime.model.family omnivoice
[TRACE ts=20260722-120817] runtime.model.variant omnivoice
[TRACE ts=20260722-120817] runtime.model.root /home/ipt/kawshik/tts-testing/audio.cpp/models/OmniVoice
[TRACE ts=20260722-120817] runtime.model.discovered_config_count 6
[TRACE ts=20260722-120817] runtime.model.discovered_weight_count 2
[TRACE ts=20260722-120817] runtime.model.task_count 1
[TRACE ts=20260722-120817] runtime.model.language_count 1
[TRACE ts=20260722-120817] runtime.model.supports_speaker_reference 1
[TRACE ts=20260722-120817] runtime.model.supports_style_condition 1
[TRACE ts=20260722-120817] runtime.model.supports_timestamps 0
ggml_cuda_init: found 1 CUDA devices (Total VRAM: 24111 MiB):
  Device 0: NVIDIA GeForce RTX 4090, compute capability 8.9, VMM: yes, VRAM: 24111 MiB
ggml_backend_cuda_graph_compute: CUDA graph warmup complete
[TIMING ts=20260722-120820] omnivoice.reference.encode_ms 1.868585
[TIMING ts=20260722-120820] omnivoice.encoder.graph.rebuilt 1
[TIMING ts=20260722-120820] omnivoice.session.prompt_ms 3.133479
[TIMING ts=20260722-120820] omnivoice.session.generate_ms 241.928222
[TIMING ts=20260722-120820] omnivoice.generator.graph.rebuilt 1
[TIMING ts=20260722-120820] omnivoice.generator.graph.rebuild_ms 3.211095
[TIMING ts=20260722-120820] omnivoice.session.decode_ms 38.962277
[TIMING ts=20260722-120820] omnivoice.decoder.graph.rebuilt 1
[TIMING ts=20260722-120820] omnivoice.decoder.graph.rebuild_ms 1.530142
[TIMING ts=20260722-120820] omnivoice.session.postprocess_ms 7.863115
[TIMING ts=20260722-120820] session.wall_ms 294.033047
family=omnivoice
task=tts
mode=offline
audio_out=./outputs/single_infer/warmup_7.wav
  Completed at: 12:08:20
  Output: ./outputs/single_infer/warmup_7.wav

[Warmup 8/10]
  Started at: 12:08:20
[TRACE ts=20260722-120820] runtime.model.family omnivoice
[TRACE ts=20260722-120820] runtime.model.variant omnivoice
[TRACE ts=20260722-120820] runtime.model.root /home/ipt/kawshik/tts-testing/audio.cpp/models/OmniVoice
[TRACE ts=20260722-120820] runtime.model.discovered_config_count 6
[TRACE ts=20260722-120820] runtime.model.discovered_weight_count 2
[TRACE ts=20260722-120820] runtime.model.task_count 1
[TRACE ts=20260722-120820] runtime.model.language_count 1
[TRACE ts=20260722-120820] runtime.model.supports_speaker_reference 1
[TRACE ts=20260722-120820] runtime.model.supports_style_condition 1
[TRACE ts=20260722-120820] runtime.model.supports_timestamps 0
ggml_cuda_init: found 1 CUDA devices (Total VRAM: 24111 MiB):
  Device 0: NVIDIA GeForce RTX 4090, compute capability 8.9, VMM: yes, VRAM: 24111 MiB
ggml_backend_cuda_graph_compute: CUDA graph warmup complete
[TIMING ts=20260722-120824] omnivoice.reference.encode_ms 1.716533
[TIMING ts=20260722-120824] omnivoice.encoder.graph.rebuilt 1
[TIMING ts=20260722-120824] omnivoice.session.prompt_ms 2.843881
[TIMING ts=20260722-120824] omnivoice.session.generate_ms 243.780855
[TIMING ts=20260722-120824] omnivoice.generator.graph.rebuilt 1
[TIMING ts=20260722-120824] omnivoice.generator.graph.rebuild_ms 2.987756
[TIMING ts=20260722-120824] omnivoice.session.decode_ms 41.517466
[TIMING ts=20260722-120824] omnivoice.decoder.graph.rebuilt 1
[TIMING ts=20260722-120824] omnivoice.decoder.graph.rebuild_ms 1.825947
[TIMING ts=20260722-120824] omnivoice.session.postprocess_ms 8.118374
[TIMING ts=20260722-120824] session.wall_ms 298.238835
family=omnivoice
task=tts
mode=offline
audio_out=./outputs/single_infer/warmup_8.wav
  Completed at: 12:08:24
  Output: ./outputs/single_infer/warmup_8.wav

[Warmup 9/10]
  Started at: 12:08:24
[TRACE ts=20260722-120824] runtime.model.family omnivoice
[TRACE ts=20260722-120824] runtime.model.variant omnivoice
[TRACE ts=20260722-120824] runtime.model.root /home/ipt/kawshik/tts-testing/audio.cpp/models/OmniVoice
[TRACE ts=20260722-120824] runtime.model.discovered_config_count 6
[TRACE ts=20260722-120824] runtime.model.discovered_weight_count 2
[TRACE ts=20260722-120824] runtime.model.task_count 1
[TRACE ts=20260722-120824] runtime.model.language_count 1
[TRACE ts=20260722-120824] runtime.model.supports_speaker_reference 1
[TRACE ts=20260722-120824] runtime.model.supports_style_condition 1
[TRACE ts=20260722-120824] runtime.model.supports_timestamps 0
ggml_cuda_init: found 1 CUDA devices (Total VRAM: 24111 MiB):
  Device 0: NVIDIA GeForce RTX 4090, compute capability 8.9, VMM: yes, VRAM: 24111 MiB
ggml_backend_cuda_graph_compute: CUDA graph warmup complete
[TIMING ts=20260722-120827] omnivoice.reference.encode_ms 1.710286
[TIMING ts=20260722-120827] omnivoice.encoder.graph.rebuilt 1
[TIMING ts=20260722-120827] omnivoice.session.prompt_ms 2.940844
[TIMING ts=20260722-120827] omnivoice.session.generate_ms 234.698758
[TIMING ts=20260722-120827] omnivoice.generator.graph.rebuilt 1
[TIMING ts=20260722-120827] omnivoice.generator.graph.rebuild_ms 3.015212
[TIMING ts=20260722-120827] omnivoice.session.decode_ms 39.470967
[TIMING ts=20260722-120827] omnivoice.decoder.graph.rebuilt 1
[TIMING ts=20260722-120827] omnivoice.decoder.graph.rebuild_ms 1.542497
[TIMING ts=20260722-120827] omnivoice.session.postprocess_ms 7.862214
[TIMING ts=20260722-120827] session.wall_ms 286.942607
family=omnivoice
task=tts
mode=offline
audio_out=./outputs/single_infer/warmup_9.wav
  Completed at: 12:08:28
  Output: ./outputs/single_infer/warmup_9.wav

[Warmup 10/10]
  Started at: 12:08:28
[TRACE ts=20260722-120828] runtime.model.family omnivoice
[TRACE ts=20260722-120828] runtime.model.variant omnivoice
[TRACE ts=20260722-120828] runtime.model.root /home/ipt/kawshik/tts-testing/audio.cpp/models/OmniVoice
[TRACE ts=20260722-120828] runtime.model.discovered_config_count 6
[TRACE ts=20260722-120828] runtime.model.discovered_weight_count 2
[TRACE ts=20260722-120828] runtime.model.task_count 1
[TRACE ts=20260722-120828] runtime.model.language_count 1
[TRACE ts=20260722-120828] runtime.model.supports_speaker_reference 1
[TRACE ts=20260722-120828] runtime.model.supports_style_condition 1
[TRACE ts=20260722-120828] runtime.model.supports_timestamps 0
ggml_cuda_init: found 1 CUDA devices (Total VRAM: 24111 MiB):
  Device 0: NVIDIA GeForce RTX 4090, compute capability 8.9, VMM: yes, VRAM: 24111 MiB
ggml_backend_cuda_graph_compute: CUDA graph warmup complete
[TIMING ts=20260722-120831] omnivoice.reference.encode_ms 1.694219
[TIMING ts=20260722-120831] omnivoice.encoder.graph.rebuilt 1
[TIMING ts=20260722-120831] omnivoice.session.prompt_ms 2.854896
[TIMING ts=20260722-120831] omnivoice.session.generate_ms 241.889895
[TIMING ts=20260722-120831] omnivoice.generator.graph.rebuilt 1
[TIMING ts=20260722-120831] omnivoice.generator.graph.rebuild_ms 2.951649
[TIMING ts=20260722-120831] omnivoice.session.decode_ms 39.188596
[TIMING ts=20260722-120831] omnivoice.decoder.graph.rebuilt 1
[TIMING ts=20260722-120831] omnivoice.decoder.graph.rebuild_ms 1.511719
[TIMING ts=20260722-120831] omnivoice.session.postprocess_ms 7.877941
[TIMING ts=20260722-120831] session.wall_ms 293.764521
family=omnivoice
task=tts
mode=offline
audio_out=./outputs/single_infer/warmup_10.wav
  Completed at: 12:08:31
  Output: ./outputs/single_infer/warmup_10.wav

==========================================
All 10 warmup run(s) completed: Wed Jul 22 12:08:31 +06 2026
==========================================

[1/375] weight_type=native | audio_tokenizer_weight_type=native | steps=8 -> audiocpp_omnivoice_clone_mdwt_native_atwt_native_step8.wav
  Started at: 12:08:31
[TRACE ts=20260722-120831] runtime.model.family omnivoice
[TRACE ts=20260722-120831] runtime.model.variant omnivoice
[TRACE ts=20260722-120831] runtime.model.root /home/ipt/kawshik/tts-testing/audio.cpp/models/OmniVoice
[TRACE ts=20260722-120831] runtime.model.discovered_config_count 6
[TRACE ts=20260722-120831] runtime.model.discovered_weight_count 2
[TRACE ts=20260722-120831] runtime.model.task_count 1
[TRACE ts=20260722-120831] runtime.model.language_count 1
[TRACE ts=20260722-120831] runtime.model.supports_speaker_reference 1
[TRACE ts=20260722-120831] runtime.model.supports_style_condition 1
[TRACE ts=20260722-120831] runtime.model.supports_timestamps 0
ggml_cuda_init: found 1 CUDA devices (Total VRAM: 24111 MiB):
  Device 0: NVIDIA GeForce RTX 4090, compute capability 8.9, VMM: yes, VRAM: 24111 MiB
ggml_backend_cuda_graph_compute: CUDA graph warmup complete
[TIMING ts=20260722-120835] omnivoice.reference.encode_ms 1.694126
[TIMING ts=20260722-120835] omnivoice.encoder.graph.rebuilt 1
[TIMING ts=20260722-120835] omnivoice.session.prompt_ms 2.88507
[TIMING ts=20260722-120835] omnivoice.session.generate_ms 242.226028
[TIMING ts=20260722-120835] omnivoice.generator.graph.rebuilt 1
[TIMING ts=20260722-120835] omnivoice.generator.graph.rebuild_ms 2.975741
[TIMING ts=20260722-120835] omnivoice.session.decode_ms 38.858056
[TIMING ts=20260722-120835] omnivoice.decoder.graph.rebuilt 1
[TIMING ts=20260722-120835] omnivoice.decoder.graph.rebuild_ms 1.581475
[TIMING ts=20260722-120835] omnivoice.session.postprocess_ms 7.845087
[TIMING ts=20260722-120835] session.wall_ms 293.782324
family=omnivoice
task=tts
mode=offline
audio_out=./outputs/single_infer/audiocpp_omnivoice_clone_mdwt_native_atwt_native_step8.wav
  Completed at: 12:08:35
  Output: ./outputs/single_infer/audiocpp_omnivoice_clone_mdwt_native_atwt_native_step8.wav

[2/375] weight_type=native | audio_tokenizer_weight_type=f32 | steps=8 -> audiocpp_omnivoice_clone_mdwt_native_atwt_f32_step8.wav
  Started at: 12:08:35
[TRACE ts=20260722-120835] runtime.model.family omnivoice
[TRACE ts=20260722-120835] runtime.model.variant omnivoice
[TRACE ts=20260722-120835] runtime.model.root /home/ipt/kawshik/tts-testing/audio.cpp/models/OmniVoice
[TRACE ts=20260722-120835] runtime.model.discovered_config_count 6
[TRACE ts=20260722-120835] runtime.model.discovered_weight_count 2
[TRACE ts=20260722-120835] runtime.model.task_count 1
[TRACE ts=20260722-120835] runtime.model.language_count 1
[TRACE ts=20260722-120835] runtime.model.supports_speaker_reference 1
[TRACE ts=20260722-120835] runtime.model.supports_style_condition 1
[TRACE ts=20260722-120835] runtime.model.supports_timestamps 0
ggml_cuda_init: found 1 CUDA devices (Total VRAM: 24111 MiB):
  Device 0: NVIDIA GeForce RTX 4090, compute capability 8.9, VMM: yes, VRAM: 24111 MiB
ggml_backend_cuda_graph_compute: CUDA graph warmup complete
[TIMING ts=20260722-120839] omnivoice.reference.encode_ms 1.373502
[TIMING ts=20260722-120839] omnivoice.encoder.graph.rebuilt 1
[TIMING ts=20260722-120839] omnivoice.session.prompt_ms 4.586641
[TIMING ts=20260722-120839] omnivoice.session.generate_ms 236.949599
[TIMING ts=20260722-120839] omnivoice.generator.graph.rebuilt 1
[TIMING ts=20260722-120839] omnivoice.generator.graph.rebuild_ms 2.632346
[TIMING ts=20260722-120839] omnivoice.session.decode_ms 34.798527
[TIMING ts=20260722-120839] omnivoice.decoder.graph.rebuilt 1
[TIMING ts=20260722-120839] omnivoice.decoder.graph.rebuild_ms 1.421084
[TIMING ts=20260722-120839] omnivoice.session.postprocess_ms 6.51749
[TIMING ts=20260722-120839] session.wall_ms 284.469243
family=omnivoice
task=tts
mode=offline
audio_out=./outputs/single_infer/audiocpp_omnivoice_clone_mdwt_native_atwt_f32_step8.wav
  Completed at: 12:08:39
  Output: ./outputs/single_infer/audiocpp_omnivoice_clone_mdwt_native_atwt_f32_step8.wav

[3/375] weight_type=native | audio_tokenizer_weight_type=f16 | steps=8 -> audiocpp_omnivoice_clone_mdwt_native_atwt_f16_step8.wav
  Started at: 12:08:39
[TRACE ts=20260722-120839] runtime.model.family omnivoice
[TRACE ts=20260722-120839] runtime.model.variant omnivoice
[TRACE ts=20260722-120839] runtime.model.root /home/ipt/kawshik/tts-testing/audio.cpp/models/OmniVoice
[TRACE ts=20260722-120839] runtime.model.discovered_config_count 6
[TRACE ts=20260722-120839] runtime.model.discovered_weight_count 2
[TRACE ts=20260722-120839] runtime.model.task_count 1
[TRACE ts=20260722-120839] runtime.model.language_count 1
[TRACE ts=20260722-120839] runtime.model.supports_speaker_reference 1
[TRACE ts=20260722-120839] runtime.model.supports_style_condition 1
[TRACE ts=20260722-120839] runtime.model.supports_timestamps 0
ggml_cuda_init: found 1 CUDA devices (Total VRAM: 24111 MiB):
  Device 0: NVIDIA GeForce RTX 4090, compute capability 8.9, VMM: yes, VRAM: 24111 MiB
ggml_backend_cuda_graph_compute: CUDA graph warmup complete
[TIMING ts=20260722-120843] omnivoice.reference.encode_ms 1.717072
[TIMING ts=20260722-120843] omnivoice.encoder.graph.rebuilt 1
[TIMING ts=20260722-120843] omnivoice.session.prompt_ms 2.85632
[TIMING ts=20260722-120843] omnivoice.session.generate_ms 251.106067
[TIMING ts=20260722-120843] omnivoice.generator.graph.rebuilt 1
[TIMING ts=20260722-120843] omnivoice.generator.graph.rebuild_ms 3.704163
[TIMING ts=20260722-120843] omnivoice.session.decode_ms 9.921838
[TIMING ts=20260722-120843] omnivoice.decoder.graph.rebuilt 1
[TIMING ts=20260722-120843] omnivoice.decoder.graph.rebuild_ms 1.497125
[TIMING ts=20260722-120843] omnivoice.session.postprocess_ms 8.072416
[TIMING ts=20260722-120843] session.wall_ms 273.933656
family=omnivoice
task=tts
mode=offline
audio_out=./outputs/single_infer/audiocpp_omnivoice_clone_mdwt_native_atwt_f16_step8.wav
  Completed at: 12:08:44
  Output: ./outputs/single_infer/audiocpp_omnivoice_clone_mdwt_native_atwt_f16_step8.wav

[4/375] weight_type=native | audio_tokenizer_weight_type=bf16 | steps=8 -> audiocpp_omnivoice_clone_mdwt_native_atwt_bf16_step8.wav
  Started at: 12:08:44
[TRACE ts=20260722-120844] runtime.model.family omnivoice
[TRACE ts=20260722-120844] runtime.model.variant omnivoice
[TRACE ts=20260722-120844] runtime.model.root /home/ipt/kawshik/tts-testing/audio.cpp/models/OmniVoice
[TRACE ts=20260722-120844] runtime.model.discovered_config_count 6
[TRACE ts=20260722-120844] runtime.model.discovered_weight_count 2
[TRACE ts=20260722-120844] runtime.model.task_count 1
[TRACE ts=20260722-120844] runtime.model.language_count 1
[TRACE ts=20260722-120844] runtime.model.supports_speaker_reference 1
[TRACE ts=20260722-120844] runtime.model.supports_style_condition 1
[TRACE ts=20260722-120844] runtime.model.supports_timestamps 0
ggml_cuda_init: found 1 CUDA devices (Total VRAM: 24111 MiB):
  Device 0: NVIDIA GeForce RTX 4090, compute capability 8.9, VMM: yes, VRAM: 24111 MiB
ggml_backend_cuda_graph_compute: CUDA graph warmup complete
[TIMING ts=20260722-120849] omnivoice.reference.encode_ms 1.694281
[TIMING ts=20260722-120849] omnivoice.encoder.graph.rebuilt 1
[TIMING ts=20260722-120849] omnivoice.session.prompt_ms 4.072125
[TIMING ts=20260722-120849] omnivoice.session.generate_ms 252.276623
[TIMING ts=20260722-120849] omnivoice.generator.graph.rebuilt 1
[TIMING ts=20260722-120849] omnivoice.generator.graph.rebuild_ms 3.693529
[TIMING ts=20260722-120849] omnivoice.session.decode_ms 10.205803
[TIMING ts=20260722-120849] omnivoice.decoder.graph.rebuilt 1
[TIMING ts=20260722-120849] omnivoice.decoder.graph.rebuild_ms 1.655866
[TIMING ts=20260722-120849] omnivoice.session.postprocess_ms 8.107889
[TIMING ts=20260722-120849] session.wall_ms 276.655577
family=omnivoice
task=tts
mode=offline
audio_out=./outputs/single_infer/audiocpp_omnivoice_clone_mdwt_native_atwt_bf16_step8.wav
  Completed at: 12:08:49
  Output: ./outputs/single_infer/audiocpp_omnivoice_clone_mdwt_native_atwt_bf16_step8.wav

[5/375] weight_type=native | audio_tokenizer_weight_type=q8_0 | steps=8 -> audiocpp_omnivoice_clone_mdwt_native_atwt_q8_0_step8.wav
  Started at: 12:08:49
[TRACE ts=20260722-120849] runtime.model.family omnivoice
[TRACE ts=20260722-120849] runtime.model.variant omnivoice
[TRACE ts=20260722-120849] runtime.model.root /home/ipt/kawshik/tts-testing/audio.cpp/models/OmniVoice
[TRACE ts=20260722-120849] runtime.model.discovered_config_count 6
[TRACE ts=20260722-120849] runtime.model.discovered_weight_count 2
[TRACE ts=20260722-120849] runtime.model.task_count 1
[TRACE ts=20260722-120849] runtime.model.language_count 1
[TRACE ts=20260722-120849] runtime.model.supports_speaker_reference 1
[TRACE ts=20260722-120849] runtime.model.supports_style_condition 1
[TRACE ts=20260722-120849] runtime.model.supports_timestamps 0
ggml_cuda_init: found 1 CUDA devices (Total VRAM: 24111 MiB):
  Device 0: NVIDIA GeForce RTX 4090, compute capability 8.9, VMM: yes, VRAM: 24111 MiB
ggml_backend_cuda_graph_compute: CUDA graph warmup complete
[TIMING ts=20260722-120854] omnivoice.reference.encode_ms 1.703594
[TIMING ts=20260722-120854] omnivoice.encoder.graph.rebuilt 1
[TIMING ts=20260722-120854] omnivoice.session.prompt_ms 4.169097
[TIMING ts=20260722-120854] omnivoice.session.generate_ms 249.908972
[TIMING ts=20260722-120854] omnivoice.generator.graph.rebuilt 1
[TIMING ts=20260722-120854] omnivoice.generator.graph.rebuild_ms 3.819468
[TIMING ts=20260722-120854] omnivoice.session.decode_ms 51.503084
[TIMING ts=20260722-120854] omnivoice.decoder.graph.rebuilt 1
[TIMING ts=20260722-120854] omnivoice.decoder.graph.rebuild_ms 1.590518
[TIMING ts=20260722-120854] omnivoice.session.postprocess_ms 8.979726
[TIMING ts=20260722-120854] session.wall_ms 316.530464
family=omnivoice
task=tts
mode=offline
audio_out=./outputs/single_infer/audiocpp_omnivoice_clone_mdwt_native_atwt_q8_0_step8.wav
  Completed at: 12:08:54
  Output: ./outputs/single_infer/audiocpp_omnivoice_clone_mdwt_native_atwt_q8_0_step8.wav

[6/375] weight_type=f32 | audio_tokenizer_weight_type=native | steps=8 -> audiocpp_omnivoice_clone_mdwt_f32_atwt_native_step8.wav
  Started at: 12:08:54
[TRACE ts=20260722-120854] runtime.model.family omnivoice
[TRACE ts=20260722-120854] runtime.model.variant omnivoice
[TRACE ts=20260722-120854] runtime.model.root /home/ipt/kawshik/tts-testing/audio.cpp/models/OmniVoice
[TRACE ts=20260722-120854] runtime.model.discovered_config_count 6
[TRACE ts=20260722-120854] runtime.model.discovered_weight_count 2
[TRACE ts=20260722-120854] runtime.model.task_count 1
[TRACE ts=20260722-120854] runtime.model.language_count 1
[TRACE ts=20260722-120854] runtime.model.supports_speaker_reference 1
[TRACE ts=20260722-120854] runtime.model.supports_style_condition 1
[TRACE ts=20260722-120854] runtime.model.supports_timestamps 0
ggml_cuda_init: found 1 CUDA devices (Total VRAM: 24111 MiB):
  Device 0: NVIDIA GeForce RTX 4090, compute capability 8.9, VMM: yes, VRAM: 24111 MiB
ggml_backend_cuda_graph_compute: CUDA graph warmup complete
[TIMING ts=20260722-120858] omnivoice.reference.encode_ms 1.712245
[TIMING ts=20260722-120858] omnivoice.encoder.graph.rebuilt 1
[TIMING ts=20260722-120858] omnivoice.session.prompt_ms 2.92789
[TIMING ts=20260722-120858] omnivoice.session.generate_ms 239.786411
[TIMING ts=20260722-120858] omnivoice.generator.graph.rebuilt 1
[TIMING ts=20260722-120858] omnivoice.generator.graph.rebuild_ms 3.006247
[TIMING ts=20260722-120858] omnivoice.session.decode_ms 42.093549
[TIMING ts=20260722-120858] omnivoice.decoder.graph.rebuilt 1
[TIMING ts=20260722-120858] omnivoice.decoder.graph.rebuild_ms 4.16499
[TIMING ts=20260722-120858] omnivoice.session.postprocess_ms 7.843042
[TIMING ts=20260722-120858] session.wall_ms 294.621148
family=omnivoice
task=tts
mode=offline
audio_out=./outputs/single_infer/audiocpp_omnivoice_clone_mdwt_f32_atwt_native_step8.wav
  Completed at: 12:08:58
  Output: ./outputs/single_infer/audiocpp_omnivoice_clone_mdwt_f32_atwt_native_step8.wav

[7/375] weight_type=f32 | audio_tokenizer_weight_type=f32 | steps=8 -> audiocpp_omnivoice_clone_mdwt_f32_atwt_f32_step8.wav
  Started at: 12:08:58
[TRACE ts=20260722-120858] runtime.model.family omnivoice
[TRACE ts=20260722-120858] runtime.model.variant omnivoice
[TRACE ts=20260722-120858] runtime.model.root /home/ipt/kawshik/tts-testing/audio.cpp/models/OmniVoice
[TRACE ts=20260722-120858] runtime.model.discovered_config_count 6
[TRACE ts=20260722-120858] runtime.model.discovered_weight_count 2
[TRACE ts=20260722-120858] runtime.model.task_count 1
[TRACE ts=20260722-120858] runtime.model.language_count 1
[TRACE ts=20260722-120858] runtime.model.supports_speaker_reference 1
[TRACE ts=20260722-120858] runtime.model.supports_style_condition 1
[TRACE ts=20260722-120858] runtime.model.supports_timestamps 0
ggml_cuda_init: found 1 CUDA devices (Total VRAM: 24111 MiB):
  Device 0: NVIDIA GeForce RTX 4090, compute capability 8.9, VMM: yes, VRAM: 24111 MiB
ggml_backend_cuda_graph_compute: CUDA graph warmup complete
[TIMING ts=20260722-120901] omnivoice.reference.encode_ms 1.528958
[TIMING ts=20260722-120901] omnivoice.encoder.graph.rebuilt 1
[TIMING ts=20260722-120901] omnivoice.session.prompt_ms 2.105428
[TIMING ts=20260722-120901] omnivoice.session.generate_ms 232.700531
[TIMING ts=20260722-120901] omnivoice.generator.graph.rebuilt 1
[TIMING ts=20260722-120901] omnivoice.generator.graph.rebuild_ms 2.487614
[TIMING ts=20260722-120901] omnivoice.session.decode_ms 34.859945
[TIMING ts=20260722-120901] omnivoice.decoder.graph.rebuilt 1
[TIMING ts=20260722-120901] omnivoice.decoder.graph.rebuild_ms 1.336105
[TIMING ts=20260722-120901] omnivoice.session.postprocess_ms 6.391889
[TIMING ts=20260722-120901] session.wall_ms 277.79689
family=omnivoice
task=tts
mode=offline
audio_out=./outputs/single_infer/audiocpp_omnivoice_clone_mdwt_f32_atwt_f32_step8.wav
  Completed at: 12:09:02
  Output: ./outputs/single_infer/audiocpp_omnivoice_clone_mdwt_f32_atwt_f32_step8.wav

[8/375] weight_type=f32 | audio_tokenizer_weight_type=f16 | steps=8 -> audiocpp_omnivoice_clone_mdwt_f32_atwt_f16_step8.wav
  Started at: 12:09:02
[TRACE ts=20260722-120902] runtime.model.family omnivoice
[TRACE ts=20260722-120902] runtime.model.variant omnivoice
[TRACE ts=20260722-120902] runtime.model.root /home/ipt/kawshik/tts-testing/audio.cpp/models/OmniVoice
[TRACE ts=20260722-120902] runtime.model.discovered_config_count 6
[TRACE ts=20260722-120902] runtime.model.discovered_weight_count 2
[TRACE ts=20260722-120902] runtime.model.task_count 1
[TRACE ts=20260722-120902] runtime.model.language_count 1
[TRACE ts=20260722-120902] runtime.model.supports_speaker_reference 1
[TRACE ts=20260722-120902] runtime.model.supports_style_condition 1
[TRACE ts=20260722-120902] runtime.model.supports_timestamps 0
ggml_cuda_init: found 1 CUDA devices (Total VRAM: 24111 MiB):
  Device 0: NVIDIA GeForce RTX 4090, compute capability 8.9, VMM: yes, VRAM: 24111 MiB
ggml_backend_cuda_graph_compute: CUDA graph warmup complete
[TIMING ts=20260722-120906] omnivoice.reference.encode_ms 1.509527
[TIMING ts=20260722-120906] omnivoice.encoder.graph.rebuilt 1
[TIMING ts=20260722-120906] omnivoice.session.prompt_ms 4.419298
[TIMING ts=20260722-120906] omnivoice.session.generate_ms 243.291176
[TIMING ts=20260722-120906] omnivoice.generator.graph.rebuilt 1
[TIMING ts=20260722-120906] omnivoice.generator.graph.rebuild_ms 3.252948
[TIMING ts=20260722-120906] omnivoice.session.decode_ms 8.881997
[TIMING ts=20260722-120906] omnivoice.decoder.graph.rebuilt 1
[TIMING ts=20260722-120906] omnivoice.decoder.graph.rebuild_ms 1.295222
[TIMING ts=20260722-120906] omnivoice.session.postprocess_ms 6.598472
[TIMING ts=20260722-120906] session.wall_ms 264.914435
family=omnivoice
task=tts
mode=offline
audio_out=./outputs/single_infer/audiocpp_omnivoice_clone_mdwt_f32_atwt_f16_step8.wav
  Completed at: 12:09:06
  Output: ./outputs/single_infer/audiocpp_omnivoice_clone_mdwt_f32_atwt_f16_step8.wav

[9/375] weight_type=f32 | audio_tokenizer_weight_type=bf16 | steps=8 -> audiocpp_omnivoice_clone_mdwt_f32_atwt_bf16_step8.wav
  Started at: 12:09:06
[TRACE ts=20260722-120906] runtime.model.family omnivoice
[TRACE ts=20260722-120906] runtime.model.variant omnivoice
[TRACE ts=20260722-120906] runtime.model.root /home/ipt/kawshik/tts-testing/audio.cpp/models/OmniVoice
[TRACE ts=20260722-120906] runtime.model.discovered_config_count 6
[TRACE ts=20260722-120906] runtime.model.discovered_weight_count 2
[TRACE ts=20260722-120906] runtime.model.task_count 1
[TRACE ts=20260722-120906] runtime.model.language_count 1
[TRACE ts=20260722-120906] runtime.model.supports_speaker_reference 1
[TRACE ts=20260722-120906] runtime.model.supports_style_condition 1
[TRACE ts=20260722-120906] runtime.model.supports_timestamps 0
ggml_cuda_init: found 1 CUDA devices (Total VRAM: 24111 MiB):
  Device 0: NVIDIA GeForce RTX 4090, compute capability 8.9, VMM: yes, VRAM: 24111 MiB
ggml_backend_cuda_graph_compute: CUDA graph warmup complete
[TIMING ts=20260722-120910] omnivoice.reference.encode_ms 1.427704
[TIMING ts=20260722-120910] omnivoice.encoder.graph.rebuilt 1
[TIMING ts=20260722-120910] omnivoice.session.prompt_ms 3.347546
[TIMING ts=20260722-120910] omnivoice.session.generate_ms 239.445234
[TIMING ts=20260722-120910] omnivoice.generator.graph.rebuilt 1
[TIMING ts=20260722-120910] omnivoice.generator.graph.rebuild_ms 2.979114
[TIMING ts=20260722-120910] omnivoice.session.decode_ms 9.373417
[TIMING ts=20260722-120910] omnivoice.decoder.graph.rebuilt 1
[TIMING ts=20260722-120910] omnivoice.decoder.graph.rebuild_ms 1.318878
[TIMING ts=20260722-120910] omnivoice.session.postprocess_ms 7.093424
[TIMING ts=20260722-120910] session.wall_ms 260.898703
family=omnivoice
task=tts
mode=offline
audio_out=./outputs/single_infer/audiocpp_omnivoice_clone_mdwt_f32_atwt_bf16_step8.wav
  Completed at: 12:09:10
  Output: ./outputs/single_infer/audiocpp_omnivoice_clone_mdwt_f32_atwt_bf16_step8.wav

[10/375] weight_type=f32 | audio_tokenizer_weight_type=q8_0 | steps=8 -> audiocpp_omnivoice_clone_mdwt_f32_atwt_q8_0_step8.wav
  Started at: 12:09:10
[TRACE ts=20260722-120910] runtime.model.family omnivoice
[TRACE ts=20260722-120910] runtime.model.variant omnivoice
[TRACE ts=20260722-120910] runtime.model.root /home/ipt/kawshik/tts-testing/audio.cpp/models/OmniVoice
[TRACE ts=20260722-120910] runtime.model.discovered_config_count 6
[TRACE ts=20260722-120910] runtime.model.discovered_weight_count 2
[TRACE ts=20260722-120910] runtime.model.task_count 1
[TRACE ts=20260722-120910] runtime.model.language_count 1
[TRACE ts=20260722-120910] runtime.model.supports_speaker_reference 1
[TRACE ts=20260722-120910] runtime.model.supports_style_condition 1
[TRACE ts=20260722-120910] runtime.model.supports_timestamps 0
ggml_cuda_init: found 1 CUDA devices (Total VRAM: 24111 MiB):
  Device 0: NVIDIA GeForce RTX 4090, compute capability 8.9, VMM: yes, VRAM: 24111 MiB
ggml_backend_cuda_graph_compute: CUDA graph warmup complete
[TIMING ts=20260722-120915] omnivoice.reference.encode_ms 1.373806
[TIMING ts=20260722-120915] omnivoice.encoder.graph.rebuilt 1
[TIMING ts=20260722-120915] omnivoice.session.prompt_ms 3.346541
[TIMING ts=20260722-120915] omnivoice.session.generate_ms 244.446597
[TIMING ts=20260722-120915] omnivoice.generator.graph.rebuilt 1
[TIMING ts=20260722-120915] omnivoice.generator.graph.rebuild_ms 3.116483
[TIMING ts=20260722-120915] omnivoice.session.decode_ms 43.069387
[TIMING ts=20260722-120915] omnivoice.decoder.graph.rebuilt 1
[TIMING ts=20260722-120915] omnivoice.decoder.graph.rebuild_ms 1.35926
[TIMING ts=20260722-120915] omnivoice.session.postprocess_ms 7.263539
[TIMING ts=20260722-120915] session.wall_ms 299.717495
family=omnivoice
task=tts
mode=offline
audio_out=./outputs/single_infer/audiocpp_omnivoice_clone_mdwt_f32_atwt_q8_0_step8.wav
  Completed at: 12:09:15
  Output: ./outputs/single_infer/audiocpp_omnivoice_clone_mdwt_f32_atwt_q8_0_step8.wav

[11/375] weight_type=f16 | audio_tokenizer_weight_type=native | steps=8 -> audiocpp_omnivoice_clone_mdwt_f16_atwt_native_step8.wav
  Started at: 12:09:15
[TRACE ts=20260722-120915] runtime.model.family omnivoice
[TRACE ts=20260722-120915] runtime.model.variant omnivoice
[TRACE ts=20260722-120915] runtime.model.root /home/ipt/kawshik/tts-testing/audio.cpp/models/OmniVoice
[TRACE ts=20260722-120915] runtime.model.discovered_config_count 6
[TRACE ts=20260722-120915] runtime.model.discovered_weight_count 2
[TRACE ts=20260722-120915] runtime.model.task_count 1
[TRACE ts=20260722-120915] runtime.model.language_count 1
[TRACE ts=20260722-120915] runtime.model.supports_speaker_reference 1
[TRACE ts=20260722-120915] runtime.model.supports_style_condition 1
[TRACE ts=20260722-120915] runtime.model.supports_timestamps 0
ggml_cuda_init: found 1 CUDA devices (Total VRAM: 24111 MiB):
  Device 0: NVIDIA GeForce RTX 4090, compute capability 8.9, VMM: yes, VRAM: 24111 MiB
ggml_backend_cuda_graph_compute: CUDA graph warmup complete
[TIMING ts=20260722-120924] omnivoice.reference.encode_ms 1.403325
[TIMING ts=20260722-120924] omnivoice.encoder.graph.rebuilt 1
[TIMING ts=20260722-120924] omnivoice.session.prompt_ms 2.306428
[TIMING ts=20260722-120924] omnivoice.session.generate_ms 248.275775
[TIMING ts=20260722-120924] omnivoice.generator.graph.rebuilt 1
[TIMING ts=20260722-120924] omnivoice.generator.graph.rebuild_ms 2.671549
[TIMING ts=20260722-120924] omnivoice.session.decode_ms 37.233043
[TIMING ts=20260722-120924] omnivoice.decoder.graph.rebuilt 1
[TIMING ts=20260722-120924] omnivoice.decoder.graph.rebuild_ms 1.449641
[TIMING ts=20260722-120924] omnivoice.session.postprocess_ms 8.516468
[TIMING ts=20260722-120924] session.wall_ms 297.944759
family=omnivoice
task=tts
mode=offline
audio_out=./outputs/single_infer/audiocpp_omnivoice_clone_mdwt_f16_atwt_native_step8.wav
  Completed at: 12:09:25
  Output: ./outputs/single_infer/audiocpp_omnivoice_clone_mdwt_f16_atwt_native_step8.wav

[12/375] weight_type=f16 | audio_tokenizer_weight_type=f32 | steps=8 -> audiocpp_omnivoice_clone_mdwt_f16_atwt_f32_step8.wav
  Started at: 12:09:25
[TRACE ts=20260722-120925] runtime.model.family omnivoice
[TRACE ts=20260722-120925] runtime.model.variant omnivoice
[TRACE ts=20260722-120925] runtime.model.root /home/ipt/kawshik/tts-testing/audio.cpp/models/OmniVoice
[TRACE ts=20260722-120925] runtime.model.discovered_config_count 6
[TRACE ts=20260722-120925] runtime.model.discovered_weight_count 2
[TRACE ts=20260722-120925] runtime.model.task_count 1
[TRACE ts=20260722-120925] runtime.model.language_count 1
[TRACE ts=20260722-120925] runtime.model.supports_speaker_reference 1
[TRACE ts=20260722-120925] runtime.model.supports_style_condition 1
[TRACE ts=20260722-120925] runtime.model.supports_timestamps 0
ggml_cuda_init: found 1 CUDA devices (Total VRAM: 24111 MiB):
  Device 0: NVIDIA GeForce RTX 4090, compute capability 8.9, VMM: yes, VRAM: 24111 MiB
ggml_backend_cuda_graph_compute: CUDA graph warmup complete
[TIMING ts=20260722-120933] omnivoice.reference.encode_ms 1.520911
[TIMING ts=20260722-120933] omnivoice.encoder.graph.rebuilt 1
[TIMING ts=20260722-120933] omnivoice.session.prompt_ms 2.594511
[TIMING ts=20260722-120933] omnivoice.session.generate_ms 255.949831
[TIMING ts=20260722-120933] omnivoice.generator.graph.rebuilt 1
[TIMING ts=20260722-120933] omnivoice.generator.graph.rebuild_ms 5.788109
[TIMING ts=20260722-120933] omnivoice.session.decode_ms 34.094983
[TIMING ts=20260722-120933] omnivoice.decoder.graph.rebuilt 1
[TIMING ts=20260722-120933] omnivoice.decoder.graph.rebuild_ms 1.299038
[TIMING ts=20260722-120933] omnivoice.session.postprocess_ms 7.467233
[TIMING ts=20260722-120933] session.wall_ms 301.921249
family=omnivoice
task=tts
mode=offline
audio_out=./outputs/single_infer/audiocpp_omnivoice_clone_mdwt_f16_atwt_f32_step8.wav
  Completed at: 12:09:33
  Output: ./outputs/single_infer/audiocpp_omnivoice_clone_mdwt_f16_atwt_f32_step8.wav

[13/375] weight_type=f16 | audio_tokenizer_weight_type=f16 | steps=8 -> audiocpp_omnivoice_clone_mdwt_f16_atwt_f16_step8.wav
  Started at: 12:09:33
[TRACE ts=20260722-120934] runtime.model.family omnivoice
[TRACE ts=20260722-120934] runtime.model.variant omnivoice
[TRACE ts=20260722-120934] runtime.model.root /home/ipt/kawshik/tts-testing/audio.cpp/models/OmniVoice
[TRACE ts=20260722-120934] runtime.model.discovered_config_count 6
[TRACE ts=20260722-120934] runtime.model.discovered_weight_count 2
[TRACE ts=20260722-120934] runtime.model.task_count 1
[TRACE ts=20260722-120934] runtime.model.language_count 1
[TRACE ts=20260722-120934] runtime.model.supports_speaker_reference 1
[TRACE ts=20260722-120934] runtime.model.supports_style_condition 1
[TRACE ts=20260722-120934] runtime.model.supports_timestamps 0
ggml_cuda_init: found 1 CUDA devices (Total VRAM: 24111 MiB):
  Device 0: NVIDIA GeForce RTX 4090, compute capability 8.9, VMM: yes, VRAM: 24111 MiB
ggml_backend_cuda_graph_compute: CUDA graph warmup complete
[TIMING ts=20260722-120943] omnivoice.reference.encode_ms 1.39076
[TIMING ts=20260722-120943] omnivoice.encoder.graph.rebuilt 1
[TIMING ts=20260722-120943] omnivoice.session.prompt_ms 2.938707
[TIMING ts=20260722-120943] omnivoice.session.generate_ms 205.897633
[TIMING ts=20260722-120943] omnivoice.generator.graph.rebuilt 1
[TIMING ts=20260722-120943] omnivoice.generator.graph.rebuild_ms 3.11528
[TIMING ts=20260722-120943] omnivoice.session.decode_ms 10.191236
[TIMING ts=20260722-120943] omnivoice.decoder.graph.rebuilt 1
[TIMING ts=20260722-120943] omnivoice.decoder.graph.rebuild_ms 2.189143
[TIMING ts=20260722-120943] omnivoice.session.postprocess_ms 7.130464
[TIMING ts=20260722-120943] session.wall_ms 227.75603
family=omnivoice
task=tts
mode=offline
audio_out=./outputs/single_infer/audiocpp_omnivoice_clone_mdwt_f16_atwt_f16_step8.wav
  Completed at: 12:09:43
  Output: ./outputs/single_infer/audiocpp_omnivoice_clone_mdwt_f16_atwt_f16_step8.wav

[14/375] weight_type=f16 | audio_tokenizer_weight_type=bf16 | steps=8 -> audiocpp_omnivoice_clone_mdwt_f16_atwt_bf16_step8.wav
  Started at: 12:09:43
[TRACE ts=20260722-120943] runtime.model.family omnivoice
[TRACE ts=20260722-120943] runtime.model.variant omnivoice
[TRACE ts=20260722-120943] runtime.model.root /home/ipt/kawshik/tts-testing/audio.cpp/models/OmniVoice
[TRACE ts=20260722-120943] runtime.model.discovered_config_count 6
[TRACE ts=20260722-120943] runtime.model.discovered_weight_count 2
[TRACE ts=20260722-120943] runtime.model.task_count 1
[TRACE ts=20260722-120943] runtime.model.language_count 1
[TRACE ts=20260722-120943] runtime.model.supports_speaker_reference 1
[TRACE ts=20260722-120943] runtime.model.supports_style_condition 1
[TRACE ts=20260722-120943] runtime.model.supports_timestamps 0
ggml_cuda_init: found 1 CUDA devices (Total VRAM: 24111 MiB):
  Device 0: NVIDIA GeForce RTX 4090, compute capability 8.9, VMM: yes, VRAM: 24111 MiB
ggml_backend_cuda_graph_compute: CUDA graph warmup complete
[TIMING ts=20260722-120953] omnivoice.reference.encode_ms 1.535584
[TIMING ts=20260722-120953] omnivoice.encoder.graph.rebuilt 1
[TIMING ts=20260722-120953] omnivoice.session.prompt_ms 3.562718
[TIMING ts=20260722-120953] omnivoice.session.generate_ms 199.895055
[TIMING ts=20260722-120953] omnivoice.generator.graph.rebuilt 1
[TIMING ts=20260722-120953] omnivoice.generator.graph.rebuild_ms 3.586658
[TIMING ts=20260722-120953] omnivoice.session.decode_ms 9.402265
[TIMING ts=20260722-120953] omnivoice.decoder.graph.rebuilt 1
[TIMING ts=20260722-120953] omnivoice.decoder.graph.rebuild_ms 1.345977
[TIMING ts=20260722-120953] omnivoice.session.postprocess_ms 7.090296
[TIMING ts=20260722-120953] session.wall_ms 222.397034
family=omnivoice
task=tts
mode=offline
audio_out=./outputs/single_infer/audiocpp_omnivoice_clone_mdwt_f16_atwt_bf16_step8.wav
  Completed at: 12:09:53
  Output: ./outputs/single_infer/audiocpp_omnivoice_clone_mdwt_f16_atwt_bf16_step8.wav

[15/375] weight_type=f16 | audio_tokenizer_weight_type=q8_0 | steps=8 -> audiocpp_omnivoice_clone_mdwt_f16_atwt_q8_0_step8.wav
  Started at: 12:09:53
[TRACE ts=20260722-120953] runtime.model.family omnivoice
[TRACE ts=20260722-120953] runtime.model.variant omnivoice
[TRACE ts=20260722-120953] runtime.model.root /home/ipt/kawshik/tts-testing/audio.cpp/models/OmniVoice
[TRACE ts=20260722-120953] runtime.model.discovered_config_count 6
[TRACE ts=20260722-120953] runtime.model.discovered_weight_count 2
[TRACE ts=20260722-120953] runtime.model.task_count 1
[TRACE ts=20260722-120953] runtime.model.language_count 1
[TRACE ts=20260722-120953] runtime.model.supports_speaker_reference 1
[TRACE ts=20260722-120953] runtime.model.supports_style_condition 1
[TRACE ts=20260722-120953] runtime.model.supports_timestamps 0
ggml_cuda_init: found 1 CUDA devices (Total VRAM: 24111 MiB):
  Device 0: NVIDIA GeForce RTX 4090, compute capability 8.9, VMM: yes, VRAM: 24111 MiB
ggml_backend_cuda_graph_compute: CUDA graph warmup complete
[TIMING ts=20260722-121002] omnivoice.reference.encode_ms 1.948401
[TIMING ts=20260722-121002] omnivoice.encoder.graph.rebuilt 1
[TIMING ts=20260722-121002] omnivoice.session.prompt_ms 4.786708
[TIMING ts=20260722-121002] omnivoice.session.generate_ms 206.914719
[TIMING ts=20260722-121002] omnivoice.generator.graph.rebuilt 1
[TIMING ts=20260722-121002] omnivoice.generator.graph.rebuild_ms 4.461412
[TIMING ts=20260722-121002] omnivoice.session.decode_ms 43.600362
[TIMING ts=20260722-121002] omnivoice.decoder.graph.rebuilt 1
[TIMING ts=20260722-121002] omnivoice.decoder.graph.rebuild_ms 1.592119
[TIMING ts=20260722-121002] omnivoice.session.postprocess_ms 7.071802
[TIMING ts=20260722-121002] session.wall_ms 264.63136
family=omnivoice
task=tts
mode=offline
audio_out=./outputs/single_infer/audiocpp_omnivoice_clone_mdwt_f16_atwt_q8_0_step8.wav
  Completed at: 12:10:03
  Output: ./outputs/single_infer/audiocpp_omnivoice_clone_mdwt_f16_atwt_q8_0_step8.wav

[16/375] weight_type=bf16 | audio_tokenizer_weight_type=native | steps=8 -> audiocpp_omnivoice_clone_mdwt_bf16_atwt_native_step8.wav
  Started at: 12:10:03
[TRACE ts=20260722-121003] runtime.model.family omnivoice
[TRACE ts=20260722-121003] runtime.model.variant omnivoice
[TRACE ts=20260722-121003] runtime.model.root /home/ipt/kawshik/tts-testing/audio.cpp/models/OmniVoice
[TRACE ts=20260722-121003] runtime.model.discovered_config_count 6
[TRACE ts=20260722-121003] runtime.model.discovered_weight_count 2
[TRACE ts=20260722-121003] runtime.model.task_count 1
[TRACE ts=20260722-121003] runtime.model.language_count 1
[TRACE ts=20260722-121003] runtime.model.supports_speaker_reference 1
[TRACE ts=20260722-121003] runtime.model.supports_style_condition 1
[TRACE ts=20260722-121003] runtime.model.supports_timestamps 0
ggml_cuda_init: found 1 CUDA devices (Total VRAM: 24111 MiB):
  Device 0: NVIDIA GeForce RTX 4090, compute capability 8.9, VMM: yes, VRAM: 24111 MiB
ggml_backend_cuda_graph_compute: CUDA graph warmup complete
[TIMING ts=20260722-121010] omnivoice.reference.encode_ms 1.719136
[TIMING ts=20260722-121010] omnivoice.encoder.graph.rebuilt 1
[TIMING ts=20260722-121010] omnivoice.session.prompt_ms 5.522352
[TIMING ts=20260722-121010] omnivoice.session.generate_ms 399.030128
[TIMING ts=20260722-121010] omnivoice.generator.graph.rebuilt 1
[TIMING ts=20260722-121010] omnivoice.generator.graph.rebuild_ms 3.483798
[TIMING ts=20260722-121010] omnivoice.session.decode_ms 46.536527
[TIMING ts=20260722-121010] omnivoice.decoder.graph.rebuilt 1
[TIMING ts=20260722-121010] omnivoice.decoder.graph.rebuild_ms 1.63216
[TIMING ts=20260722-121010] omnivoice.session.postprocess_ms 8.755453
[TIMING ts=20260722-121010] session.wall_ms 461.824428
family=omnivoice
task=tts
mode=offline
audio_out=./outputs/single_infer/audiocpp_omnivoice_clone_mdwt_bf16_atwt_native_step8.wav
  Completed at: 12:10:11
  Output: ./outputs/single_infer/audiocpp_omnivoice_clone_mdwt_bf16_atwt_native_step8.wav

[17/375] weight_type=bf16 | audio_tokenizer_weight_type=f32 | steps=8 -> audiocpp_omnivoice_clone_mdwt_bf16_atwt_f32_step8.wav
  Started at: 12:10:11
[TRACE ts=20260722-121011] runtime.model.family omnivoice
[TRACE ts=20260722-121011] runtime.model.variant omnivoice
[TRACE ts=20260722-121011] runtime.model.root /home/ipt/kawshik/tts-testing/audio.cpp/models/OmniVoice
[TRACE ts=20260722-121011] runtime.model.discovered_config_count 6
[TRACE ts=20260722-121011] runtime.model.discovered_weight_count 2
[TRACE ts=20260722-121011] runtime.model.task_count 1
[TRACE ts=20260722-121011] runtime.model.language_count 1
[TRACE ts=20260722-121011] runtime.model.supports_speaker_reference 1
[TRACE ts=20260722-121011] runtime.model.supports_style_condition 1
[TRACE ts=20260722-121011] runtime.model.supports_timestamps 0
ggml_cuda_init: found 1 CUDA devices (Total VRAM: 24111 MiB):
  Device 0: NVIDIA GeForce RTX 4090, compute capability 8.9, VMM: yes, VRAM: 24111 MiB
ggml_backend_cuda_graph_compute: CUDA graph warmup complete
[TIMING ts=20260722-121018] omnivoice.reference.encode_ms 1.694144
[TIMING ts=20260722-121018] omnivoice.encoder.graph.rebuilt 1
[TIMING ts=20260722-121018] omnivoice.session.prompt_ms 2.886332
[TIMING ts=20260722-121018] omnivoice.session.generate_ms 402.008697
[TIMING ts=20260722-121018] omnivoice.generator.graph.rebuilt 1
[TIMING ts=20260722-121018] omnivoice.generator.graph.rebuild_ms 2.884201
[TIMING ts=20260722-121018] omnivoice.session.decode_ms 44.460248
[TIMING ts=20260722-121018] omnivoice.decoder.graph.rebuilt 1
[TIMING ts=20260722-121018] omnivoice.decoder.graph.rebuild_ms 1.593997
[TIMING ts=20260722-121018] omnivoice.session.postprocess_ms 8.883065
[TIMING ts=20260722-121018] session.wall_ms 460.162203
family=omnivoice
task=tts
mode=offline
audio_out=./outputs/single_infer/audiocpp_omnivoice_clone_mdwt_bf16_atwt_f32_step8.wav
  Completed at: 12:10:18
  Output: ./outputs/single_infer/audiocpp_omnivoice_clone_mdwt_bf16_atwt_f32_step8.wav

[18/375] weight_type=bf16 | audio_tokenizer_weight_type=f16 | steps=8 -> audiocpp_omnivoice_clone_mdwt_bf16_atwt_f16_step8.wav
  Started at: 12:10:18
[TRACE ts=20260722-121019] runtime.model.family omnivoice
[TRACE ts=20260722-121019] runtime.model.variant omnivoice
[TRACE ts=20260722-121019] runtime.model.root /home/ipt/kawshik/tts-testing/audio.cpp/models/OmniVoice
[TRACE ts=20260722-121019] runtime.model.discovered_config_count 6
[TRACE ts=20260722-121019] runtime.model.discovered_weight_count 2
[TRACE ts=20260722-121019] runtime.model.task_count 1
[TRACE ts=20260722-121019] runtime.model.language_count 1
[TRACE ts=20260722-121019] runtime.model.supports_speaker_reference 1
[TRACE ts=20260722-121019] runtime.model.supports_style_condition 1
[TRACE ts=20260722-121019] runtime.model.supports_timestamps 0
ggml_cuda_init: found 1 CUDA devices (Total VRAM: 24111 MiB):
  Device 0: NVIDIA GeForce RTX 4090, compute capability 8.9, VMM: yes, VRAM: 24111 MiB
ggml_backend_cuda_graph_compute: CUDA graph warmup complete
[TIMING ts=20260722-121026] omnivoice.reference.encode_ms 1.363049
[TIMING ts=20260722-121026] omnivoice.encoder.graph.rebuilt 1
[TIMING ts=20260722-121026] omnivoice.session.prompt_ms 2.88606
[TIMING ts=20260722-121026] omnivoice.session.generate_ms 369.85225
[TIMING ts=20260722-121026] omnivoice.generator.graph.rebuilt 1
[TIMING ts=20260722-121026] omnivoice.generator.graph.rebuild_ms 3.408784
[TIMING ts=20260722-121026] omnivoice.session.decode_ms 8.77912
[TIMING ts=20260722-121026] omnivoice.decoder.graph.rebuilt 1
[TIMING ts=20260722-121026] omnivoice.decoder.graph.rebuild_ms 1.385221
[TIMING ts=20260722-121026] omnivoice.session.postprocess_ms 6.538682
[TIMING ts=20260722-121026] session.wall_ms 389.634204
family=omnivoice
task=tts
mode=offline
audio_out=./outputs/single_infer/audiocpp_omnivoice_clone_mdwt_bf16_atwt_f16_step8.wav
  Completed at: 12:10:26
  Output: ./outputs/single_infer/audiocpp_omnivoice_clone_mdwt_bf16_atwt_f16_step8.wav

[19/375] weight_type=bf16 | audio_tokenizer_weight_type=bf16 | steps=8 -> audiocpp_omnivoice_clone_mdwt_bf16_atwt_bf16_step8.wav
  Started at: 12:10:26
[TRACE ts=20260722-121026] runtime.model.family omnivoice
[TRACE ts=20260722-121026] runtime.model.variant omnivoice
[TRACE ts=20260722-121026] runtime.model.root /home/ipt/kawshik/tts-testing/audio.cpp/models/OmniVoice
[TRACE ts=20260722-121026] runtime.model.discovered_config_count 6
[TRACE ts=20260722-121026] runtime.model.discovered_weight_count 2
[TRACE ts=20260722-121026] runtime.model.task_count 1
[TRACE ts=20260722-121026] runtime.model.language_count 1
[TRACE ts=20260722-121026] runtime.model.supports_speaker_reference 1
[TRACE ts=20260722-121026] runtime.model.supports_style_condition 1
[TRACE ts=20260722-121026] runtime.model.supports_timestamps 0
ggml_cuda_init: found 1 CUDA devices (Total VRAM: 24111 MiB):
  Device 0: NVIDIA GeForce RTX 4090, compute capability 8.9, VMM: yes, VRAM: 24111 MiB
ggml_backend_cuda_graph_compute: CUDA graph warmup complete
[TIMING ts=20260722-121034] omnivoice.reference.encode_ms 1.441611
[TIMING ts=20260722-121034] omnivoice.encoder.graph.rebuilt 1
[TIMING ts=20260722-121034] omnivoice.session.prompt_ms 3.257991
[TIMING ts=20260722-121034] omnivoice.session.generate_ms 208.982983
[TIMING ts=20260722-121034] omnivoice.generator.graph.rebuilt 1
[TIMING ts=20260722-121034] omnivoice.generator.graph.rebuild_ms 3.107319
[TIMING ts=20260722-121034] omnivoice.session.decode_ms 8.969971
[TIMING ts=20260722-121034] omnivoice.decoder.graph.rebuilt 1
[TIMING ts=20260722-121034] omnivoice.decoder.graph.rebuild_ms 1.291067
[TIMING ts=20260722-121034] omnivoice.session.postprocess_ms 7.225136
[TIMING ts=20260722-121034] session.wall_ms 230.094145
family=omnivoice
task=tts
mode=offline
audio_out=./outputs/single_infer/audiocpp_omnivoice_clone_mdwt_bf16_atwt_bf16_step8.wav
  Completed at: 12:10:34
  Output: ./outputs/single_infer/audiocpp_omnivoice_clone_mdwt_bf16_atwt_bf16_step8.wav

[20/375] weight_type=bf16 | audio_tokenizer_weight_type=q8_0 | steps=8 -> audiocpp_omnivoice_clone_mdwt_bf16_atwt_q8_0_step8.wav
  Started at: 12:10:34
[TRACE ts=20260722-121034] runtime.model.family omnivoice
[TRACE ts=20260722-121034] runtime.model.variant omnivoice
[TRACE ts=20260722-121034] runtime.model.root /home/ipt/kawshik/tts-testing/audio.cpp/models/OmniVoice
[TRACE ts=20260722-121034] runtime.model.discovered_config_count 6
[TRACE ts=20260722-121034] runtime.model.discovered_weight_count 2
[TRACE ts=20260722-121034] runtime.model.task_count 1
[TRACE ts=20260722-121034] runtime.model.language_count 1
[TRACE ts=20260722-121034] runtime.model.supports_speaker_reference 1
[TRACE ts=20260722-121034] runtime.model.supports_style_condition 1
[TRACE ts=20260722-121034] runtime.model.supports_timestamps 0
ggml_cuda_init: found 1 CUDA devices (Total VRAM: 24111 MiB):
  Device 0: NVIDIA GeForce RTX 4090, compute capability 8.9, VMM: yes, VRAM: 24111 MiB
ggml_backend_cuda_graph_compute: CUDA graph warmup complete
[TIMING ts=20260722-121043] omnivoice.reference.encode_ms 1.434137
[TIMING ts=20260722-121043] omnivoice.encoder.graph.rebuilt 1
[TIMING ts=20260722-121043] omnivoice.session.prompt_ms 3.707966
[TIMING ts=20260722-121043] omnivoice.session.generate_ms 369.562891
[TIMING ts=20260722-121043] omnivoice.generator.graph.rebuilt 1
[TIMING ts=20260722-121043] omnivoice.generator.graph.rebuild_ms 3.243773
[TIMING ts=20260722-121043] omnivoice.session.decode_ms 44.134323
[TIMING ts=20260722-121043] omnivoice.decoder.graph.rebuilt 1
[TIMING ts=20260722-121043] omnivoice.decoder.graph.rebuild_ms 1.44807
[TIMING ts=20260722-121043] omnivoice.session.postprocess_ms 7.698563
[TIMING ts=20260722-121043] session.wall_ms 426.761004
family=omnivoice
task=tts
mode=offline
audio_out=./outputs/single_infer/audiocpp_omnivoice_clone_mdwt_bf16_atwt_q8_0_step8.wav
  Completed at: 12:10:43
  Output: ./outputs/single_infer/audiocpp_omnivoice_clone_mdwt_bf16_atwt_q8_0_step8.wav

[21/375] weight_type=q8_0 | audio_tokenizer_weight_type=native | steps=8 -> audiocpp_omnivoice_clone_mdwt_q8_0_atwt_native_step8.wav
  Started at: 12:10:43
[TRACE ts=20260722-121043] runtime.model.family omnivoice
[TRACE ts=20260722-121043] runtime.model.variant omnivoice
[TRACE ts=20260722-121043] runtime.model.root /home/ipt/kawshik/tts-testing/audio.cpp/models/OmniVoice
[TRACE ts=20260722-121043] runtime.model.discovered_config_count 6
[TRACE ts=20260722-121043] runtime.model.discovered_weight_count 2
[TRACE ts=20260722-121043] runtime.model.task_count 1
[TRACE ts=20260722-121043] runtime.model.language_count 1
[TRACE ts=20260722-121043] runtime.model.supports_speaker_reference 1
[TRACE ts=20260722-121043] runtime.model.supports_style_condition 1
[TRACE ts=20260722-121043] runtime.model.supports_timestamps 0
ggml_cuda_init: found 1 CUDA devices (Total VRAM: 24111 MiB):
  Device 0: NVIDIA GeForce RTX 4090, compute capability 8.9, VMM: yes, VRAM: 24111 MiB
ggml_backend_cuda_graph_compute: CUDA graph warmup complete
[TIMING ts=20260722-121052] omnivoice.reference.encode_ms 1.511734
[TIMING ts=20260722-121052] omnivoice.encoder.graph.rebuilt 1
[TIMING ts=20260722-121052] omnivoice.session.prompt_ms 2.541629
[TIMING ts=20260722-121052] omnivoice.session.generate_ms 264.196027
[TIMING ts=20260722-121052] omnivoice.generator.graph.rebuilt 1
[TIMING ts=20260722-121052] omnivoice.generator.graph.rebuild_ms 7.331065
[TIMING ts=20260722-121052] omnivoice.session.decode_ms 33.685722
[TIMING ts=20260722-121052] omnivoice.decoder.graph.rebuilt 1
[TIMING ts=20260722-121052] omnivoice.decoder.graph.rebuild_ms 1.326791
[TIMING ts=20260722-121052] omnivoice.session.postprocess_ms 7.529868
[TIMING ts=20260722-121052] session.wall_ms 309.686431
family=omnivoice
task=tts
mode=offline
audio_out=./outputs/single_infer/audiocpp_omnivoice_clone_mdwt_q8_0_atwt_native_step8.wav
  Completed at: 12:10:52
  Output: ./outputs/single_infer/audiocpp_omnivoice_clone_mdwt_q8_0_atwt_native_step8.wav

[22/375] weight_type=q8_0 | audio_tokenizer_weight_type=f32 | steps=8 -> audiocpp_omnivoice_clone_mdwt_q8_0_atwt_f32_step8.wav
  Started at: 12:10:52
[TRACE ts=20260722-121052] runtime.model.family omnivoice
[TRACE ts=20260722-121052] runtime.model.variant omnivoice
[TRACE ts=20260722-121052] runtime.model.root /home/ipt/kawshik/tts-testing/audio.cpp/models/OmniVoice
[TRACE ts=20260722-121052] runtime.model.discovered_config_count 6
[TRACE ts=20260722-121052] runtime.model.discovered_weight_count 2
[TRACE ts=20260722-121052] runtime.model.task_count 1
[TRACE ts=20260722-121052] runtime.model.language_count 1
[TRACE ts=20260722-121052] runtime.model.supports_speaker_reference 1
[TRACE ts=20260722-121052] runtime.model.supports_style_condition 1
[TRACE ts=20260722-121052] runtime.model.supports_timestamps 0
ggml_cuda_init: found 1 CUDA devices (Total VRAM: 24111 MiB):
  Device 0: NVIDIA GeForce RTX 4090, compute capability 8.9, VMM: yes, VRAM: 24111 MiB
ggml_backend_cuda_graph_compute: CUDA graph warmup complete
[TIMING ts=20260722-121101] omnivoice.reference.encode_ms 1.460892
[TIMING ts=20260722-121101] omnivoice.encoder.graph.rebuilt 1
[TIMING ts=20260722-121101] omnivoice.session.prompt_ms 2.436247
[TIMING ts=20260722-121101] omnivoice.session.generate_ms 257.181553
[TIMING ts=20260722-121101] omnivoice.generator.graph.rebuilt 1
[TIMING ts=20260722-121101] omnivoice.generator.graph.rebuild_ms 2.811417
[TIMING ts=20260722-121101] omnivoice.session.decode_ms 33.527561
[TIMING ts=20260722-121101] omnivoice.decoder.graph.rebuilt 1
[TIMING ts=20260722-121101] omnivoice.decoder.graph.rebuild_ms 1.252318
[TIMING ts=20260722-121101] omnivoice.session.postprocess_ms 7.342906
[TIMING ts=20260722-121101] session.wall_ms 302.173424
family=omnivoice
task=tts
mode=offline
audio_out=./outputs/single_infer/audiocpp_omnivoice_clone_mdwt_q8_0_atwt_f32_step8.wav
  Completed at: 12:11:02
  Output: ./outputs/single_infer/audiocpp_omnivoice_clone_mdwt_q8_0_atwt_f32_step8.wav

[23/375] weight_type=q8_0 | audio_tokenizer_weight_type=f16 | steps=8 -> audiocpp_omnivoice_clone_mdwt_q8_0_atwt_f16_step8.wav
  Started at: 12:11:02
[TRACE ts=20260722-121102] runtime.model.family omnivoice
[TRACE ts=20260722-121102] runtime.model.variant omnivoice
[TRACE ts=20260722-121102] runtime.model.root /home/ipt/kawshik/tts-testing/audio.cpp/models/OmniVoice
[TRACE ts=20260722-121102] runtime.model.discovered_config_count 6
[TRACE ts=20260722-121102] runtime.model.discovered_weight_count 2
[TRACE ts=20260722-121102] runtime.model.task_count 1
[TRACE ts=20260722-121102] runtime.model.language_count 1
[TRACE ts=20260722-121102] runtime.model.supports_speaker_reference 1
[TRACE ts=20260722-121102] runtime.model.supports_style_condition 1
[TRACE ts=20260722-121102] runtime.model.supports_timestamps 0
ggml_cuda_init: found 1 CUDA devices (Total VRAM: 24111 MiB):
  Device 0: NVIDIA GeForce RTX 4090, compute capability 8.9, VMM: yes, VRAM: 24111 MiB
ggml_backend_cuda_graph_compute: CUDA graph warmup complete
[TIMING ts=20260722-121111] omnivoice.reference.encode_ms 1.343202
[TIMING ts=20260722-121111] omnivoice.encoder.graph.rebuilt 1
[TIMING ts=20260722-121111] omnivoice.session.prompt_ms 2.948602
[TIMING ts=20260722-121111] omnivoice.session.generate_ms 205.996301
[TIMING ts=20260722-121111] omnivoice.generator.graph.rebuilt 1
[TIMING ts=20260722-121111] omnivoice.generator.graph.rebuild_ms 3.328896
[TIMING ts=20260722-121111] omnivoice.session.decode_ms 9.108808
[TIMING ts=20260722-121111] omnivoice.decoder.graph.rebuilt 1
[TIMING ts=20260722-121111] omnivoice.decoder.graph.rebuild_ms 1.36898
[TIMING ts=20260722-121111] omnivoice.session.postprocess_ms 6.902614
[TIMING ts=20260722-121111] session.wall_ms 227.273491
family=omnivoice
task=tts
mode=offline
audio_out=./outputs/single_infer/audiocpp_omnivoice_clone_mdwt_q8_0_atwt_f16_step8.wav
  Completed at: 12:11:11
  Output: ./outputs/single_infer/audiocpp_omnivoice_clone_mdwt_q8_0_atwt_f16_step8.wav

[24/375] weight_type=q8_0 | audio_tokenizer_weight_type=bf16 | steps=8 -> audiocpp_omnivoice_clone_mdwt_q8_0_atwt_bf16_step8.wav
  Started at: 12:11:11
[TRACE ts=20260722-121111] runtime.model.family omnivoice
[TRACE ts=20260722-121111] runtime.model.variant omnivoice
[TRACE ts=20260722-121111] runtime.model.root /home/ipt/kawshik/tts-testing/audio.cpp/models/OmniVoice
[TRACE ts=20260722-121111] runtime.model.discovered_config_count 6
[TRACE ts=20260722-121111] runtime.model.discovered_weight_count 2
[TRACE ts=20260722-121111] runtime.model.task_count 1
[TRACE ts=20260722-121111] runtime.model.language_count 1
[TRACE ts=20260722-121111] runtime.model.supports_speaker_reference 1
[TRACE ts=20260722-121111] runtime.model.supports_style_condition 1
[TRACE ts=20260722-121111] runtime.model.supports_timestamps 0
ggml_cuda_init: found 1 CUDA devices (Total VRAM: 24111 MiB):
  Device 0: NVIDIA GeForce RTX 4090, compute capability 8.9, VMM: yes, VRAM: 24111 MiB
ggml_backend_cuda_graph_compute: CUDA graph warmup complete
[TIMING ts=20260722-121121] omnivoice.reference.encode_ms 1.298862
[TIMING ts=20260722-121121] omnivoice.encoder.graph.rebuilt 1
[TIMING ts=20260722-121121] omnivoice.session.prompt_ms 3.348852
[TIMING ts=20260722-121121] omnivoice.session.generate_ms 209.707891
[TIMING ts=20260722-121121] omnivoice.generator.graph.rebuilt 1
[TIMING ts=20260722-121121] omnivoice.generator.graph.rebuild_ms 3.176125
[TIMING ts=20260722-121121] omnivoice.session.decode_ms 9.712917
[TIMING ts=20260722-121121] omnivoice.decoder.graph.rebuilt 1
[TIMING ts=20260722-121121] omnivoice.decoder.graph.rebuild_ms 1.478295
[TIMING ts=20260722-121121] omnivoice.session.postprocess_ms 7.179625
[TIMING ts=20260722-121121] session.wall_ms 231.473076
family=omnivoice
task=tts
mode=offline
audio_out=./outputs/single_infer/audiocpp_omnivoice_clone_mdwt_q8_0_atwt_bf16_step8.wav
  Completed at: 12:11:21
  Output: ./outputs/single_infer/audiocpp_omnivoice_clone_mdwt_q8_0_atwt_bf16_step8.wav

[25/375] weight_type=q8_0 | audio_tokenizer_weight_type=q8_0 | steps=8 -> audiocpp_omnivoice_clone_mdwt_q8_0_atwt_q8_0_step8.wav
  Started at: 12:11:21
[TRACE ts=20260722-121121] runtime.model.family omnivoice
[TRACE ts=20260722-121121] runtime.model.variant omnivoice
[TRACE ts=20260722-121121] runtime.model.root /home/ipt/kawshik/tts-testing/audio.cpp/models/OmniVoice
[TRACE ts=20260722-121121] runtime.model.discovered_config_count 6
[TRACE ts=20260722-121121] runtime.model.discovered_weight_count 2
[TRACE ts=20260722-121121] runtime.model.task_count 1
[TRACE ts=20260722-121121] runtime.model.language_count 1
[TRACE ts=20260722-121121] runtime.model.supports_speaker_reference 1
[TRACE ts=20260722-121121] runtime.model.supports_style_condition 1
[TRACE ts=20260722-121121] runtime.model.supports_timestamps 0
ggml_cuda_init: found 1 CUDA devices (Total VRAM: 24111 MiB):
  Device 0: NVIDIA GeForce RTX 4090, compute capability 8.9, VMM: yes, VRAM: 24111 MiB
ggml_backend_cuda_graph_compute: CUDA graph warmup complete
[TIMING ts=20260722-121131] omnivoice.reference.encode_ms 1.473071
[TIMING ts=20260722-121131] omnivoice.encoder.graph.rebuilt 1
[TIMING ts=20260722-121131] omnivoice.session.prompt_ms 3.366123
[TIMING ts=20260722-121131] omnivoice.session.generate_ms 222.870269
[TIMING ts=20260722-121131] omnivoice.generator.graph.rebuilt 1
[TIMING ts=20260722-121131] omnivoice.generator.graph.rebuild_ms 3.148925
[TIMING ts=20260722-121131] omnivoice.session.decode_ms 50.071439
[TIMING ts=20260722-121131] omnivoice.decoder.graph.rebuilt 1
[TIMING ts=20260722-121131] omnivoice.decoder.graph.rebuild_ms 1.609668
[TIMING ts=20260722-121131] omnivoice.session.postprocess_ms 8.893423
[TIMING ts=20260722-121131] session.wall_ms 286.916842
family=omnivoice
task=tts
mode=offline
audio_out=./outputs/single_infer/audiocpp_omnivoice_clone_mdwt_q8_0_atwt_q8_0_step8.wav
  Completed at: 12:11:31
  Output: ./outputs/single_infer/audiocpp_omnivoice_clone_mdwt_q8_0_atwt_q8_0_step8.wav

[26/375] weight_type=native | audio_tokenizer_weight_type=native | steps=12 -> audiocpp_omnivoice_clone_mdwt_native_atwt_native_step12.wav
  Started at: 12:11:31
[TRACE ts=20260722-121131] runtime.model.family omnivoice
[TRACE ts=20260722-121131] runtime.model.variant omnivoice
[TRACE ts=20260722-121131] runtime.model.root /home/ipt/kawshik/tts-testing/audio.cpp/models/OmniVoice
[TRACE ts=20260722-121131] runtime.model.discovered_config_count 6
[TRACE ts=20260722-121131] runtime.model.discovered_weight_count 2
[TRACE ts=20260722-121131] runtime.model.task_count 1
[TRACE ts=20260722-121131] runtime.model.language_count 1
[TRACE ts=20260722-121131] runtime.model.supports_speaker_reference 1
[TRACE ts=20260722-121131] runtime.model.supports_style_condition 1
[TRACE ts=20260722-121131] runtime.model.supports_timestamps 0
ggml_cuda_init: found 1 CUDA devices (Total VRAM: 24111 MiB):
  Device 0: NVIDIA GeForce RTX 4090, compute capability 8.9, VMM: yes, VRAM: 24111 MiB
ggml_backend_cuda_graph_compute: CUDA graph warmup complete
[TIMING ts=20260722-121134] omnivoice.reference.encode_ms 2.164853
[TIMING ts=20260722-121134] omnivoice.encoder.graph.rebuilt 1
[TIMING ts=20260722-121134] omnivoice.session.prompt_ms 3.608385
[TIMING ts=20260722-121134] omnivoice.session.generate_ms 342.026566
[TIMING ts=20260722-121134] omnivoice.generator.graph.rebuilt 1
[TIMING ts=20260722-121134] omnivoice.generator.graph.rebuild_ms 3.712873
[TIMING ts=20260722-121134] omnivoice.session.decode_ms 39.805027
[TIMING ts=20260722-121134] omnivoice.decoder.graph.rebuilt 1
[TIMING ts=20260722-121134] omnivoice.decoder.graph.rebuild_ms 1.558495
[TIMING ts=20260722-121134] omnivoice.session.postprocess_ms 14.846034
[TIMING ts=20260722-121134] session.wall_ms 402.741081
family=omnivoice
task=tts
mode=offline
audio_out=./outputs/single_infer/audiocpp_omnivoice_clone_mdwt_native_atwt_native_step12.wav
  Completed at: 12:11:34
  Output: ./outputs/single_infer/audiocpp_omnivoice_clone_mdwt_native_atwt_native_step12.wav

[27/375] weight_type=native | audio_tokenizer_weight_type=f32 | steps=12 -> audiocpp_omnivoice_clone_mdwt_native_atwt_f32_step12.wav
  Started at: 12:11:34
[TRACE ts=20260722-121134] runtime.model.family omnivoice
[TRACE ts=20260722-121134] runtime.model.variant omnivoice
[TRACE ts=20260722-121134] runtime.model.root /home/ipt/kawshik/tts-testing/audio.cpp/models/OmniVoice
[TRACE ts=20260722-121134] runtime.model.discovered_config_count 6
[TRACE ts=20260722-121134] runtime.model.discovered_weight_count 2
[TRACE ts=20260722-121134] runtime.model.task_count 1
[TRACE ts=20260722-121134] runtime.model.language_count 1
[TRACE ts=20260722-121134] runtime.model.supports_speaker_reference 1
[TRACE ts=20260722-121134] runtime.model.supports_style_condition 1
[TRACE ts=20260722-121134] runtime.model.supports_timestamps 0
ggml_cuda_init: found 1 CUDA devices (Total VRAM: 24111 MiB):
  Device 0: NVIDIA GeForce RTX 4090, compute capability 8.9, VMM: yes, VRAM: 24111 MiB
ggml_backend_cuda_graph_compute: CUDA graph warmup complete
[TIMING ts=20260722-121138] omnivoice.reference.encode_ms 1.70567
[TIMING ts=20260722-121138] omnivoice.encoder.graph.rebuilt 1
[TIMING ts=20260722-121138] omnivoice.session.prompt_ms 2.898927
[TIMING ts=20260722-121138] omnivoice.session.generate_ms 342.916046
[TIMING ts=20260722-121138] omnivoice.generator.graph.rebuilt 1
[TIMING ts=20260722-121138] omnivoice.generator.graph.rebuild_ms 3.081458
[TIMING ts=20260722-121138] omnivoice.session.decode_ms 38.783802
[TIMING ts=20260722-121138] omnivoice.decoder.graph.rebuilt 1
[TIMING ts=20260722-121138] omnivoice.decoder.graph.rebuild_ms 1.559596
[TIMING ts=20260722-121138] omnivoice.session.postprocess_ms 7.860931
[TIMING ts=20260722-121138] session.wall_ms 394.43905
family=omnivoice
task=tts
mode=offline
audio_out=./outputs/single_infer/audiocpp_omnivoice_clone_mdwt_native_atwt_f32_step12.wav
  Completed at: 12:11:38
  Output: ./outputs/single_infer/audiocpp_omnivoice_clone_mdwt_native_atwt_f32_step12.wav

[28/375] weight_type=native | audio_tokenizer_weight_type=f16 | steps=12 -> audiocpp_omnivoice_clone_mdwt_native_atwt_f16_step12.wav
  Started at: 12:11:38
[TRACE ts=20260722-121138] runtime.model.family omnivoice
[TRACE ts=20260722-121138] runtime.model.variant omnivoice
[TRACE ts=20260722-121138] runtime.model.root /home/ipt/kawshik/tts-testing/audio.cpp/models/OmniVoice
[TRACE ts=20260722-121138] runtime.model.discovered_config_count 6
[TRACE ts=20260722-121138] runtime.model.discovered_weight_count 2
[TRACE ts=20260722-121138] runtime.model.task_count 1
[TRACE ts=20260722-121138] runtime.model.language_count 1
[TRACE ts=20260722-121138] runtime.model.supports_speaker_reference 1
[TRACE ts=20260722-121138] runtime.model.supports_style_condition 1
[TRACE ts=20260722-121138] runtime.model.supports_timestamps 0
ggml_cuda_init: found 1 CUDA devices (Total VRAM: 24111 MiB):
  Device 0: NVIDIA GeForce RTX 4090, compute capability 8.9, VMM: yes, VRAM: 24111 MiB
ggml_backend_cuda_graph_compute: CUDA graph warmup complete
[TIMING ts=20260722-121142] omnivoice.reference.encode_ms 1.489733
[TIMING ts=20260722-121142] omnivoice.encoder.graph.rebuilt 1
[TIMING ts=20260722-121142] omnivoice.session.prompt_ms 2.614417
[TIMING ts=20260722-121142] omnivoice.session.generate_ms 330.99885
[TIMING ts=20260722-121142] omnivoice.generator.graph.rebuilt 1
[TIMING ts=20260722-121142] omnivoice.generator.graph.rebuild_ms 3.11052
[TIMING ts=20260722-121142] omnivoice.session.decode_ms 11.851578
[TIMING ts=20260722-121142] omnivoice.decoder.graph.rebuilt 1
[TIMING ts=20260722-121142] omnivoice.decoder.graph.rebuild_ms 2.451732
[TIMING ts=20260722-121142] omnivoice.session.postprocess_ms 8.025496
[TIMING ts=20260722-121142] session.wall_ms 355.199903
family=omnivoice
task=tts
mode=offline
audio_out=./outputs/single_infer/audiocpp_omnivoice_clone_mdwt_native_atwt_f16_step12.wav
  Completed at: 12:11:42
  Output: ./outputs/single_infer/audiocpp_omnivoice_clone_mdwt_native_atwt_f16_step12.wav

[29/375] weight_type=native | audio_tokenizer_weight_type=bf16 | steps=12 -> audiocpp_omnivoice_clone_mdwt_native_atwt_bf16_step12.wav
  Started at: 12:11:42
[TRACE ts=20260722-121142] runtime.model.family omnivoice
[TRACE ts=20260722-121142] runtime.model.variant omnivoice
[TRACE ts=20260722-121142] runtime.model.root /home/ipt/kawshik/tts-testing/audio.cpp/models/OmniVoice
[TRACE ts=20260722-121142] runtime.model.discovered_config_count 6
[TRACE ts=20260722-121142] runtime.model.discovered_weight_count 2
[TRACE ts=20260722-121142] runtime.model.task_count 1
[TRACE ts=20260722-121142] runtime.model.language_count 1
[TRACE ts=20260722-121142] runtime.model.supports_speaker_reference 1
[TRACE ts=20260722-121142] runtime.model.supports_style_condition 1
[TRACE ts=20260722-121142] runtime.model.supports_timestamps 0
ggml_cuda_init: found 1 CUDA devices (Total VRAM: 24111 MiB):
  Device 0: NVIDIA GeForce RTX 4090, compute capability 8.9, VMM: yes, VRAM: 24111 MiB
ggml_backend_cuda_graph_compute: CUDA graph warmup complete
[TIMING ts=20260722-121146] omnivoice.reference.encode_ms 1.498639
[TIMING ts=20260722-121146] omnivoice.encoder.graph.rebuilt 1
[TIMING ts=20260722-121146] omnivoice.session.prompt_ms 3.610696
[TIMING ts=20260722-121146] omnivoice.session.generate_ms 350.091637
[TIMING ts=20260722-121146] omnivoice.generator.graph.rebuilt 1
[TIMING ts=20260722-121146] omnivoice.generator.graph.rebuild_ms 3.199754
[TIMING ts=20260722-121146] omnivoice.session.decode_ms 9.457872
[TIMING ts=20260722-121146] omnivoice.decoder.graph.rebuilt 1
[TIMING ts=20260722-121146] omnivoice.decoder.graph.rebuild_ms 1.517272
[TIMING ts=20260722-121146] omnivoice.session.postprocess_ms 6.375706
[TIMING ts=20260722-121146] session.wall_ms 371.254863
family=omnivoice
task=tts
mode=offline
audio_out=./outputs/single_infer/audiocpp_omnivoice_clone_mdwt_native_atwt_bf16_step12.wav
  Completed at: 12:11:46
  Output: ./outputs/single_infer/audiocpp_omnivoice_clone_mdwt_native_atwt_bf16_step12.wav

[30/375] weight_type=native | audio_tokenizer_weight_type=q8_0 | steps=12 -> audiocpp_omnivoice_clone_mdwt_native_atwt_q8_0_step12.wav
  Started at: 12:11:46
[TRACE ts=20260722-121146] runtime.model.family omnivoice
[TRACE ts=20260722-121146] runtime.model.variant omnivoice
[TRACE ts=20260722-121146] runtime.model.root /home/ipt/kawshik/tts-testing/audio.cpp/models/OmniVoice
[TRACE ts=20260722-121146] runtime.model.discovered_config_count 6
[TRACE ts=20260722-121146] runtime.model.discovered_weight_count 2
[TRACE ts=20260722-121146] runtime.model.task_count 1
[TRACE ts=20260722-121146] runtime.model.language_count 1
[TRACE ts=20260722-121146] runtime.model.supports_speaker_reference 1
[TRACE ts=20260722-121146] runtime.model.supports_style_condition 1
[TRACE ts=20260722-121146] runtime.model.supports_timestamps 0
ggml_cuda_init: found 1 CUDA devices (Total VRAM: 24111 MiB):
  Device 0: NVIDIA GeForce RTX 4090, compute capability 8.9, VMM: yes, VRAM: 24111 MiB
ggml_backend_cuda_graph_compute: CUDA graph warmup complete
[TIMING ts=20260722-121151] omnivoice.reference.encode_ms 1.714276
[TIMING ts=20260722-121151] omnivoice.encoder.graph.rebuilt 1
[TIMING ts=20260722-121151] omnivoice.session.prompt_ms 4.143135
[TIMING ts=20260722-121151] omnivoice.session.generate_ms 351.48663
[TIMING ts=20260722-121151] omnivoice.generator.graph.rebuilt 1
[TIMING ts=20260722-121151] omnivoice.generator.graph.rebuild_ms 3.999735
[TIMING ts=20260722-121151] omnivoice.session.decode_ms 43.258367
[TIMING ts=20260722-121151] omnivoice.decoder.graph.rebuilt 1
[TIMING ts=20260722-121151] omnivoice.decoder.graph.rebuild_ms 1.304433
[TIMING ts=20260722-121151] omnivoice.session.postprocess_ms 7.152337
[TIMING ts=20260722-121151] session.wall_ms 408.031831
family=omnivoice
task=tts
mode=offline
audio_out=./outputs/single_infer/audiocpp_omnivoice_clone_mdwt_native_atwt_q8_0_step12.wav
  Completed at: 12:11:51
  Output: ./outputs/single_infer/audiocpp_omnivoice_clone_mdwt_native_atwt_q8_0_step12.wav

[31/375] weight_type=f32 | audio_tokenizer_weight_type=native | steps=12 -> audiocpp_omnivoice_clone_mdwt_f32_atwt_native_step12.wav
  Started at: 12:11:51
[TRACE ts=20260722-121151] runtime.model.family omnivoice
[TRACE ts=20260722-121151] runtime.model.variant omnivoice
[TRACE ts=20260722-121151] runtime.model.root /home/ipt/kawshik/tts-testing/audio.cpp/models/OmniVoice
[TRACE ts=20260722-121151] runtime.model.discovered_config_count 6
[TRACE ts=20260722-121151] runtime.model.discovered_weight_count 2
[TRACE ts=20260722-121151] runtime.model.task_count 1
[TRACE ts=20260722-121151] runtime.model.language_count 1
[TRACE ts=20260722-121151] runtime.model.supports_speaker_reference 1
[TRACE ts=20260722-121151] runtime.model.supports_style_condition 1
[TRACE ts=20260722-121151] runtime.model.supports_timestamps 0
ggml_cuda_init: found 1 CUDA devices (Total VRAM: 24111 MiB):
  Device 0: NVIDIA GeForce RTX 4090, compute capability 8.9, VMM: yes, VRAM: 24111 MiB
ggml_backend_cuda_graph_compute: CUDA graph warmup complete
[TIMING ts=20260722-121154] omnivoice.reference.encode_ms 1.460632
[TIMING ts=20260722-121154] omnivoice.encoder.graph.rebuilt 1
[TIMING ts=20260722-121154] omnivoice.session.prompt_ms 2.309061
[TIMING ts=20260722-121154] omnivoice.session.generate_ms 325.325544
[TIMING ts=20260722-121154] omnivoice.generator.graph.rebuilt 1
[TIMING ts=20260722-121154] omnivoice.generator.graph.rebuild_ms 2.597277
[TIMING ts=20260722-121154] omnivoice.session.decode_ms 35.057346
[TIMING ts=20260722-121154] omnivoice.decoder.graph.rebuilt 1
[TIMING ts=20260722-121154] omnivoice.decoder.graph.rebuild_ms 1.283771
[TIMING ts=20260722-121154] omnivoice.session.postprocess_ms 6.389008
[TIMING ts=20260722-121154] session.wall_ms 370.766599
family=omnivoice
task=tts
mode=offline
audio_out=./outputs/single_infer/audiocpp_omnivoice_clone_mdwt_f32_atwt_native_step12.wav
  Completed at: 12:11:54
  Output: ./outputs/single_infer/audiocpp_omnivoice_clone_mdwt_f32_atwt_native_step12.wav

[32/375] weight_type=f32 | audio_tokenizer_weight_type=f32 | steps=12 -> audiocpp_omnivoice_clone_mdwt_f32_atwt_f32_step12.wav
  Started at: 12:11:54
[TRACE ts=20260722-121154] runtime.model.family omnivoice
[TRACE ts=20260722-121154] runtime.model.variant omnivoice
[TRACE ts=20260722-121154] runtime.model.root /home/ipt/kawshik/tts-testing/audio.cpp/models/OmniVoice
[TRACE ts=20260722-121154] runtime.model.discovered_config_count 6
[TRACE ts=20260722-121154] runtime.model.discovered_weight_count 2
[TRACE ts=20260722-121154] runtime.model.task_count 1
[TRACE ts=20260722-121154] runtime.model.language_count 1
[TRACE ts=20260722-121154] runtime.model.supports_speaker_reference 1
[TRACE ts=20260722-121154] runtime.model.supports_style_condition 1
[TRACE ts=20260722-121154] runtime.model.supports_timestamps 0
ggml_cuda_init: found 1 CUDA devices (Total VRAM: 24111 MiB):
  Device 0: NVIDIA GeForce RTX 4090, compute capability 8.9, VMM: yes, VRAM: 24111 MiB
ggml_backend_cuda_graph_compute: CUDA graph warmup complete
[TIMING ts=20260722-121158] omnivoice.reference.encode_ms 1.694309
[TIMING ts=20260722-121158] omnivoice.encoder.graph.rebuilt 1
[TIMING ts=20260722-121158] omnivoice.session.prompt_ms 2.876844
[TIMING ts=20260722-121158] omnivoice.session.generate_ms 340.942351
[TIMING ts=20260722-121158] omnivoice.generator.graph.rebuilt 1
[TIMING ts=20260722-121158] omnivoice.generator.graph.rebuild_ms 3.038921
[TIMING ts=20260722-121158] omnivoice.session.decode_ms 39.554769
[TIMING ts=20260722-121158] omnivoice.decoder.graph.rebuilt 1
[TIMING ts=20260722-121158] omnivoice.decoder.graph.rebuild_ms 1.599318
[TIMING ts=20260722-121158] omnivoice.session.postprocess_ms 7.851119
[TIMING ts=20260722-121158] session.wall_ms 393.181455
family=omnivoice
task=tts
mode=offline
audio_out=./outputs/single_infer/audiocpp_omnivoice_clone_mdwt_f32_atwt_f32_step12.wav
  Completed at: 12:11:58
  Output: ./outputs/single_infer/audiocpp_omnivoice_clone_mdwt_f32_atwt_f32_step12.wav

[33/375] weight_type=f32 | audio_tokenizer_weight_type=f16 | steps=12 -> audiocpp_omnivoice_clone_mdwt_f32_atwt_f16_step12.wav
  Started at: 12:11:58
[TRACE ts=20260722-121158] runtime.model.family omnivoice
[TRACE ts=20260722-121158] runtime.model.variant omnivoice
[TRACE ts=20260722-121158] runtime.model.root /home/ipt/kawshik/tts-testing/audio.cpp/models/OmniVoice
[TRACE ts=20260722-121158] runtime.model.discovered_config_count 6
[TRACE ts=20260722-121158] runtime.model.discovered_weight_count 2
[TRACE ts=20260722-121158] runtime.model.task_count 1
[TRACE ts=20260722-121158] runtime.model.language_count 1
[TRACE ts=20260722-121158] runtime.model.supports_speaker_reference 1
[TRACE ts=20260722-121158] runtime.model.supports_style_condition 1
[TRACE ts=20260722-121158] runtime.model.supports_timestamps 0
ggml_cuda_init: found 1 CUDA devices (Total VRAM: 24111 MiB):
  Device 0: NVIDIA GeForce RTX 4090, compute capability 8.9, VMM: yes, VRAM: 24111 MiB
ggml_backend_cuda_graph_compute: CUDA graph warmup complete
[TIMING ts=20260722-121202] omnivoice.reference.encode_ms 1.50741
[TIMING ts=20260722-121202] omnivoice.encoder.graph.rebuilt 1
[TIMING ts=20260722-121202] omnivoice.session.prompt_ms 2.528731
[TIMING ts=20260722-121202] omnivoice.session.generate_ms 342.05836
[TIMING ts=20260722-121202] omnivoice.generator.graph.rebuilt 1
[TIMING ts=20260722-121202] omnivoice.generator.graph.rebuild_ms 3.253052
[TIMING ts=20260722-121202] omnivoice.session.decode_ms 8.8469
[TIMING ts=20260722-121202] omnivoice.decoder.graph.rebuilt 1
[TIMING ts=20260722-121202] omnivoice.decoder.graph.rebuild_ms 1.329505
[TIMING ts=20260722-121202] omnivoice.session.postprocess_ms 6.531366
[TIMING ts=20260722-121202] session.wall_ms 361.688445
family=omnivoice
task=tts
mode=offline
audio_out=./outputs/single_infer/audiocpp_omnivoice_clone_mdwt_f32_atwt_f16_step12.wav
  Completed at: 12:12:03
  Output: ./outputs/single_infer/audiocpp_omnivoice_clone_mdwt_f32_atwt_f16_step12.wav

[34/375] weight_type=f32 | audio_tokenizer_weight_type=bf16 | steps=12 -> audiocpp_omnivoice_clone_mdwt_f32_atwt_bf16_step12.wav
  Started at: 12:12:03
[TRACE ts=20260722-121203] runtime.model.family omnivoice
[TRACE ts=20260722-121203] runtime.model.variant omnivoice
[TRACE ts=20260722-121203] runtime.model.root /home/ipt/kawshik/tts-testing/audio.cpp/models/OmniVoice
[TRACE ts=20260722-121203] runtime.model.discovered_config_count 6
[TRACE ts=20260722-121203] runtime.model.discovered_weight_count 2
[TRACE ts=20260722-121203] runtime.model.task_count 1
[TRACE ts=20260722-121203] runtime.model.language_count 1
[TRACE ts=20260722-121203] runtime.model.supports_speaker_reference 1
[TRACE ts=20260722-121203] runtime.model.supports_style_condition 1
[TRACE ts=20260722-121203] runtime.model.supports_timestamps 0
ggml_cuda_init: found 1 CUDA devices (Total VRAM: 24111 MiB):
  Device 0: NVIDIA GeForce RTX 4090, compute capability 8.9, VMM: yes, VRAM: 24111 MiB
ggml_backend_cuda_graph_compute: CUDA graph warmup complete
[TIMING ts=20260722-121207] omnivoice.reference.encode_ms 1.736953
[TIMING ts=20260722-121207] omnivoice.encoder.graph.rebuilt 1
[TIMING ts=20260722-121207] omnivoice.session.prompt_ms 4.07814
[TIMING ts=20260722-121207] omnivoice.session.generate_ms 353.997134
[TIMING ts=20260722-121207] omnivoice.generator.graph.rebuilt 1
[TIMING ts=20260722-121207] omnivoice.generator.graph.rebuild_ms 3.66229
[TIMING ts=20260722-121207] omnivoice.session.decode_ms 9.752351
[TIMING ts=20260722-121207] omnivoice.decoder.graph.rebuilt 1
[TIMING ts=20260722-121207] omnivoice.decoder.graph.rebuild_ms 1.590688
[TIMING ts=20260722-121207] omnivoice.session.postprocess_ms 7.037873
[TIMING ts=20260722-121207] session.wall_ms 376.858564
family=omnivoice
task=tts
mode=offline
audio_out=./outputs/single_infer/audiocpp_omnivoice_clone_mdwt_f32_atwt_bf16_step12.wav
  Completed at: 12:12:07
  Output: ./outputs/single_infer/audiocpp_omnivoice_clone_mdwt_f32_atwt_bf16_step12.wav

[35/375] weight_type=f32 | audio_tokenizer_weight_type=q8_0 | steps=12 -> audiocpp_omnivoice_clone_mdwt_f32_atwt_q8_0_step12.wav
  Started at: 12:12:07
[TRACE ts=20260722-121207] runtime.model.family omnivoice
[TRACE ts=20260722-121207] runtime.model.variant omnivoice
[TRACE ts=20260722-121207] runtime.model.root /home/ipt/kawshik/tts-testing/audio.cpp/models/OmniVoice
[TRACE ts=20260722-121207] runtime.model.discovered_config_count 6
[TRACE ts=20260722-121207] runtime.model.discovered_weight_count 2
[TRACE ts=20260722-121207] runtime.model.task_count 1
[TRACE ts=20260722-121207] runtime.model.language_count 1
[TRACE ts=20260722-121207] runtime.model.supports_speaker_reference 1
[TRACE ts=20260722-121207] runtime.model.supports_style_condition 1
[TRACE ts=20260722-121207] runtime.model.supports_timestamps 0
ggml_cuda_init: found 1 CUDA devices (Total VRAM: 24111 MiB):
  Device 0: NVIDIA GeForce RTX 4090, compute capability 8.9, VMM: yes, VRAM: 24111 MiB
ggml_backend_cuda_graph_compute: CUDA graph warmup complete
[TIMING ts=20260722-121212] omnivoice.reference.encode_ms 1.713072
[TIMING ts=20260722-121212] omnivoice.encoder.graph.rebuilt 1
[TIMING ts=20260722-121212] omnivoice.session.prompt_ms 6.319227
[TIMING ts=20260722-121212] omnivoice.session.generate_ms 352.106791
[TIMING ts=20260722-121212] omnivoice.generator.graph.rebuilt 1
[TIMING ts=20260722-121212] omnivoice.generator.graph.rebuild_ms 3.915676
[TIMING ts=20260722-121212] omnivoice.session.decode_ms 50.678143
[TIMING ts=20260722-121212] omnivoice.decoder.graph.rebuilt 1
[TIMING ts=20260722-121212] omnivoice.decoder.graph.rebuild_ms 1.585294
[TIMING ts=20260722-121212] omnivoice.session.postprocess_ms 8.957226
[TIMING ts=20260722-121212] session.wall_ms 420.047174
family=omnivoice
task=tts
mode=offline
audio_out=./outputs/single_infer/audiocpp_omnivoice_clone_mdwt_f32_atwt_q8_0_step12.wav
  Completed at: 12:12:12
  Output: ./outputs/single_infer/audiocpp_omnivoice_clone_mdwt_f32_atwt_q8_0_step12.wav

[36/375] weight_type=f16 | audio_tokenizer_weight_type=native | steps=12 -> audiocpp_omnivoice_clone_mdwt_f16_atwt_native_step12.wav
  Started at: 12:12:12
[TRACE ts=20260722-121212] runtime.model.family omnivoice
[TRACE ts=20260722-121212] runtime.model.variant omnivoice
[TRACE ts=20260722-121212] runtime.model.root /home/ipt/kawshik/tts-testing/audio.cpp/models/OmniVoice
[TRACE ts=20260722-121212] runtime.model.discovered_config_count 6
[TRACE ts=20260722-121212] runtime.model.discovered_weight_count 2
[TRACE ts=20260722-121212] runtime.model.task_count 1
[TRACE ts=20260722-121212] runtime.model.language_count 1
[TRACE ts=20260722-121212] runtime.model.supports_speaker_reference 1
[TRACE ts=20260722-121212] runtime.model.supports_style_condition 1
[TRACE ts=20260722-121212] runtime.model.supports_timestamps 0
ggml_cuda_init: found 1 CUDA devices (Total VRAM: 24111 MiB):
  Device 0: NVIDIA GeForce RTX 4090, compute capability 8.9, VMM: yes, VRAM: 24111 MiB
ggml_backend_cuda_graph_compute: CUDA graph warmup complete
[TIMING ts=20260722-121221] omnivoice.reference.encode_ms 1.498649
[TIMING ts=20260722-121221] omnivoice.encoder.graph.rebuilt 1
[TIMING ts=20260722-121221] omnivoice.session.prompt_ms 4.905109
[TIMING ts=20260722-121221] omnivoice.session.generate_ms 335.044886
[TIMING ts=20260722-121221] omnivoice.generator.graph.rebuilt 1
[TIMING ts=20260722-121221] omnivoice.generator.graph.rebuild_ms 3.091328
[TIMING ts=20260722-121221] omnivoice.session.decode_ms 34.249346
[TIMING ts=20260722-121221] omnivoice.decoder.graph.rebuilt 1
[TIMING ts=20260722-121221] omnivoice.decoder.graph.rebuild_ms 1.475041
[TIMING ts=20260722-121221] omnivoice.session.postprocess_ms 7.574675
[TIMING ts=20260722-121221] session.wall_ms 383.491103
family=omnivoice
task=tts
mode=offline
audio_out=./outputs/single_infer/audiocpp_omnivoice_clone_mdwt_f16_atwt_native_step12.wav
  Completed at: 12:12:22
  Output: ./outputs/single_infer/audiocpp_omnivoice_clone_mdwt_f16_atwt_native_step12.wav

[37/375] weight_type=f16 | audio_tokenizer_weight_type=f32 | steps=12 -> audiocpp_omnivoice_clone_mdwt_f16_atwt_f32_step12.wav
  Started at: 12:12:22
[TRACE ts=20260722-121222] runtime.model.family omnivoice
[TRACE ts=20260722-121222] runtime.model.variant omnivoice
[TRACE ts=20260722-121222] runtime.model.root /home/ipt/kawshik/tts-testing/audio.cpp/models/OmniVoice
[TRACE ts=20260722-121222] runtime.model.discovered_config_count 6
[TRACE ts=20260722-121222] runtime.model.discovered_weight_count 2
[TRACE ts=20260722-121222] runtime.model.task_count 1
[TRACE ts=20260722-121222] runtime.model.language_count 1
[TRACE ts=20260722-121222] runtime.model.supports_speaker_reference 1
[TRACE ts=20260722-121222] runtime.model.supports_style_condition 1
[TRACE ts=20260722-121222] runtime.model.supports_timestamps 0
ggml_cuda_init: found 1 CUDA devices (Total VRAM: 24111 MiB):
  Device 0: NVIDIA GeForce RTX 4090, compute capability 8.9, VMM: yes, VRAM: 24111 MiB
ggml_backend_cuda_graph_compute: CUDA graph warmup complete
[TIMING ts=20260722-121231] omnivoice.reference.encode_ms 1.442692
[TIMING ts=20260722-121231] omnivoice.encoder.graph.rebuilt 1
[TIMING ts=20260722-121231] omnivoice.session.prompt_ms 4.30188
[TIMING ts=20260722-121231] omnivoice.session.generate_ms 368.839174
[TIMING ts=20260722-121231] omnivoice.generator.graph.rebuilt 1
[TIMING ts=20260722-121231] omnivoice.generator.graph.rebuild_ms 2.818024
[TIMING ts=20260722-121231] omnivoice.session.decode_ms 40.077842
[TIMING ts=20260722-121231] omnivoice.decoder.graph.rebuilt 1
[TIMING ts=20260722-121231] omnivoice.decoder.graph.rebuild_ms 2.50511
[TIMING ts=20260722-121231] omnivoice.session.postprocess_ms 8.641558
[TIMING ts=20260722-121231] session.wall_ms 423.528139
family=omnivoice
task=tts
mode=offline
audio_out=./outputs/single_infer/audiocpp_omnivoice_clone_mdwt_f16_atwt_f32_step12.wav
  Completed at: 12:12:31
  Output: ./outputs/single_infer/audiocpp_omnivoice_clone_mdwt_f16_atwt_f32_step12.wav

[38/375] weight_type=f16 | audio_tokenizer_weight_type=f16 | steps=12 -> audiocpp_omnivoice_clone_mdwt_f16_atwt_f16_step12.wav
  Started at: 12:12:31
[TRACE ts=20260722-121231] runtime.model.family omnivoice
[TRACE ts=20260722-121231] runtime.model.variant omnivoice
[TRACE ts=20260722-121231] runtime.model.root /home/ipt/kawshik/tts-testing/audio.cpp/models/OmniVoice
[TRACE ts=20260722-121231] runtime.model.discovered_config_count 6
[TRACE ts=20260722-121231] runtime.model.discovered_weight_count 2
[TRACE ts=20260722-121231] runtime.model.task_count 1
[TRACE ts=20260722-121231] runtime.model.language_count 1
[TRACE ts=20260722-121231] runtime.model.supports_speaker_reference 1
[TRACE ts=20260722-121231] runtime.model.supports_style_condition 1
[TRACE ts=20260722-121231] runtime.model.supports_timestamps 0
ggml_cuda_init: found 1 CUDA devices (Total VRAM: 24111 MiB):
  Device 0: NVIDIA GeForce RTX 4090, compute capability 8.9, VMM: yes, VRAM: 24111 MiB
ggml_backend_cuda_graph_compute: CUDA graph warmup complete
[TIMING ts=20260722-121240] omnivoice.reference.encode_ms 1.448744
[TIMING ts=20260722-121240] omnivoice.encoder.graph.rebuilt 1
[TIMING ts=20260722-121240] omnivoice.session.prompt_ms 2.962832
[TIMING ts=20260722-121240] omnivoice.session.generate_ms 278.862437
[TIMING ts=20260722-121240] omnivoice.generator.graph.rebuilt 1
[TIMING ts=20260722-121240] omnivoice.generator.graph.rebuild_ms 3.274115
[TIMING ts=20260722-121240] omnivoice.session.decode_ms 9.375354
[TIMING ts=20260722-121240] omnivoice.decoder.graph.rebuilt 1
[TIMING ts=20260722-121240] omnivoice.decoder.graph.rebuild_ms 1.317086
[TIMING ts=20260722-121240] omnivoice.session.postprocess_ms 6.791137
[TIMING ts=20260722-121240] session.wall_ms 299.677211
family=omnivoice
task=tts
mode=offline
audio_out=./outputs/single_infer/audiocpp_omnivoice_clone_mdwt_f16_atwt_f16_step12.wav
  Completed at: 12:12:40
  Output: ./outputs/single_infer/audiocpp_omnivoice_clone_mdwt_f16_atwt_f16_step12.wav

[39/375] weight_type=f16 | audio_tokenizer_weight_type=bf16 | steps=12 -> audiocpp_omnivoice_clone_mdwt_f16_atwt_bf16_step12.wav
  Started at: 12:12:40
[TRACE ts=20260722-121240] runtime.model.family omnivoice
[TRACE ts=20260722-121240] runtime.model.variant omnivoice
[TRACE ts=20260722-121240] runtime.model.root /home/ipt/kawshik/tts-testing/audio.cpp/models/OmniVoice
[TRACE ts=20260722-121240] runtime.model.discovered_config_count 6
[TRACE ts=20260722-121240] runtime.model.discovered_weight_count 2
[TRACE ts=20260722-121240] runtime.model.task_count 1
[TRACE ts=20260722-121240] runtime.model.language_count 1
[TRACE ts=20260722-121240] runtime.model.supports_speaker_reference 1
[TRACE ts=20260722-121240] runtime.model.supports_style_condition 1
[TRACE ts=20260722-121240] runtime.model.supports_timestamps 0
ggml_cuda_init: found 1 CUDA devices (Total VRAM: 24111 MiB):
  Device 0: NVIDIA GeForce RTX 4090, compute capability 8.9, VMM: yes, VRAM: 24111 MiB
ggml_backend_cuda_graph_compute: CUDA graph warmup complete
[TIMING ts=20260722-121249] omnivoice.reference.encode_ms 1.3197
[TIMING ts=20260722-121249] omnivoice.encoder.graph.rebuilt 1
[TIMING ts=20260722-121249] omnivoice.session.prompt_ms 3.32437
[TIMING ts=20260722-121249] omnivoice.session.generate_ms 271.805914
[TIMING ts=20260722-121249] omnivoice.generator.graph.rebuilt 1
[TIMING ts=20260722-121249] omnivoice.generator.graph.rebuild_ms 3.099155
[TIMING ts=20260722-121249] omnivoice.session.decode_ms 9.120625
[TIMING ts=20260722-121249] omnivoice.decoder.graph.rebuilt 1
[TIMING ts=20260722-121249] omnivoice.decoder.graph.rebuild_ms 1.422765
[TIMING ts=20260722-121249] omnivoice.session.postprocess_ms 6.914422
[TIMING ts=20260722-121249] session.wall_ms 292.732217
family=omnivoice
task=tts
mode=offline
audio_out=./outputs/single_infer/audiocpp_omnivoice_clone_mdwt_f16_atwt_bf16_step12.wav
  Completed at: 12:12:49
  Output: ./outputs/single_infer/audiocpp_omnivoice_clone_mdwt_f16_atwt_bf16_step12.wav

[40/375] weight_type=f16 | audio_tokenizer_weight_type=q8_0 | steps=12 -> audiocpp_omnivoice_clone_mdwt_f16_atwt_q8_0_step12.wav
  Started at: 12:12:49
[TRACE ts=20260722-121249] runtime.model.family omnivoice
[TRACE ts=20260722-121249] runtime.model.variant omnivoice
[TRACE ts=20260722-121249] runtime.model.root /home/ipt/kawshik/tts-testing/audio.cpp/models/OmniVoice
[TRACE ts=20260722-121249] runtime.model.discovered_config_count 6
[TRACE ts=20260722-121249] runtime.model.discovered_weight_count 2
[TRACE ts=20260722-121249] runtime.model.task_count 1
[TRACE ts=20260722-121249] runtime.model.language_count 1
[TRACE ts=20260722-121249] runtime.model.supports_speaker_reference 1
[TRACE ts=20260722-121249] runtime.model.supports_style_condition 1
[TRACE ts=20260722-121249] runtime.model.supports_timestamps 0
ggml_cuda_init: found 1 CUDA devices (Total VRAM: 24111 MiB):
  Device 0: NVIDIA GeForce RTX 4090, compute capability 8.9, VMM: yes, VRAM: 24111 MiB
ggml_backend_cuda_graph_compute: CUDA graph warmup complete
[TIMING ts=20260722-121259] omnivoice.reference.encode_ms 1.336061
[TIMING ts=20260722-121259] omnivoice.encoder.graph.rebuilt 1
[TIMING ts=20260722-121259] omnivoice.session.prompt_ms 3.366839
[TIMING ts=20260722-121259] omnivoice.session.generate_ms 279.734169
[TIMING ts=20260722-121259] omnivoice.generator.graph.rebuilt 1
[TIMING ts=20260722-121259] omnivoice.generator.graph.rebuild_ms 3.149938
[TIMING ts=20260722-121259] omnivoice.session.decode_ms 42.877873
[TIMING ts=20260722-121259] omnivoice.decoder.graph.rebuilt 1
[TIMING ts=20260722-121259] omnivoice.decoder.graph.rebuild_ms 1.323731
[TIMING ts=20260722-121259] omnivoice.session.postprocess_ms 7.569658
[TIMING ts=20260722-121259] session.wall_ms 335.142255
family=omnivoice
task=tts
mode=offline
audio_out=./outputs/single_infer/audiocpp_omnivoice_clone_mdwt_f16_atwt_q8_0_step12.wav
  Completed at: 12:12:59
  Output: ./outputs/single_infer/audiocpp_omnivoice_clone_mdwt_f16_atwt_q8_0_step12.wav

[41/375] weight_type=bf16 | audio_tokenizer_weight_type=native | steps=12 -> audiocpp_omnivoice_clone_mdwt_bf16_atwt_native_step12.wav
  Started at: 12:12:59
[TRACE ts=20260722-121300] runtime.model.family omnivoice
[TRACE ts=20260722-121300] runtime.model.variant omnivoice
[TRACE ts=20260722-121300] runtime.model.root /home/ipt/kawshik/tts-testing/audio.cpp/models/OmniVoice
[TRACE ts=20260722-121300] runtime.model.discovered_config_count 6
[TRACE ts=20260722-121300] runtime.model.discovered_weight_count 2
[TRACE ts=20260722-121300] runtime.model.task_count 1
[TRACE ts=20260722-121300] runtime.model.language_count 1
[TRACE ts=20260722-121300] runtime.model.supports_speaker_reference 1
[TRACE ts=20260722-121300] runtime.model.supports_style_condition 1
[TRACE ts=20260722-121300] runtime.model.supports_timestamps 0
ggml_cuda_init: found 1 CUDA devices (Total VRAM: 24111 MiB):
  Device 0: NVIDIA GeForce RTX 4090, compute capability 8.9, VMM: yes, VRAM: 24111 MiB
ggml_backend_cuda_graph_compute: CUDA graph warmup complete
[TIMING ts=20260722-121307] omnivoice.reference.encode_ms 1.443298
[TIMING ts=20260722-121307] omnivoice.encoder.graph.rebuilt 1
[TIMING ts=20260722-121307] omnivoice.session.prompt_ms 2.316086
[TIMING ts=20260722-121307] omnivoice.session.generate_ms 445.406583
[TIMING ts=20260722-121307] omnivoice.generator.graph.rebuilt 1
[TIMING ts=20260722-121307] omnivoice.generator.graph.rebuild_ms 2.94123
[TIMING ts=20260722-121307] omnivoice.session.decode_ms 40.249493
[TIMING ts=20260722-121307] omnivoice.decoder.graph.rebuilt 1
[TIMING ts=20260722-121307] omnivoice.decoder.graph.rebuild_ms 2.488823
[TIMING ts=20260722-121307] omnivoice.session.postprocess_ms 7.612543
[TIMING ts=20260722-121307] session.wall_ms 497.257317
family=omnivoice
task=tts
mode=offline
audio_out=./outputs/single_infer/audiocpp_omnivoice_clone_mdwt_bf16_atwt_native_step12.wav
  Completed at: 12:13:07
  Output: ./outputs/single_infer/audiocpp_omnivoice_clone_mdwt_bf16_atwt_native_step12.wav

[42/375] weight_type=bf16 | audio_tokenizer_weight_type=f32 | steps=12 -> audiocpp_omnivoice_clone_mdwt_bf16_atwt_f32_step12.wav
  Started at: 12:13:07
[TRACE ts=20260722-121308] runtime.model.family omnivoice
[TRACE ts=20260722-121308] runtime.model.variant omnivoice
[TRACE ts=20260722-121308] runtime.model.root /home/ipt/kawshik/tts-testing/audio.cpp/models/OmniVoice
[TRACE ts=20260722-121308] runtime.model.discovered_config_count 6
[TRACE ts=20260722-121308] runtime.model.discovered_weight_count 2
[TRACE ts=20260722-121308] runtime.model.task_count 1
[TRACE ts=20260722-121308] runtime.model.language_count 1
[TRACE ts=20260722-121308] runtime.model.supports_speaker_reference 1
[TRACE ts=20260722-121308] runtime.model.supports_style_condition 1
[TRACE ts=20260722-121308] runtime.model.supports_timestamps 0
ggml_cuda_init: found 1 CUDA devices (Total VRAM: 24111 MiB):
  Device 0: NVIDIA GeForce RTX 4090, compute capability 8.9, VMM: yes, VRAM: 24111 MiB
ggml_backend_cuda_graph_compute: CUDA graph warmup complete
[TIMING ts=20260722-121314] omnivoice.reference.encode_ms 1.498812
[TIMING ts=20260722-121314] omnivoice.encoder.graph.rebuilt 1
[TIMING ts=20260722-121314] omnivoice.session.prompt_ms 2.489698
[TIMING ts=20260722-121314] omnivoice.session.generate_ms 445.952168
[TIMING ts=20260722-121314] omnivoice.generator.graph.rebuilt 1
[TIMING ts=20260722-121314] omnivoice.generator.graph.rebuild_ms 2.995486
[TIMING ts=20260722-121314] omnivoice.session.decode_ms 36.076199
[TIMING ts=20260722-121314] omnivoice.decoder.graph.rebuilt 1
[TIMING ts=20260722-121314] omnivoice.decoder.graph.rebuild_ms 1.283391
[TIMING ts=20260722-121314] omnivoice.session.postprocess_ms 7.572556
[TIMING ts=20260722-121314] session.wall_ms 493.809525
family=omnivoice
task=tts
mode=offline
audio_out=./outputs/single_infer/audiocpp_omnivoice_clone_mdwt_bf16_atwt_f32_step12.wav
  Completed at: 12:13:15
  Output: ./outputs/single_infer/audiocpp_omnivoice_clone_mdwt_bf16_atwt_f32_step12.wav

[43/375] weight_type=bf16 | audio_tokenizer_weight_type=f16 | steps=12 -> audiocpp_omnivoice_clone_mdwt_bf16_atwt_f16_step12.wav
  Started at: 12:13:15
[TRACE ts=20260722-121315] runtime.model.family omnivoice
[TRACE ts=20260722-121315] runtime.model.variant omnivoice
[TRACE ts=20260722-121315] runtime.model.root /home/ipt/kawshik/tts-testing/audio.cpp/models/OmniVoice
[TRACE ts=20260722-121315] runtime.model.discovered_config_count 6
[TRACE ts=20260722-121315] runtime.model.discovered_weight_count 2
[TRACE ts=20260722-121315] runtime.model.task_count 1
[TRACE ts=20260722-121315] runtime.model.language_count 1
[TRACE ts=20260722-121315] runtime.model.supports_speaker_reference 1
[TRACE ts=20260722-121315] runtime.model.supports_style_condition 1
[TRACE ts=20260722-121315] runtime.model.supports_timestamps 0
ggml_cuda_init: found 1 CUDA devices (Total VRAM: 24111 MiB):
  Device 0: NVIDIA GeForce RTX 4090, compute capability 8.9, VMM: yes, VRAM: 24111 MiB
ggml_backend_cuda_graph_compute: CUDA graph warmup complete
[TIMING ts=20260722-121323] omnivoice.reference.encode_ms 1.507885
[TIMING ts=20260722-121323] omnivoice.encoder.graph.rebuilt 1
[TIMING ts=20260722-121323] omnivoice.session.prompt_ms 3.040255
[TIMING ts=20260722-121323] omnivoice.session.generate_ms 456.926307
[TIMING ts=20260722-121323] omnivoice.generator.graph.rebuilt 1
[TIMING ts=20260722-121323] omnivoice.generator.graph.rebuild_ms 3.397021
[TIMING ts=20260722-121323] omnivoice.session.decode_ms 9.550083
[TIMING ts=20260722-121323] omnivoice.decoder.graph.rebuilt 1
[TIMING ts=20260722-121323] omnivoice.decoder.graph.rebuild_ms 1.393663
[TIMING ts=20260722-121323] omnivoice.session.postprocess_ms 7.144756
[TIMING ts=20260722-121323] session.wall_ms 478.386156
family=omnivoice
task=tts
mode=offline
audio_out=./outputs/single_infer/audiocpp_omnivoice_clone_mdwt_bf16_atwt_f16_step12.wav
  Completed at: 12:13:23
  Output: ./outputs/single_infer/audiocpp_omnivoice_clone_mdwt_bf16_atwt_f16_step12.wav

[44/375] weight_type=bf16 | audio_tokenizer_weight_type=bf16 | steps=12 -> audiocpp_omnivoice_clone_mdwt_bf16_atwt_bf16_step12.wav
  Started at: 12:13:23
[TRACE ts=20260722-121323] runtime.model.family omnivoice
[TRACE ts=20260722-121323] runtime.model.variant omnivoice
[TRACE ts=20260722-121323] runtime.model.root /home/ipt/kawshik/tts-testing/audio.cpp/models/OmniVoice
[TRACE ts=20260722-121323] runtime.model.discovered_config_count 6
[TRACE ts=20260722-121323] runtime.model.discovered_weight_count 2
[TRACE ts=20260722-121323] runtime.model.task_count 1
[TRACE ts=20260722-121323] runtime.model.language_count 1
[TRACE ts=20260722-121323] runtime.model.supports_speaker_reference 1
[TRACE ts=20260722-121323] runtime.model.supports_style_condition 1
[TRACE ts=20260722-121323] runtime.model.supports_timestamps 0
ggml_cuda_init: found 1 CUDA devices (Total VRAM: 24111 MiB):
  Device 0: NVIDIA GeForce RTX 4090, compute capability 8.9, VMM: yes, VRAM: 24111 MiB
ggml_backend_cuda_graph_compute: CUDA graph warmup complete
[TIMING ts=20260722-121331] omnivoice.reference.encode_ms 1.488181
[TIMING ts=20260722-121331] omnivoice.encoder.graph.rebuilt 1
[TIMING ts=20260722-121331] omnivoice.session.prompt_ms 3.5664
[TIMING ts=20260722-121331] omnivoice.session.generate_ms 297.230795
[TIMING ts=20260722-121331] omnivoice.generator.graph.rebuilt 1
[TIMING ts=20260722-121331] omnivoice.generator.graph.rebuild_ms 3.31857
[TIMING ts=20260722-121331] omnivoice.session.decode_ms 9.629571
[TIMING ts=20260722-121331] omnivoice.decoder.graph.rebuilt 1
[TIMING ts=20260722-121331] omnivoice.decoder.graph.rebuild_ms 1.438612
[TIMING ts=20260722-121331] omnivoice.session.postprocess_ms 7.379433
[TIMING ts=20260722-121331] session.wall_ms 319.534142
family=omnivoice
task=tts
mode=offline
audio_out=./outputs/single_infer/audiocpp_omnivoice_clone_mdwt_bf16_atwt_bf16_step12.wav
  Completed at: 12:13:31
  Output: ./outputs/single_infer/audiocpp_omnivoice_clone_mdwt_bf16_atwt_bf16_step12.wav

[45/375] weight_type=bf16 | audio_tokenizer_weight_type=q8_0 | steps=12 -> audiocpp_omnivoice_clone_mdwt_bf16_atwt_q8_0_step12.wav
  Started at: 12:13:31
[TRACE ts=20260722-121331] runtime.model.family omnivoice
[TRACE ts=20260722-121331] runtime.model.variant omnivoice
[TRACE ts=20260722-121331] runtime.model.root /home/ipt/kawshik/tts-testing/audio.cpp/models/OmniVoice
[TRACE ts=20260722-121331] runtime.model.discovered_config_count 6
[TRACE ts=20260722-121331] runtime.model.discovered_weight_count 2
[TRACE ts=20260722-121331] runtime.model.task_count 1
[TRACE ts=20260722-121331] runtime.model.language_count 1
[TRACE ts=20260722-121331] runtime.model.supports_speaker_reference 1
[TRACE ts=20260722-121331] runtime.model.supports_style_condition 1
[TRACE ts=20260722-121331] runtime.model.supports_timestamps 0
ggml_cuda_init: found 1 CUDA devices (Total VRAM: 24111 MiB):
  Device 0: NVIDIA GeForce RTX 4090, compute capability 8.9, VMM: yes, VRAM: 24111 MiB
ggml_backend_cuda_graph_compute: CUDA graph warmup complete
[TIMING ts=20260722-121339] omnivoice.reference.encode_ms 1.496954
[TIMING ts=20260722-121339] omnivoice.encoder.graph.rebuilt 1
[TIMING ts=20260722-121339] omnivoice.session.prompt_ms 3.132518
[TIMING ts=20260722-121339] omnivoice.session.generate_ms 458.516613
[TIMING ts=20260722-121339] omnivoice.generator.graph.rebuilt 1
[TIMING ts=20260722-121339] omnivoice.generator.graph.rebuild_ms 3.390007
[TIMING ts=20260722-121339] omnivoice.session.decode_ms 43.083441
[TIMING ts=20260722-121339] omnivoice.decoder.graph.rebuilt 1
[TIMING ts=20260722-121339] omnivoice.decoder.graph.rebuild_ms 1.282331
[TIMING ts=20260722-121339] omnivoice.session.postprocess_ms 7.346514
[TIMING ts=20260722-121339] session.wall_ms 513.796406
family=omnivoice
task=tts
mode=offline
audio_out=./outputs/single_infer/audiocpp_omnivoice_clone_mdwt_bf16_atwt_q8_0_step12.wav
  Completed at: 12:13:40
  Output: ./outputs/single_infer/audiocpp_omnivoice_clone_mdwt_bf16_atwt_q8_0_step12.wav

[46/375] weight_type=q8_0 | audio_tokenizer_weight_type=native | steps=12 -> audiocpp_omnivoice_clone_mdwt_q8_0_atwt_native_step12.wav
  Started at: 12:13:40
[TRACE ts=20260722-121340] runtime.model.family omnivoice
[TRACE ts=20260722-121340] runtime.model.variant omnivoice
[TRACE ts=20260722-121340] runtime.model.root /home/ipt/kawshik/tts-testing/audio.cpp/models/OmniVoice
[TRACE ts=20260722-121340] runtime.model.discovered_config_count 6
[TRACE ts=20260722-121340] runtime.model.discovered_weight_count 2
[TRACE ts=20260722-121340] runtime.model.task_count 1
[TRACE ts=20260722-121340] runtime.model.language_count 1
[TRACE ts=20260722-121340] runtime.model.supports_speaker_reference 1
[TRACE ts=20260722-121340] runtime.model.supports_style_condition 1
[TRACE ts=20260722-121340] runtime.model.supports_timestamps 0
ggml_cuda_init: found 1 CUDA devices (Total VRAM: 24111 MiB):
  Device 0: NVIDIA GeForce RTX 4090, compute capability 8.9, VMM: yes, VRAM: 24111 MiB
ggml_backend_cuda_graph_compute: CUDA graph warmup complete
[TIMING ts=20260722-121349] omnivoice.reference.encode_ms 1.415193
[TIMING ts=20260722-121349] omnivoice.encoder.graph.rebuilt 1
[TIMING ts=20260722-121349] omnivoice.session.prompt_ms 2.270501
[TIMING ts=20260722-121349] omnivoice.session.generate_ms 351.232279
[TIMING ts=20260722-121349] omnivoice.generator.graph.rebuilt 1
[TIMING ts=20260722-121349] omnivoice.generator.graph.rebuild_ms 2.702808
[TIMING ts=20260722-121349] omnivoice.session.decode_ms 40.584539
[TIMING ts=20260722-121349] omnivoice.decoder.graph.rebuilt 1
[TIMING ts=20260722-121349] omnivoice.decoder.graph.rebuild_ms 2.603138
[TIMING ts=20260722-121349] omnivoice.session.postprocess_ms 8.568562
[TIMING ts=20260722-121349] session.wall_ms 404.284162
family=omnivoice
task=tts
mode=offline
audio_out=./outputs/single_infer/audiocpp_omnivoice_clone_mdwt_q8_0_atwt_native_step12.wav
  Completed at: 12:13:49
  Output: ./outputs/single_infer/audiocpp_omnivoice_clone_mdwt_q8_0_atwt_native_step12.wav

[47/375] weight_type=q8_0 | audio_tokenizer_weight_type=f32 | steps=12 -> audiocpp_omnivoice_clone_mdwt_q8_0_atwt_f32_step12.wav
  Started at: 12:13:49
[TRACE ts=20260722-121349] runtime.model.family omnivoice
[TRACE ts=20260722-121349] runtime.model.variant omnivoice
[TRACE ts=20260722-121349] runtime.model.root /home/ipt/kawshik/tts-testing/audio.cpp/models/OmniVoice
[TRACE ts=20260722-121349] runtime.model.discovered_config_count 6
[TRACE ts=20260722-121349] runtime.model.discovered_weight_count 2
[TRACE ts=20260722-121349] runtime.model.task_count 1
[TRACE ts=20260722-121349] runtime.model.language_count 1
[TRACE ts=20260722-121349] runtime.model.supports_speaker_reference 1
[TRACE ts=20260722-121349] runtime.model.supports_style_condition 1
[TRACE ts=20260722-121349] runtime.model.supports_timestamps 0
ggml_cuda_init: found 1 CUDA devices (Total VRAM: 24111 MiB):
  Device 0: NVIDIA GeForce RTX 4090, compute capability 8.9, VMM: yes, VRAM: 24111 MiB
ggml_backend_cuda_graph_compute: CUDA graph warmup complete
[TIMING ts=20260722-121359] omnivoice.reference.encode_ms 1.50665
[TIMING ts=20260722-121359] omnivoice.encoder.graph.rebuilt 1
[TIMING ts=20260722-121359] omnivoice.session.prompt_ms 2.514042
[TIMING ts=20260722-121359] omnivoice.session.generate_ms 352.346542
[TIMING ts=20260722-121359] omnivoice.generator.graph.rebuilt 1
[TIMING ts=20260722-121359] omnivoice.generator.graph.rebuild_ms 2.868109
[TIMING ts=20260722-121359] omnivoice.session.decode_ms 38.788249
[TIMING ts=20260722-121359] omnivoice.decoder.graph.rebuilt 1
[TIMING ts=20260722-121359] omnivoice.decoder.graph.rebuild_ms 1.589999
[TIMING ts=20260722-121359] omnivoice.session.postprocess_ms 8.579236
[TIMING ts=20260722-121359] session.wall_ms 403.94991
family=omnivoice
task=tts
mode=offline
audio_out=./outputs/single_infer/audiocpp_omnivoice_clone_mdwt_q8_0_atwt_f32_step12.wav
  Completed at: 12:13:59
  Output: ./outputs/single_infer/audiocpp_omnivoice_clone_mdwt_q8_0_atwt_f32_step12.wav

[48/375] weight_type=q8_0 | audio_tokenizer_weight_type=f16 | steps=12 -> audiocpp_omnivoice_clone_mdwt_q8_0_atwt_f16_step12.wav
  Started at: 12:13:59
[TRACE ts=20260722-121359] runtime.model.family omnivoice
[TRACE ts=20260722-121359] runtime.model.variant omnivoice
[TRACE ts=20260722-121359] runtime.model.root /home/ipt/kawshik/tts-testing/audio.cpp/models/OmniVoice
[TRACE ts=20260722-121359] runtime.model.discovered_config_count 6
[TRACE ts=20260722-121359] runtime.model.discovered_weight_count 2
[TRACE ts=20260722-121359] runtime.model.task_count 1
[TRACE ts=20260722-121359] runtime.model.language_count 1
[TRACE ts=20260722-121359] runtime.model.supports_speaker_reference 1
[TRACE ts=20260722-121359] runtime.model.supports_style_condition 1
[TRACE ts=20260722-121359] runtime.model.supports_timestamps 0
ggml_cuda_init: found 1 CUDA devices (Total VRAM: 24111 MiB):
  Device 0: NVIDIA GeForce RTX 4090, compute capability 8.9, VMM: yes, VRAM: 24111 MiB
ggml_backend_cuda_graph_compute: CUDA graph warmup complete
[TIMING ts=20260722-121409] omnivoice.reference.encode_ms 1.512929
[TIMING ts=20260722-121409] omnivoice.encoder.graph.rebuilt 1
[TIMING ts=20260722-121409] omnivoice.session.prompt_ms 2.954178
[TIMING ts=20260722-121409] omnivoice.session.generate_ms 293.31806
[TIMING ts=20260722-121409] omnivoice.generator.graph.rebuilt 1
[TIMING ts=20260722-121409] omnivoice.generator.graph.rebuild_ms 3.24815
[TIMING ts=20260722-121409] omnivoice.session.decode_ms 9.172416
[TIMING ts=20260722-121409] omnivoice.decoder.graph.rebuilt 1
[TIMING ts=20260722-121409] omnivoice.decoder.graph.rebuild_ms 1.299115
[TIMING ts=20260722-121409] omnivoice.session.postprocess_ms 7.114735
[TIMING ts=20260722-121409] session.wall_ms 314.294855
family=omnivoice
task=tts
mode=offline
audio_out=./outputs/single_infer/audiocpp_omnivoice_clone_mdwt_q8_0_atwt_f16_step12.wav
  Completed at: 12:14:09
  Output: ./outputs/single_infer/audiocpp_omnivoice_clone_mdwt_q8_0_atwt_f16_step12.wav

[49/375] weight_type=q8_0 | audio_tokenizer_weight_type=bf16 | steps=12 -> audiocpp_omnivoice_clone_mdwt_q8_0_atwt_bf16_step12.wav
  Started at: 12:14:09
[TRACE ts=20260722-121409] runtime.model.family omnivoice
[TRACE ts=20260722-121409] runtime.model.variant omnivoice
[TRACE ts=20260722-121409] runtime.model.root /home/ipt/kawshik/tts-testing/audio.cpp/models/OmniVoice
[TRACE ts=20260722-121409] runtime.model.discovered_config_count 6
[TRACE ts=20260722-121409] runtime.model.discovered_weight_count 2
[TRACE ts=20260722-121409] runtime.model.task_count 1
[TRACE ts=20260722-121409] runtime.model.language_count 1
[TRACE ts=20260722-121409] runtime.model.supports_speaker_reference 1
[TRACE ts=20260722-121409] runtime.model.supports_style_condition 1
[TRACE ts=20260722-121409] runtime.model.supports_timestamps 0
ggml_cuda_init: found 1 CUDA devices (Total VRAM: 24111 MiB):
  Device 0: NVIDIA GeForce RTX 4090, compute capability 8.9, VMM: yes, VRAM: 24111 MiB
ggml_backend_cuda_graph_compute: CUDA graph warmup complete
[TIMING ts=20260722-121419] omnivoice.reference.encode_ms 1.357119
[TIMING ts=20260722-121419] omnivoice.encoder.graph.rebuilt 1
[TIMING ts=20260722-121419] omnivoice.session.prompt_ms 3.479663
[TIMING ts=20260722-121419] omnivoice.session.generate_ms 293.338551
[TIMING ts=20260722-121419] omnivoice.generator.graph.rebuilt 1
[TIMING ts=20260722-121419] omnivoice.generator.graph.rebuild_ms 3.198566
[TIMING ts=20260722-121419] omnivoice.session.decode_ms 9.646634
[TIMING ts=20260722-121419] omnivoice.decoder.graph.rebuilt 1
[TIMING ts=20260722-121419] omnivoice.decoder.graph.rebuild_ms 1.372357
[TIMING ts=20260722-121419] omnivoice.session.postprocess_ms 6.818242
[TIMING ts=20260722-121419] session.wall_ms 314.850032
family=omnivoice
task=tts
mode=offline
audio_out=./outputs/single_infer/audiocpp_omnivoice_clone_mdwt_q8_0_atwt_bf16_step12.wav
  Completed at: 12:14:20
  Output: ./outputs/single_infer/audiocpp_omnivoice_clone_mdwt_q8_0_atwt_bf16_step12.wav

[50/375] weight_type=q8_0 | audio_tokenizer_weight_type=q8_0 | steps=12 -> audiocpp_omnivoice_clone_mdwt_q8_0_atwt_q8_0_step12.wav
  Started at: 12:14:20
[TRACE ts=20260722-121420] runtime.model.family omnivoice
[TRACE ts=20260722-121420] runtime.model.variant omnivoice
[TRACE ts=20260722-121420] runtime.model.root /home/ipt/kawshik/tts-testing/audio.cpp/models/OmniVoice
[TRACE ts=20260722-121420] runtime.model.discovered_config_count 6
[TRACE ts=20260722-121420] runtime.model.discovered_weight_count 2
[TRACE ts=20260722-121420] runtime.model.task_count 1
[TRACE ts=20260722-121420] runtime.model.language_count 1
[TRACE ts=20260722-121420] runtime.model.supports_speaker_reference 1
[TRACE ts=20260722-121420] runtime.model.supports_style_condition 1
[TRACE ts=20260722-121420] runtime.model.supports_timestamps 0
ggml_cuda_init: found 1 CUDA devices (Total VRAM: 24111 MiB):
  Device 0: NVIDIA GeForce RTX 4090, compute capability 8.9, VMM: yes, VRAM: 24111 MiB
ggml_backend_cuda_graph_compute: CUDA graph warmup complete
[TIMING ts=20260722-121430] omnivoice.reference.encode_ms 1.52015
[TIMING ts=20260722-121430] omnivoice.encoder.graph.rebuilt 1
[TIMING ts=20260722-121430] omnivoice.session.prompt_ms 3.555008
[TIMING ts=20260722-121430] omnivoice.session.generate_ms 295.078467
[TIMING ts=20260722-121430] omnivoice.generator.graph.rebuilt 1
[TIMING ts=20260722-121430] omnivoice.generator.graph.rebuild_ms 5.008919
[TIMING ts=20260722-121430] omnivoice.session.decode_ms 43.268916
[TIMING ts=20260722-121430] omnivoice.decoder.graph.rebuilt 1
[TIMING ts=20260722-121430] omnivoice.decoder.graph.rebuild_ms 1.388339
[TIMING ts=20260722-121430] omnivoice.session.postprocess_ms 7.49193
[TIMING ts=20260722-121430] session.wall_ms 351.174179
family=omnivoice
task=tts
mode=offline
audio_out=./outputs/single_infer/audiocpp_omnivoice_clone_mdwt_q8_0_atwt_q8_0_step12.wav
  Completed at: 12:14:30
  Output: ./outputs/single_infer/audiocpp_omnivoice_clone_mdwt_q8_0_atwt_q8_0_step12.wav

[51/375] weight_type=native | audio_tokenizer_weight_type=native | steps=16 -> audiocpp_omnivoice_clone_mdwt_native_atwt_native_step16.wav
  Started at: 12:14:30
[TRACE ts=20260722-121430] runtime.model.family omnivoice
[TRACE ts=20260722-121430] runtime.model.variant omnivoice
[TRACE ts=20260722-121430] runtime.model.root /home/ipt/kawshik/tts-testing/audio.cpp/models/OmniVoice
[TRACE ts=20260722-121430] runtime.model.discovered_config_count 6
[TRACE ts=20260722-121430] runtime.model.discovered_weight_count 2
[TRACE ts=20260722-121430] runtime.model.task_count 1
[TRACE ts=20260722-121430] runtime.model.language_count 1
[TRACE ts=20260722-121430] runtime.model.supports_speaker_reference 1
[TRACE ts=20260722-121430] runtime.model.supports_style_condition 1
[TRACE ts=20260722-121430] runtime.model.supports_timestamps 0
ggml_cuda_init: found 1 CUDA devices (Total VRAM: 24111 MiB):
  Device 0: NVIDIA GeForce RTX 4090, compute capability 8.9, VMM: yes, VRAM: 24111 MiB
ggml_backend_cuda_graph_compute: CUDA graph warmup complete
[TIMING ts=20260722-121434] omnivoice.reference.encode_ms 1.694301
[TIMING ts=20260722-121434] omnivoice.encoder.graph.rebuilt 1
[TIMING ts=20260722-121434] omnivoice.session.prompt_ms 5.196451
[TIMING ts=20260722-121434] omnivoice.session.generate_ms 455.555164
[TIMING ts=20260722-121434] omnivoice.generator.graph.rebuilt 1
[TIMING ts=20260722-121434] omnivoice.generator.graph.rebuild_ms 3.086842
[TIMING ts=20260722-121434] omnivoice.session.decode_ms 47.046725
[TIMING ts=20260722-121434] omnivoice.decoder.graph.rebuilt 1
[TIMING ts=20260722-121434] omnivoice.decoder.graph.rebuild_ms 1.520014
[TIMING ts=20260722-121434] omnivoice.session.postprocess_ms 7.306172
[TIMING ts=20260722-121434] session.wall_ms 517.063012
family=omnivoice
task=tts
mode=offline
audio_out=./outputs/single_infer/audiocpp_omnivoice_clone_mdwt_native_atwt_native_step16.wav
  Completed at: 12:14:34
  Output: ./outputs/single_infer/audiocpp_omnivoice_clone_mdwt_native_atwt_native_step16.wav

[52/375] weight_type=native | audio_tokenizer_weight_type=f32 | steps=16 -> audiocpp_omnivoice_clone_mdwt_native_atwt_f32_step16.wav
  Started at: 12:14:34
[TRACE ts=20260722-121434] runtime.model.family omnivoice
[TRACE ts=20260722-121434] runtime.model.variant omnivoice
[TRACE ts=20260722-121434] runtime.model.root /home/ipt/kawshik/tts-testing/audio.cpp/models/OmniVoice
[TRACE ts=20260722-121434] runtime.model.discovered_config_count 6
[TRACE ts=20260722-121434] runtime.model.discovered_weight_count 2
[TRACE ts=20260722-121434] runtime.model.task_count 1
[TRACE ts=20260722-121434] runtime.model.language_count 1
[TRACE ts=20260722-121434] runtime.model.supports_speaker_reference 1
[TRACE ts=20260722-121434] runtime.model.supports_style_condition 1
[TRACE ts=20260722-121434] runtime.model.supports_timestamps 0
ggml_cuda_init: found 1 CUDA devices (Total VRAM: 24111 MiB):
  Device 0: NVIDIA GeForce RTX 4090, compute capability 8.9, VMM: yes, VRAM: 24111 MiB
ggml_backend_cuda_graph_compute: CUDA graph warmup complete
[TIMING ts=20260722-121438] omnivoice.reference.encode_ms 1.456951
[TIMING ts=20260722-121438] omnivoice.encoder.graph.rebuilt 1
[TIMING ts=20260722-121438] omnivoice.session.prompt_ms 2.429638
[TIMING ts=20260722-121438] omnivoice.session.generate_ms 434.72768
[TIMING ts=20260722-121438] omnivoice.generator.graph.rebuilt 1
[TIMING ts=20260722-121438] omnivoice.generator.graph.rebuild_ms 2.579715
[TIMING ts=20260722-121438] omnivoice.session.decode_ms 33.989822
[TIMING ts=20260722-121438] omnivoice.decoder.graph.rebuilt 1
[TIMING ts=20260722-121438] omnivoice.decoder.graph.rebuild_ms 1.316625
[TIMING ts=20260722-121438] omnivoice.session.postprocess_ms 7.497089
[TIMING ts=20260722-121438] session.wall_ms 480.315414
family=omnivoice
task=tts
mode=offline
audio_out=./outputs/single_infer/audiocpp_omnivoice_clone_mdwt_native_atwt_f32_step16.wav
  Completed at: 12:14:38
  Output: ./outputs/single_infer/audiocpp_omnivoice_clone_mdwt_native_atwt_f32_step16.wav

[53/375] weight_type=native | audio_tokenizer_weight_type=f16 | steps=16 -> audiocpp_omnivoice_clone_mdwt_native_atwt_f16_step16.wav
  Started at: 12:14:38
[TRACE ts=20260722-121438] runtime.model.family omnivoice
[TRACE ts=20260722-121438] runtime.model.variant omnivoice
[TRACE ts=20260722-121438] runtime.model.root /home/ipt/kawshik/tts-testing/audio.cpp/models/OmniVoice
[TRACE ts=20260722-121438] runtime.model.discovered_config_count 6
[TRACE ts=20260722-121438] runtime.model.discovered_weight_count 2
[TRACE ts=20260722-121438] runtime.model.task_count 1
[TRACE ts=20260722-121438] runtime.model.language_count 1
[TRACE ts=20260722-121438] runtime.model.supports_speaker_reference 1
[TRACE ts=20260722-121438] runtime.model.supports_style_condition 1
[TRACE ts=20260722-121438] runtime.model.supports_timestamps 0
ggml_cuda_init: found 1 CUDA devices (Total VRAM: 24111 MiB):
  Device 0: NVIDIA GeForce RTX 4090, compute capability 8.9, VMM: yes, VRAM: 24111 MiB
ggml_backend_cuda_graph_compute: CUDA graph warmup complete
[TIMING ts=20260722-121442] omnivoice.reference.encode_ms 1.855405
[TIMING ts=20260722-121442] omnivoice.encoder.graph.rebuilt 1
[TIMING ts=20260722-121442] omnivoice.session.prompt_ms 3.12448
[TIMING ts=20260722-121442] omnivoice.session.generate_ms 457.673595
[TIMING ts=20260722-121442] omnivoice.generator.graph.rebuilt 1
[TIMING ts=20260722-121442] omnivoice.generator.graph.rebuild_ms 4.062112
[TIMING ts=20260722-121442] omnivoice.session.decode_ms 9.321926
[TIMING ts=20260722-121442] omnivoice.decoder.graph.rebuilt 1
[TIMING ts=20260722-121442] omnivoice.decoder.graph.rebuild_ms 1.555454
[TIMING ts=20260722-121442] omnivoice.session.postprocess_ms 8.062627
[TIMING ts=20260722-121442] session.wall_ms 480.308555
family=omnivoice
task=tts
mode=offline
audio_out=./outputs/single_infer/audiocpp_omnivoice_clone_mdwt_native_atwt_f16_step16.wav
  Completed at: 12:14:42
  Output: ./outputs/single_infer/audiocpp_omnivoice_clone_mdwt_native_atwt_f16_step16.wav

[54/375] weight_type=native | audio_tokenizer_weight_type=bf16 | steps=16 -> audiocpp_omnivoice_clone_mdwt_native_atwt_bf16_step16.wav
  Started at: 12:14:42
[TRACE ts=20260722-121443] runtime.model.family omnivoice
[TRACE ts=20260722-121443] runtime.model.variant omnivoice
[TRACE ts=20260722-121443] runtime.model.root /home/ipt/kawshik/tts-testing/audio.cpp/models/OmniVoice
[TRACE ts=20260722-121443] runtime.model.discovered_config_count 6
[TRACE ts=20260722-121443] runtime.model.discovered_weight_count 2
[TRACE ts=20260722-121443] runtime.model.task_count 1
[TRACE ts=20260722-121443] runtime.model.language_count 1
[TRACE ts=20260722-121443] runtime.model.supports_speaker_reference 1
[TRACE ts=20260722-121443] runtime.model.supports_style_condition 1
[TRACE ts=20260722-121443] runtime.model.supports_timestamps 0
ggml_cuda_init: found 1 CUDA devices (Total VRAM: 24111 MiB):
  Device 0: NVIDIA GeForce RTX 4090, compute capability 8.9, VMM: yes, VRAM: 24111 MiB
ggml_backend_cuda_graph_compute: CUDA graph warmup complete
[TIMING ts=20260722-121447] omnivoice.reference.encode_ms 1.70648
[TIMING ts=20260722-121447] omnivoice.encoder.graph.rebuilt 1
[TIMING ts=20260722-121447] omnivoice.session.prompt_ms 4.094482
[TIMING ts=20260722-121447] omnivoice.session.generate_ms 460.251626
[TIMING ts=20260722-121447] omnivoice.generator.graph.rebuilt 1
[TIMING ts=20260722-121447] omnivoice.generator.graph.rebuild_ms 4.732654
[TIMING ts=20260722-121447] omnivoice.session.decode_ms 9.317424
[TIMING ts=20260722-121447] omnivoice.decoder.graph.rebuilt 1
[TIMING ts=20260722-121447] omnivoice.decoder.graph.rebuild_ms 1.267199
[TIMING ts=20260722-121447] omnivoice.session.postprocess_ms 6.503358
[TIMING ts=20260722-121447] session.wall_ms 482.131656
family=omnivoice
task=tts
mode=offline
audio_out=./outputs/single_infer/audiocpp_omnivoice_clone_mdwt_native_atwt_bf16_step16.wav
  Completed at: 12:14:47
  Output: ./outputs/single_infer/audiocpp_omnivoice_clone_mdwt_native_atwt_bf16_step16.wav

[55/375] weight_type=native | audio_tokenizer_weight_type=q8_0 | steps=16 -> audiocpp_omnivoice_clone_mdwt_native_atwt_q8_0_step16.wav
  Started at: 12:14:47
[TRACE ts=20260722-121447] runtime.model.family omnivoice
[TRACE ts=20260722-121447] runtime.model.variant omnivoice
[TRACE ts=20260722-121447] runtime.model.root /home/ipt/kawshik/tts-testing/audio.cpp/models/OmniVoice
[TRACE ts=20260722-121447] runtime.model.discovered_config_count 6
[TRACE ts=20260722-121447] runtime.model.discovered_weight_count 2
[TRACE ts=20260722-121447] runtime.model.task_count 1
[TRACE ts=20260722-121447] runtime.model.language_count 1
[TRACE ts=20260722-121447] runtime.model.supports_speaker_reference 1
[TRACE ts=20260722-121447] runtime.model.supports_style_condition 1
[TRACE ts=20260722-121447] runtime.model.supports_timestamps 0
ggml_cuda_init: found 1 CUDA devices (Total VRAM: 24111 MiB):
  Device 0: NVIDIA GeForce RTX 4090, compute capability 8.9, VMM: yes, VRAM: 24111 MiB
ggml_backend_cuda_graph_compute: CUDA graph warmup complete
[TIMING ts=20260722-121451] omnivoice.reference.encode_ms 1.396673
[TIMING ts=20260722-121451] omnivoice.encoder.graph.rebuilt 1
[TIMING ts=20260722-121451] omnivoice.session.prompt_ms 3.268681
[TIMING ts=20260722-121451] omnivoice.session.generate_ms 450.425039
[TIMING ts=20260722-121451] omnivoice.generator.graph.rebuilt 1
[TIMING ts=20260722-121451] omnivoice.generator.graph.rebuild_ms 3.067312
[TIMING ts=20260722-121451] omnivoice.session.decode_ms 43.075603
[TIMING ts=20260722-121451] omnivoice.decoder.graph.rebuilt 1
[TIMING ts=20260722-121451] omnivoice.decoder.graph.rebuild_ms 1.298756
[TIMING ts=20260722-121451] omnivoice.session.postprocess_ms 7.837309
[TIMING ts=20260722-121451] session.wall_ms 506.232675
family=omnivoice
task=tts
mode=offline
audio_out=./outputs/single_infer/audiocpp_omnivoice_clone_mdwt_native_atwt_q8_0_step16.wav
  Completed at: 12:14:51
  Output: ./outputs/single_infer/audiocpp_omnivoice_clone_mdwt_native_atwt_q8_0_step16.wav

[56/375] weight_type=f32 | audio_tokenizer_weight_type=native | steps=16 -> audiocpp_omnivoice_clone_mdwt_f32_atwt_native_step16.wav
  Started at: 12:14:51
[TRACE ts=20260722-121452] runtime.model.family omnivoice
[TRACE ts=20260722-121452] runtime.model.variant omnivoice
[TRACE ts=20260722-121452] runtime.model.root /home/ipt/kawshik/tts-testing/audio.cpp/models/OmniVoice
[TRACE ts=20260722-121452] runtime.model.discovered_config_count 6
[TRACE ts=20260722-121452] runtime.model.discovered_weight_count 2
[TRACE ts=20260722-121452] runtime.model.task_count 1
[TRACE ts=20260722-121452] runtime.model.language_count 1
[TRACE ts=20260722-121452] runtime.model.supports_speaker_reference 1
[TRACE ts=20260722-121452] runtime.model.supports_style_condition 1
[TRACE ts=20260722-121452] runtime.model.supports_timestamps 0
ggml_cuda_init: found 1 CUDA devices (Total VRAM: 24111 MiB):
  Device 0: NVIDIA GeForce RTX 4090, compute capability 8.9, VMM: yes, VRAM: 24111 MiB
ggml_backend_cuda_graph_compute: CUDA graph warmup complete
[TIMING ts=20260722-121455] omnivoice.reference.encode_ms 1.694172
[TIMING ts=20260722-121455] omnivoice.encoder.graph.rebuilt 1
[TIMING ts=20260722-121455] omnivoice.session.prompt_ms 2.847687
[TIMING ts=20260722-121455] omnivoice.session.generate_ms 449.216987
[TIMING ts=20260722-121455] omnivoice.generator.graph.rebuilt 1
[TIMING ts=20260722-121455] omnivoice.generator.graph.rebuild_ms 2.986965
[TIMING ts=20260722-121455] omnivoice.session.decode_ms 41.228782
[TIMING ts=20260722-121455] omnivoice.decoder.graph.rebuilt 1
[TIMING ts=20260722-121455] omnivoice.decoder.graph.rebuild_ms 4.252625
[TIMING ts=20260722-121455] omnivoice.session.postprocess_ms 7.861384
[TIMING ts=20260722-121455] session.wall_ms 503.115213
family=omnivoice
task=tts
mode=offline
audio_out=./outputs/single_infer/audiocpp_omnivoice_clone_mdwt_f32_atwt_native_step16.wav
  Completed at: 12:14:55
  Output: ./outputs/single_infer/audiocpp_omnivoice_clone_mdwt_f32_atwt_native_step16.wav

[57/375] weight_type=f32 | audio_tokenizer_weight_type=f32 | steps=16 -> audiocpp_omnivoice_clone_mdwt_f32_atwt_f32_step16.wav
  Started at: 12:14:55
[TRACE ts=20260722-121455] runtime.model.family omnivoice
[TRACE ts=20260722-121455] runtime.model.variant omnivoice
[TRACE ts=20260722-121455] runtime.model.root /home/ipt/kawshik/tts-testing/audio.cpp/models/OmniVoice
[TRACE ts=20260722-121455] runtime.model.discovered_config_count 6
[TRACE ts=20260722-121455] runtime.model.discovered_weight_count 2
[TRACE ts=20260722-121455] runtime.model.task_count 1
[TRACE ts=20260722-121455] runtime.model.language_count 1
[TRACE ts=20260722-121455] runtime.model.supports_speaker_reference 1
[TRACE ts=20260722-121455] runtime.model.supports_style_condition 1
[TRACE ts=20260722-121455] runtime.model.supports_timestamps 0
ggml_cuda_init: found 1 CUDA devices (Total VRAM: 24111 MiB):
  Device 0: NVIDIA GeForce RTX 4090, compute capability 8.9, VMM: yes, VRAM: 24111 MiB
ggml_backend_cuda_graph_compute: CUDA graph warmup complete
[TIMING ts=20260722-121459] omnivoice.reference.encode_ms 1.489432
[TIMING ts=20260722-121459] omnivoice.encoder.graph.rebuilt 1
[TIMING ts=20260722-121459] omnivoice.session.prompt_ms 2.519846
[TIMING ts=20260722-121459] omnivoice.session.generate_ms 442.172366
[TIMING ts=20260722-121459] omnivoice.generator.graph.rebuilt 1
[TIMING ts=20260722-121459] omnivoice.generator.graph.rebuild_ms 2.543097
[TIMING ts=20260722-121459] omnivoice.session.decode_ms 35.440669
[TIMING ts=20260722-121459] omnivoice.decoder.graph.rebuilt 1
[TIMING ts=20260722-121459] omnivoice.decoder.graph.rebuild_ms 1.254946
[TIMING ts=20260722-121459] omnivoice.session.postprocess_ms 6.911301
[TIMING ts=20260722-121459] session.wall_ms 488.750937
family=omnivoice
task=tts
mode=offline
audio_out=./outputs/single_infer/audiocpp_omnivoice_clone_mdwt_f32_atwt_f32_step16.wav
  Completed at: 12:14:59
  Output: ./outputs/single_infer/audiocpp_omnivoice_clone_mdwt_f32_atwt_f32_step16.wav

[58/375] weight_type=f32 | audio_tokenizer_weight_type=f16 | steps=16 -> audiocpp_omnivoice_clone_mdwt_f32_atwt_f16_step16.wav
  Started at: 12:14:59
[TRACE ts=20260722-121459] runtime.model.family omnivoice
[TRACE ts=20260722-121459] runtime.model.variant omnivoice
[TRACE ts=20260722-121459] runtime.model.root /home/ipt/kawshik/tts-testing/audio.cpp/models/OmniVoice
[TRACE ts=20260722-121459] runtime.model.discovered_config_count 6
[TRACE ts=20260722-121459] runtime.model.discovered_weight_count 2
[TRACE ts=20260722-121459] runtime.model.task_count 1
[TRACE ts=20260722-121459] runtime.model.language_count 1
[TRACE ts=20260722-121459] runtime.model.supports_speaker_reference 1
[TRACE ts=20260722-121459] runtime.model.supports_style_condition 1
[TRACE ts=20260722-121459] runtime.model.supports_timestamps 0
ggml_cuda_init: found 1 CUDA devices (Total VRAM: 24111 MiB):
  Device 0: NVIDIA GeForce RTX 4090, compute capability 8.9, VMM: yes, VRAM: 24111 MiB
ggml_backend_cuda_graph_compute: CUDA graph warmup complete
[TIMING ts=20260722-121503] omnivoice.reference.encode_ms 1.37291
[TIMING ts=20260722-121503] omnivoice.encoder.graph.rebuilt 1
[TIMING ts=20260722-121503] omnivoice.session.prompt_ms 2.321224
[TIMING ts=20260722-121503] omnivoice.session.generate_ms 450.168693
[TIMING ts=20260722-121503] omnivoice.generator.graph.rebuilt 1
[TIMING ts=20260722-121503] omnivoice.generator.graph.rebuild_ms 3.168898
[TIMING ts=20260722-121503] omnivoice.session.decode_ms 9.65025
[TIMING ts=20260722-121503] omnivoice.decoder.graph.rebuilt 1
[TIMING ts=20260722-121503] omnivoice.decoder.graph.rebuild_ms 1.571456
[TIMING ts=20260722-121503] omnivoice.session.postprocess_ms 6.95637
[TIMING ts=20260722-121503] session.wall_ms 470.705762
family=omnivoice
task=tts
mode=offline
audio_out=./outputs/single_infer/audiocpp_omnivoice_clone_mdwt_f32_atwt_f16_step16.wav
  Completed at: 12:15:03
  Output: ./outputs/single_infer/audiocpp_omnivoice_clone_mdwt_f32_atwt_f16_step16.wav

[59/375] weight_type=f32 | audio_tokenizer_weight_type=bf16 | steps=16 -> audiocpp_omnivoice_clone_mdwt_f32_atwt_bf16_step16.wav
  Started at: 12:15:03
[TRACE ts=20260722-121503] runtime.model.family omnivoice
[TRACE ts=20260722-121503] runtime.model.variant omnivoice
[TRACE ts=20260722-121503] runtime.model.root /home/ipt/kawshik/tts-testing/audio.cpp/models/OmniVoice
[TRACE ts=20260722-121503] runtime.model.discovered_config_count 6
[TRACE ts=20260722-121503] runtime.model.discovered_weight_count 2
[TRACE ts=20260722-121503] runtime.model.task_count 1
[TRACE ts=20260722-121503] runtime.model.language_count 1
[TRACE ts=20260722-121503] runtime.model.supports_speaker_reference 1
[TRACE ts=20260722-121503] runtime.model.supports_style_condition 1
[TRACE ts=20260722-121503] runtime.model.supports_timestamps 0
ggml_cuda_init: found 1 CUDA devices (Total VRAM: 24111 MiB):
  Device 0: NVIDIA GeForce RTX 4090, compute capability 8.9, VMM: yes, VRAM: 24111 MiB
ggml_backend_cuda_graph_compute: CUDA graph warmup complete
[TIMING ts=20260722-121508] omnivoice.reference.encode_ms 1.707637
[TIMING ts=20260722-121508] omnivoice.encoder.graph.rebuilt 1
[TIMING ts=20260722-121508] omnivoice.session.prompt_ms 4.062856
[TIMING ts=20260722-121508] omnivoice.session.generate_ms 455.562301
[TIMING ts=20260722-121508] omnivoice.generator.graph.rebuilt 1
[TIMING ts=20260722-121508] omnivoice.generator.graph.rebuild_ms 3.635616
[TIMING ts=20260722-121508] omnivoice.session.decode_ms 9.866108
[TIMING ts=20260722-121508] omnivoice.decoder.graph.rebuilt 1
[TIMING ts=20260722-121508] omnivoice.decoder.graph.rebuild_ms 1.615477
[TIMING ts=20260722-121508] omnivoice.session.postprocess_ms 8.07739
[TIMING ts=20260722-121508] session.wall_ms 479.539071
family=omnivoice
task=tts
mode=offline
audio_out=./outputs/single_infer/audiocpp_omnivoice_clone_mdwt_f32_atwt_bf16_step16.wav
  Completed at: 12:15:08
  Output: ./outputs/single_infer/audiocpp_omnivoice_clone_mdwt_f32_atwt_bf16_step16.wav

[60/375] weight_type=f32 | audio_tokenizer_weight_type=q8_0 | steps=16 -> audiocpp_omnivoice_clone_mdwt_f32_atwt_q8_0_step16.wav
  Started at: 12:15:08
[TRACE ts=20260722-121508] runtime.model.family omnivoice
[TRACE ts=20260722-121508] runtime.model.variant omnivoice
[TRACE ts=20260722-121508] runtime.model.root /home/ipt/kawshik/tts-testing/audio.cpp/models/OmniVoice
[TRACE ts=20260722-121508] runtime.model.discovered_config_count 6
[TRACE ts=20260722-121508] runtime.model.discovered_weight_count 2
[TRACE ts=20260722-121508] runtime.model.task_count 1
[TRACE ts=20260722-121508] runtime.model.language_count 1
[TRACE ts=20260722-121508] runtime.model.supports_speaker_reference 1
[TRACE ts=20260722-121508] runtime.model.supports_style_condition 1
[TRACE ts=20260722-121508] runtime.model.supports_timestamps 0
ggml_cuda_init: found 1 CUDA devices (Total VRAM: 24111 MiB):
  Device 0: NVIDIA GeForce RTX 4090, compute capability 8.9, VMM: yes, VRAM: 24111 MiB
ggml_backend_cuda_graph_compute: CUDA graph warmup complete
[TIMING ts=20260722-121513] omnivoice.reference.encode_ms 1.719593
[TIMING ts=20260722-121513] omnivoice.encoder.graph.rebuilt 1
[TIMING ts=20260722-121513] omnivoice.session.prompt_ms 4.119043
[TIMING ts=20260722-121513] omnivoice.session.generate_ms 456.560974
[TIMING ts=20260722-121513] omnivoice.generator.graph.rebuilt 1
[TIMING ts=20260722-121513] omnivoice.generator.graph.rebuild_ms 3.963995
[TIMING ts=20260722-121513] omnivoice.session.decode_ms 50.801142
[TIMING ts=20260722-121513] omnivoice.decoder.graph.rebuilt 1
[TIMING ts=20260722-121513] omnivoice.decoder.graph.rebuild_ms 1.578256
[TIMING ts=20260722-121513] omnivoice.session.postprocess_ms 8.849401
[TIMING ts=20260722-121513] session.wall_ms 522.332338
family=omnivoice
task=tts
mode=offline
audio_out=./outputs/single_infer/audiocpp_omnivoice_clone_mdwt_f32_atwt_q8_0_step16.wav
  Completed at: 12:15:13
  Output: ./outputs/single_infer/audiocpp_omnivoice_clone_mdwt_f32_atwt_q8_0_step16.wav

[61/375] weight_type=f16 | audio_tokenizer_weight_type=native | steps=16 -> audiocpp_omnivoice_clone_mdwt_f16_atwt_native_step16.wav
  Started at: 12:15:13
[TRACE ts=20260722-121513] runtime.model.family omnivoice
[TRACE ts=20260722-121513] runtime.model.variant omnivoice
[TRACE ts=20260722-121513] runtime.model.root /home/ipt/kawshik/tts-testing/audio.cpp/models/OmniVoice
[TRACE ts=20260722-121513] runtime.model.discovered_config_count 6
[TRACE ts=20260722-121513] runtime.model.discovered_weight_count 2
[TRACE ts=20260722-121513] runtime.model.task_count 1
[TRACE ts=20260722-121513] runtime.model.language_count 1
[TRACE ts=20260722-121513] runtime.model.supports_speaker_reference 1
[TRACE ts=20260722-121513] runtime.model.supports_style_condition 1
[TRACE ts=20260722-121513] runtime.model.supports_timestamps 0
ggml_cuda_init: found 1 CUDA devices (Total VRAM: 24111 MiB):
  Device 0: NVIDIA GeForce RTX 4090, compute capability 8.9, VMM: yes, VRAM: 24111 MiB
ggml_backend_cuda_graph_compute: CUDA graph warmup complete
[TIMING ts=20260722-121522] omnivoice.reference.encode_ms 1.451182
[TIMING ts=20260722-121522] omnivoice.encoder.graph.rebuilt 1
[TIMING ts=20260722-121522] omnivoice.session.prompt_ms 2.405175
[TIMING ts=20260722-121522] omnivoice.session.generate_ms 412.11107
[TIMING ts=20260722-121522] omnivoice.generator.graph.rebuilt 1
[TIMING ts=20260722-121522] omnivoice.generator.graph.rebuild_ms 2.854732
[TIMING ts=20260722-121522] omnivoice.session.decode_ms 34.143596
[TIMING ts=20260722-121522] omnivoice.decoder.graph.rebuilt 1
[TIMING ts=20260722-121522] omnivoice.decoder.graph.rebuild_ms 1.230737
[TIMING ts=20260722-121522] omnivoice.session.postprocess_ms 7.435825
[TIMING ts=20260722-121522] session.wall_ms 457.755582
family=omnivoice
task=tts
mode=offline
audio_out=./outputs/single_infer/audiocpp_omnivoice_clone_mdwt_f16_atwt_native_step16.wav
  Completed at: 12:15:22
  Output: ./outputs/single_infer/audiocpp_omnivoice_clone_mdwt_f16_atwt_native_step16.wav

[62/375] weight_type=f16 | audio_tokenizer_weight_type=f32 | steps=16 -> audiocpp_omnivoice_clone_mdwt_f16_atwt_f32_step16.wav
  Started at: 12:15:22
[TRACE ts=20260722-121522] runtime.model.family omnivoice
[TRACE ts=20260722-121522] runtime.model.variant omnivoice
[TRACE ts=20260722-121522] runtime.model.root /home/ipt/kawshik/tts-testing/audio.cpp/models/OmniVoice
[TRACE ts=20260722-121522] runtime.model.discovered_config_count 6
[TRACE ts=20260722-121522] runtime.model.discovered_weight_count 2
[TRACE ts=20260722-121522] runtime.model.task_count 1
[TRACE ts=20260722-121522] runtime.model.language_count 1
[TRACE ts=20260722-121522] runtime.model.supports_speaker_reference 1
[TRACE ts=20260722-121522] runtime.model.supports_style_condition 1
[TRACE ts=20260722-121522] runtime.model.supports_timestamps 0
ggml_cuda_init: found 1 CUDA devices (Total VRAM: 24111 MiB):
  Device 0: NVIDIA GeForce RTX 4090, compute capability 8.9, VMM: yes, VRAM: 24111 MiB
ggml_backend_cuda_graph_compute: CUDA graph warmup complete
[TIMING ts=20260722-121531] omnivoice.reference.encode_ms 1.694092
[TIMING ts=20260722-121531] omnivoice.encoder.graph.rebuilt 1
[TIMING ts=20260722-121531] omnivoice.session.prompt_ms 3.542984
[TIMING ts=20260722-121531] omnivoice.session.generate_ms 411.939656
[TIMING ts=20260722-121531] omnivoice.generator.graph.rebuilt 1
[TIMING ts=20260722-121531] omnivoice.generator.graph.rebuild_ms 3.399711
[TIMING ts=20260722-121531] omnivoice.session.decode_ms 33.600547
[TIMING ts=20260722-121531] omnivoice.decoder.graph.rebuilt 1
[TIMING ts=20260722-121531] omnivoice.decoder.graph.rebuild_ms 1.320003
[TIMING ts=20260722-121531] omnivoice.session.postprocess_ms 6.857614
[TIMING ts=20260722-121531] session.wall_ms 458.641505
family=omnivoice
task=tts
mode=offline
audio_out=./outputs/single_infer/audiocpp_omnivoice_clone_mdwt_f16_atwt_f32_step16.wav
  Completed at: 12:15:31
  Output: ./outputs/single_infer/audiocpp_omnivoice_clone_mdwt_f16_atwt_f32_step16.wav

[63/375] weight_type=f16 | audio_tokenizer_weight_type=f16 | steps=16 -> audiocpp_omnivoice_clone_mdwt_f16_atwt_f16_step16.wav
  Started at: 12:15:31
[TRACE ts=20260722-121531] runtime.model.family omnivoice
[TRACE ts=20260722-121531] runtime.model.variant omnivoice
[TRACE ts=20260722-121531] runtime.model.root /home/ipt/kawshik/tts-testing/audio.cpp/models/OmniVoice
[TRACE ts=20260722-121531] runtime.model.discovered_config_count 6
[TRACE ts=20260722-121531] runtime.model.discovered_weight_count 2
[TRACE ts=20260722-121531] runtime.model.task_count 1
[TRACE ts=20260722-121531] runtime.model.language_count 1
[TRACE ts=20260722-121531] runtime.model.supports_speaker_reference 1
[TRACE ts=20260722-121531] runtime.model.supports_style_condition 1
[TRACE ts=20260722-121531] runtime.model.supports_timestamps 0
ggml_cuda_init: found 1 CUDA devices (Total VRAM: 24111 MiB):
  Device 0: NVIDIA GeForce RTX 4090, compute capability 8.9, VMM: yes, VRAM: 24111 MiB
ggml_backend_cuda_graph_compute: CUDA graph warmup complete
[TIMING ts=20260722-121540] omnivoice.reference.encode_ms 1.483045
[TIMING ts=20260722-121540] omnivoice.encoder.graph.rebuilt 1
[TIMING ts=20260722-121540] omnivoice.session.prompt_ms 2.91333
[TIMING ts=20260722-121540] omnivoice.session.generate_ms 350.039806
[TIMING ts=20260722-121540] omnivoice.generator.graph.rebuilt 1
[TIMING ts=20260722-121540] omnivoice.generator.graph.rebuild_ms 3.385657
[TIMING ts=20260722-121540] omnivoice.session.decode_ms 9.141706
[TIMING ts=20260722-121540] omnivoice.decoder.graph.rebuilt 1
[TIMING ts=20260722-121540] omnivoice.decoder.graph.rebuild_ms 1.520606
[TIMING ts=20260722-121540] omnivoice.session.postprocess_ms 7.144046
[TIMING ts=20260722-121540] session.wall_ms 370.942607
family=omnivoice
task=tts
mode=offline
audio_out=./outputs/single_infer/audiocpp_omnivoice_clone_mdwt_f16_atwt_f16_step16.wav
  Completed at: 12:15:40
  Output: ./outputs/single_infer/audiocpp_omnivoice_clone_mdwt_f16_atwt_f16_step16.wav

[64/375] weight_type=f16 | audio_tokenizer_weight_type=bf16 | steps=16 -> audiocpp_omnivoice_clone_mdwt_f16_atwt_bf16_step16.wav
  Started at: 12:15:40
[TRACE ts=20260722-121540] runtime.model.family omnivoice
[TRACE ts=20260722-121540] runtime.model.variant omnivoice
[TRACE ts=20260722-121540] runtime.model.root /home/ipt/kawshik/tts-testing/audio.cpp/models/OmniVoice
[TRACE ts=20260722-121540] runtime.model.discovered_config_count 6
[TRACE ts=20260722-121540] runtime.model.discovered_weight_count 2
[TRACE ts=20260722-121540] runtime.model.task_count 1
[TRACE ts=20260722-121540] runtime.model.language_count 1
[TRACE ts=20260722-121540] runtime.model.supports_speaker_reference 1
[TRACE ts=20260722-121540] runtime.model.supports_style_condition 1
[TRACE ts=20260722-121540] runtime.model.supports_timestamps 0
ggml_cuda_init: found 1 CUDA devices (Total VRAM: 24111 MiB):
  Device 0: NVIDIA GeForce RTX 4090, compute capability 8.9, VMM: yes, VRAM: 24111 MiB
ggml_backend_cuda_graph_compute: CUDA graph warmup complete
[TIMING ts=20260722-121549] omnivoice.reference.encode_ms 1.520987
[TIMING ts=20260722-121549] omnivoice.encoder.graph.rebuilt 1
[TIMING ts=20260722-121549] omnivoice.session.prompt_ms 5.79623
[TIMING ts=20260722-121549] omnivoice.session.generate_ms 359.320926
[TIMING ts=20260722-121549] omnivoice.generator.graph.rebuilt 1
[TIMING ts=20260722-121549] omnivoice.generator.graph.rebuild_ms 3.378212
[TIMING ts=20260722-121549] omnivoice.session.decode_ms 9.329144
[TIMING ts=20260722-121549] omnivoice.decoder.graph.rebuilt 1
[TIMING ts=20260722-121549] omnivoice.decoder.graph.rebuild_ms 1.307839
[TIMING ts=20260722-121549] omnivoice.session.postprocess_ms 6.929954
[TIMING ts=20260722-121549] session.wall_ms 383.12308
family=omnivoice
task=tts
mode=offline
audio_out=./outputs/single_infer/audiocpp_omnivoice_clone_mdwt_f16_atwt_bf16_step16.wav
  Completed at: 12:15:49
  Output: ./outputs/single_infer/audiocpp_omnivoice_clone_mdwt_f16_atwt_bf16_step16.wav

[65/375] weight_type=f16 | audio_tokenizer_weight_type=q8_0 | steps=16 -> audiocpp_omnivoice_clone_mdwt_f16_atwt_q8_0_step16.wav
  Started at: 12:15:49
[TRACE ts=20260722-121549] runtime.model.family omnivoice
[TRACE ts=20260722-121549] runtime.model.variant omnivoice
[TRACE ts=20260722-121549] runtime.model.root /home/ipt/kawshik/tts-testing/audio.cpp/models/OmniVoice
[TRACE ts=20260722-121549] runtime.model.discovered_config_count 6
[TRACE ts=20260722-121549] runtime.model.discovered_weight_count 2
[TRACE ts=20260722-121549] runtime.model.task_count 1
[TRACE ts=20260722-121549] runtime.model.language_count 1
[TRACE ts=20260722-121549] runtime.model.supports_speaker_reference 1
[TRACE ts=20260722-121549] runtime.model.supports_style_condition 1
[TRACE ts=20260722-121549] runtime.model.supports_timestamps 0
ggml_cuda_init: found 1 CUDA devices (Total VRAM: 24111 MiB):
  Device 0: NVIDIA GeForce RTX 4090, compute capability 8.9, VMM: yes, VRAM: 24111 MiB
ggml_backend_cuda_graph_compute: CUDA graph warmup complete
[TIMING ts=20260722-121558] omnivoice.reference.encode_ms 1.409282
[TIMING ts=20260722-121558] omnivoice.encoder.graph.rebuilt 1
[TIMING ts=20260722-121558] omnivoice.session.prompt_ms 3.392075
[TIMING ts=20260722-121558] omnivoice.session.generate_ms 349.34309
[TIMING ts=20260722-121558] omnivoice.generator.graph.rebuilt 1
[TIMING ts=20260722-121558] omnivoice.generator.graph.rebuild_ms 3.188904
[TIMING ts=20260722-121558] omnivoice.session.decode_ms 43.190108
[TIMING ts=20260722-121558] omnivoice.decoder.graph.rebuilt 1
[TIMING ts=20260722-121558] omnivoice.decoder.graph.rebuild_ms 1.341396
[TIMING ts=20260722-121558] omnivoice.session.postprocess_ms 7.255209
[TIMING ts=20260722-121558] session.wall_ms 404.819368
family=omnivoice
task=tts
mode=offline
audio_out=./outputs/single_infer/audiocpp_omnivoice_clone_mdwt_f16_atwt_q8_0_step16.wav
  Completed at: 12:15:59
  Output: ./outputs/single_infer/audiocpp_omnivoice_clone_mdwt_f16_atwt_q8_0_step16.wav

[66/375] weight_type=bf16 | audio_tokenizer_weight_type=native | steps=16 -> audiocpp_omnivoice_clone_mdwt_bf16_atwt_native_step16.wav
  Started at: 12:15:59
[TRACE ts=20260722-121559] runtime.model.family omnivoice
[TRACE ts=20260722-121559] runtime.model.variant omnivoice
[TRACE ts=20260722-121559] runtime.model.root /home/ipt/kawshik/tts-testing/audio.cpp/models/OmniVoice
[TRACE ts=20260722-121559] runtime.model.discovered_config_count 6
[TRACE ts=20260722-121559] runtime.model.discovered_weight_count 2
[TRACE ts=20260722-121559] runtime.model.task_count 1
[TRACE ts=20260722-121559] runtime.model.language_count 1
[TRACE ts=20260722-121559] runtime.model.supports_speaker_reference 1
[TRACE ts=20260722-121559] runtime.model.supports_style_condition 1
[TRACE ts=20260722-121559] runtime.model.supports_timestamps 0
ggml_cuda_init: found 1 CUDA devices (Total VRAM: 24111 MiB):
  Device 0: NVIDIA GeForce RTX 4090, compute capability 8.9, VMM: yes, VRAM: 24111 MiB
ggml_backend_cuda_graph_compute: CUDA graph warmup complete
[TIMING ts=20260722-121606] omnivoice.reference.encode_ms 1.395061
[TIMING ts=20260722-121606] omnivoice.encoder.graph.rebuilt 1
[TIMING ts=20260722-121606] omnivoice.session.prompt_ms 4.246457
[TIMING ts=20260722-121606] omnivoice.session.generate_ms 567.208824
[TIMING ts=20260722-121606] omnivoice.generator.graph.rebuilt 1
[TIMING ts=20260722-121606] omnivoice.generator.graph.rebuild_ms 2.981347
[TIMING ts=20260722-121606] omnivoice.session.decode_ms 37.892935
[TIMING ts=20260722-121606] omnivoice.decoder.graph.rebuilt 1
[TIMING ts=20260722-121606] omnivoice.decoder.graph.rebuild_ms 1.414171
[TIMING ts=20260722-121606] omnivoice.session.postprocess_ms 7.68745
[TIMING ts=20260722-121606] session.wall_ms 618.652745
family=omnivoice
task=tts
mode=offline
audio_out=./outputs/single_infer/audiocpp_omnivoice_clone_mdwt_bf16_atwt_native_step16.wav
  Completed at: 12:16:06
  Output: ./outputs/single_infer/audiocpp_omnivoice_clone_mdwt_bf16_atwt_native_step16.wav

[67/375] weight_type=bf16 | audio_tokenizer_weight_type=f32 | steps=16 -> audiocpp_omnivoice_clone_mdwt_bf16_atwt_f32_step16.wav
  Started at: 12:16:06
[TRACE ts=20260722-121607] runtime.model.family omnivoice
[TRACE ts=20260722-121607] runtime.model.variant omnivoice
[TRACE ts=20260722-121607] runtime.model.root /home/ipt/kawshik/tts-testing/audio.cpp/models/OmniVoice
[TRACE ts=20260722-121607] runtime.model.discovered_config_count 6
[TRACE ts=20260722-121607] runtime.model.discovered_weight_count 2
[TRACE ts=20260722-121607] runtime.model.task_count 1
[TRACE ts=20260722-121607] runtime.model.language_count 1
[TRACE ts=20260722-121607] runtime.model.supports_speaker_reference 1
[TRACE ts=20260722-121607] runtime.model.supports_style_condition 1
[TRACE ts=20260722-121607] runtime.model.supports_timestamps 0
ggml_cuda_init: found 1 CUDA devices (Total VRAM: 24111 MiB):
  Device 0: NVIDIA GeForce RTX 4090, compute capability 8.9, VMM: yes, VRAM: 24111 MiB
ggml_backend_cuda_graph_compute: CUDA graph warmup complete
[TIMING ts=20260722-121614] omnivoice.reference.encode_ms 1.391732
[TIMING ts=20260722-121614] omnivoice.encoder.graph.rebuilt 1
[TIMING ts=20260722-121614] omnivoice.session.prompt_ms 2.407206
[TIMING ts=20260722-121614] omnivoice.session.generate_ms 520.524339
[TIMING ts=20260722-121614] omnivoice.generator.graph.rebuilt 1
[TIMING ts=20260722-121614] omnivoice.generator.graph.rebuild_ms 2.817044
[TIMING ts=20260722-121614] omnivoice.session.decode_ms 37.139105
[TIMING ts=20260722-121614] omnivoice.decoder.graph.rebuilt 1
[TIMING ts=20260722-121614] omnivoice.decoder.graph.rebuild_ms 1.350413
[TIMING ts=20260722-121614] omnivoice.session.postprocess_ms 7.692767
[TIMING ts=20260722-121614] session.wall_ms 569.386576
family=omnivoice
task=tts
mode=offline
audio_out=./outputs/single_infer/audiocpp_omnivoice_clone_mdwt_bf16_atwt_f32_step16.wav
  Completed at: 12:16:14
  Output: ./outputs/single_infer/audiocpp_omnivoice_clone_mdwt_bf16_atwt_f32_step16.wav

[68/375] weight_type=bf16 | audio_tokenizer_weight_type=f16 | steps=16 -> audiocpp_omnivoice_clone_mdwt_bf16_atwt_f16_step16.wav
  Started at: 12:16:14
[TRACE ts=20260722-121614] runtime.model.family omnivoice
[TRACE ts=20260722-121614] runtime.model.variant omnivoice
[TRACE ts=20260722-121614] runtime.model.root /home/ipt/kawshik/tts-testing/audio.cpp/models/OmniVoice
[TRACE ts=20260722-121614] runtime.model.discovered_config_count 6
[TRACE ts=20260722-121614] runtime.model.discovered_weight_count 2
[TRACE ts=20260722-121614] runtime.model.task_count 1
[TRACE ts=20260722-121614] runtime.model.language_count 1
[TRACE ts=20260722-121614] runtime.model.supports_speaker_reference 1
[TRACE ts=20260722-121614] runtime.model.supports_style_condition 1
[TRACE ts=20260722-121614] runtime.model.supports_timestamps 0
ggml_cuda_init: found 1 CUDA devices (Total VRAM: 24111 MiB):
  Device 0: NVIDIA GeForce RTX 4090, compute capability 8.9, VMM: yes, VRAM: 24111 MiB
ggml_backend_cuda_graph_compute: CUDA graph warmup complete
[TIMING ts=20260722-121623] omnivoice.reference.encode_ms 1.696747
[TIMING ts=20260722-121623] omnivoice.encoder.graph.rebuilt 1
[TIMING ts=20260722-121623] omnivoice.session.prompt_ms 5.638278
[TIMING ts=20260722-121623] omnivoice.session.generate_ms 565.264765
[TIMING ts=20260722-121623] omnivoice.generator.graph.rebuilt 1
[TIMING ts=20260722-121623] omnivoice.generator.graph.rebuild_ms 3.790836
[TIMING ts=20260722-121623] omnivoice.session.decode_ms 9.564258
[TIMING ts=20260722-121623] omnivoice.decoder.graph.rebuilt 1
[TIMING ts=20260722-121623] omnivoice.decoder.graph.rebuild_ms 1.550345
[TIMING ts=20260722-121623] omnivoice.session.postprocess_ms 8.052241
[TIMING ts=20260722-121623] session.wall_ms 590.443511
family=omnivoice
task=tts
mode=offline
audio_out=./outputs/single_infer/audiocpp_omnivoice_clone_mdwt_bf16_atwt_f16_step16.wav
  Completed at: 12:16:23
  Output: ./outputs/single_infer/audiocpp_omnivoice_clone_mdwt_bf16_atwt_f16_step16.wav

[69/375] weight_type=bf16 | audio_tokenizer_weight_type=bf16 | steps=16 -> audiocpp_omnivoice_clone_mdwt_bf16_atwt_bf16_step16.wav
  Started at: 12:16:23
[TRACE ts=20260722-121623] runtime.model.family omnivoice
[TRACE ts=20260722-121623] runtime.model.variant omnivoice
[TRACE ts=20260722-121623] runtime.model.root /home/ipt/kawshik/tts-testing/audio.cpp/models/OmniVoice
[TRACE ts=20260722-121623] runtime.model.discovered_config_count 6
[TRACE ts=20260722-121623] runtime.model.discovered_weight_count 2
[TRACE ts=20260722-121623] runtime.model.task_count 1
[TRACE ts=20260722-121623] runtime.model.language_count 1
[TRACE ts=20260722-121623] runtime.model.supports_speaker_reference 1
[TRACE ts=20260722-121623] runtime.model.supports_style_condition 1
[TRACE ts=20260722-121623] runtime.model.supports_timestamps 0
ggml_cuda_init: found 1 CUDA devices (Total VRAM: 24111 MiB):
  Device 0: NVIDIA GeForce RTX 4090, compute capability 8.9, VMM: yes, VRAM: 24111 MiB
ggml_backend_cuda_graph_compute: CUDA graph warmup complete
[TIMING ts=20260722-121631] omnivoice.reference.encode_ms 1.461871
[TIMING ts=20260722-121631] omnivoice.encoder.graph.rebuilt 1
[TIMING ts=20260722-121631] omnivoice.session.prompt_ms 3.600011
[TIMING ts=20260722-121631] omnivoice.session.generate_ms 383.741206
[TIMING ts=20260722-121631] omnivoice.generator.graph.rebuilt 1
[TIMING ts=20260722-121631] omnivoice.generator.graph.rebuild_ms 3.300772
[TIMING ts=20260722-121631] omnivoice.session.decode_ms 10.367442
[TIMING ts=20260722-121631] omnivoice.decoder.graph.rebuilt 1
[TIMING ts=20260722-121631] omnivoice.decoder.graph.rebuild_ms 1.711662
[TIMING ts=20260722-121631] omnivoice.session.postprocess_ms 8.91729
[TIMING ts=20260722-121631] session.wall_ms 408.304474
family=omnivoice
task=tts
mode=offline
audio_out=./outputs/single_infer/audiocpp_omnivoice_clone_mdwt_bf16_atwt_bf16_step16.wav
  Completed at: 12:16:31
  Output: ./outputs/single_infer/audiocpp_omnivoice_clone_mdwt_bf16_atwt_bf16_step16.wav

[70/375] weight_type=bf16 | audio_tokenizer_weight_type=q8_0 | steps=16 -> audiocpp_omnivoice_clone_mdwt_bf16_atwt_q8_0_step16.wav
  Started at: 12:16:31
[TRACE ts=20260722-121631] runtime.model.family omnivoice
[TRACE ts=20260722-121631] runtime.model.variant omnivoice
[TRACE ts=20260722-121631] runtime.model.root /home/ipt/kawshik/tts-testing/audio.cpp/models/OmniVoice
[TRACE ts=20260722-121631] runtime.model.discovered_config_count 6
[TRACE ts=20260722-121631] runtime.model.discovered_weight_count 2
[TRACE ts=20260722-121631] runtime.model.task_count 1
[TRACE ts=20260722-121631] runtime.model.language_count 1
[TRACE ts=20260722-121631] runtime.model.supports_speaker_reference 1
[TRACE ts=20260722-121631] runtime.model.supports_style_condition 1
[TRACE ts=20260722-121631] runtime.model.supports_timestamps 0
ggml_cuda_init: found 1 CUDA devices (Total VRAM: 24111 MiB):
  Device 0: NVIDIA GeForce RTX 4090, compute capability 8.9, VMM: yes, VRAM: 24111 MiB
ggml_backend_cuda_graph_compute: CUDA graph warmup complete
[TIMING ts=20260722-121640] omnivoice.reference.encode_ms 1.727021
[TIMING ts=20260722-121640] omnivoice.encoder.graph.rebuilt 1
[TIMING ts=20260722-121640] omnivoice.session.prompt_ms 4.033767
[TIMING ts=20260722-121640] omnivoice.session.generate_ms 575.023384
[TIMING ts=20260722-121640] omnivoice.generator.graph.rebuilt 1
[TIMING ts=20260722-121640] omnivoice.generator.graph.rebuild_ms 3.814653
[TIMING ts=20260722-121640] omnivoice.session.decode_ms 49.049888
[TIMING ts=20260722-121640] omnivoice.decoder.graph.rebuilt 1
[TIMING ts=20260722-121640] omnivoice.decoder.graph.rebuild_ms 1.54245
[TIMING ts=20260722-121640] omnivoice.session.postprocess_ms 8.780963
[TIMING ts=20260722-121640] session.wall_ms 638.867954
family=omnivoice
task=tts
mode=offline
audio_out=./outputs/single_infer/audiocpp_omnivoice_clone_mdwt_bf16_atwt_q8_0_step16.wav
  Completed at: 12:16:40
  Output: ./outputs/single_infer/audiocpp_omnivoice_clone_mdwt_bf16_atwt_q8_0_step16.wav

[71/375] weight_type=q8_0 | audio_tokenizer_weight_type=native | steps=16 -> audiocpp_omnivoice_clone_mdwt_q8_0_atwt_native_step16.wav
  Started at: 12:16:40
[TRACE ts=20260722-121640] runtime.model.family omnivoice
[TRACE ts=20260722-121640] runtime.model.variant omnivoice
[TRACE ts=20260722-121640] runtime.model.root /home/ipt/kawshik/tts-testing/audio.cpp/models/OmniVoice
[TRACE ts=20260722-121640] runtime.model.discovered_config_count 6
[TRACE ts=20260722-121640] runtime.model.discovered_weight_count 2
[TRACE ts=20260722-121640] runtime.model.task_count 1
[TRACE ts=20260722-121640] runtime.model.language_count 1
[TRACE ts=20260722-121640] runtime.model.supports_speaker_reference 1
[TRACE ts=20260722-121640] runtime.model.supports_style_condition 1
[TRACE ts=20260722-121640] runtime.model.supports_timestamps 0
ggml_cuda_init: found 1 CUDA devices (Total VRAM: 24111 MiB):
  Device 0: NVIDIA GeForce RTX 4090, compute capability 8.9, VMM: yes, VRAM: 24111 MiB
ggml_backend_cuda_graph_compute: CUDA graph warmup complete
[TIMING ts=20260722-121649] omnivoice.reference.encode_ms 1.694074
[TIMING ts=20260722-121649] omnivoice.encoder.graph.rebuilt 1
[TIMING ts=20260722-121649] omnivoice.session.prompt_ms 2.84097
[TIMING ts=20260722-121649] omnivoice.session.generate_ms 432.130632
[TIMING ts=20260722-121649] omnivoice.generator.graph.rebuilt 1
[TIMING ts=20260722-121649] omnivoice.generator.graph.rebuild_ms 3.28285
[TIMING ts=20260722-121649] omnivoice.session.decode_ms 35.110449
[TIMING ts=20260722-121649] omnivoice.decoder.graph.rebuilt 1
[TIMING ts=20260722-121649] omnivoice.decoder.graph.rebuild_ms 1.432457
[TIMING ts=20260722-121649] omnivoice.session.postprocess_ms 6.986976
[TIMING ts=20260722-121649] session.wall_ms 478.980971
family=omnivoice
task=tts
mode=offline
audio_out=./outputs/single_infer/audiocpp_omnivoice_clone_mdwt_q8_0_atwt_native_step16.wav
  Completed at: 12:16:49
  Output: ./outputs/single_infer/audiocpp_omnivoice_clone_mdwt_q8_0_atwt_native_step16.wav

[72/375] weight_type=q8_0 | audio_tokenizer_weight_type=f32 | steps=16 -> audiocpp_omnivoice_clone_mdwt_q8_0_atwt_f32_step16.wav
  Started at: 12:16:49
[TRACE ts=20260722-121649] runtime.model.family omnivoice
[TRACE ts=20260722-121649] runtime.model.variant omnivoice
[TRACE ts=20260722-121649] runtime.model.root /home/ipt/kawshik/tts-testing/audio.cpp/models/OmniVoice
[TRACE ts=20260722-121649] runtime.model.discovered_config_count 6
[TRACE ts=20260722-121649] runtime.model.discovered_weight_count 2
[TRACE ts=20260722-121649] runtime.model.task_count 1
[TRACE ts=20260722-121649] runtime.model.language_count 1
[TRACE ts=20260722-121649] runtime.model.supports_speaker_reference 1
[TRACE ts=20260722-121649] runtime.model.supports_style_condition 1
[TRACE ts=20260722-121649] runtime.model.supports_timestamps 0
ggml_cuda_init: found 1 CUDA devices (Total VRAM: 24111 MiB):
  Device 0: NVIDIA GeForce RTX 4090, compute capability 8.9, VMM: yes, VRAM: 24111 MiB
ggml_backend_cuda_graph_compute: CUDA graph warmup complete
[TIMING ts=20260722-121659] omnivoice.reference.encode_ms 1.544983
[TIMING ts=20260722-121659] omnivoice.encoder.graph.rebuilt 1
[TIMING ts=20260722-121659] omnivoice.session.prompt_ms 3.241251
[TIMING ts=20260722-121659] omnivoice.session.generate_ms 429.996211
[TIMING ts=20260722-121659] omnivoice.generator.graph.rebuilt 1
[TIMING ts=20260722-121659] omnivoice.generator.graph.rebuild_ms 2.91483
[TIMING ts=20260722-121659] omnivoice.session.decode_ms 38.685265
[TIMING ts=20260722-121659] omnivoice.decoder.graph.rebuilt 1
[TIMING ts=20260722-121659] omnivoice.decoder.graph.rebuild_ms 1.582655
[TIMING ts=20260722-121659] omnivoice.session.postprocess_ms 8.549923
[TIMING ts=20260722-121659] session.wall_ms 483.074859
family=omnivoice
task=tts
mode=offline
audio_out=./outputs/single_infer/audiocpp_omnivoice_clone_mdwt_q8_0_atwt_f32_step16.wav
  Completed at: 12:17:00
  Output: ./outputs/single_infer/audiocpp_omnivoice_clone_mdwt_q8_0_atwt_f32_step16.wav

[73/375] weight_type=q8_0 | audio_tokenizer_weight_type=f16 | steps=16 -> audiocpp_omnivoice_clone_mdwt_q8_0_atwt_f16_step16.wav
  Started at: 12:17:00
[TRACE ts=20260722-121700] runtime.model.family omnivoice
[TRACE ts=20260722-121700] runtime.model.variant omnivoice
[TRACE ts=20260722-121700] runtime.model.root /home/ipt/kawshik/tts-testing/audio.cpp/models/OmniVoice
[TRACE ts=20260722-121700] runtime.model.discovered_config_count 6
[TRACE ts=20260722-121700] runtime.model.discovered_weight_count 2
[TRACE ts=20260722-121700] runtime.model.task_count 1
[TRACE ts=20260722-121700] runtime.model.language_count 1
[TRACE ts=20260722-121700] runtime.model.supports_speaker_reference 1
[TRACE ts=20260722-121700] runtime.model.supports_style_condition 1
[TRACE ts=20260722-121700] runtime.model.supports_timestamps 0
ggml_cuda_init: found 1 CUDA devices (Total VRAM: 24111 MiB):
  Device 0: NVIDIA GeForce RTX 4090, compute capability 8.9, VMM: yes, VRAM: 24111 MiB
ggml_backend_cuda_graph_compute: CUDA graph warmup complete
[TIMING ts=20260722-121710] omnivoice.reference.encode_ms 1.564865
[TIMING ts=20260722-121710] omnivoice.encoder.graph.rebuilt 1
[TIMING ts=20260722-121710] omnivoice.session.prompt_ms 2.848867
[TIMING ts=20260722-121710] omnivoice.session.generate_ms 373.354777
[TIMING ts=20260722-121710] omnivoice.generator.graph.rebuilt 1
[TIMING ts=20260722-121710] omnivoice.generator.graph.rebuild_ms 3.659879
[TIMING ts=20260722-121710] omnivoice.session.decode_ms 8.969818
[TIMING ts=20260722-121710] omnivoice.decoder.graph.rebuilt 1
[TIMING ts=20260722-121710] omnivoice.decoder.graph.rebuild_ms 1.294424
[TIMING ts=20260722-121710] omnivoice.session.postprocess_ms 6.743332
[TIMING ts=20260722-121710] session.wall_ms 394.352326
family=omnivoice
task=tts
mode=offline
audio_out=./outputs/single_infer/audiocpp_omnivoice_clone_mdwt_q8_0_atwt_f16_step16.wav
  Completed at: 12:17:10
  Output: ./outputs/single_infer/audiocpp_omnivoice_clone_mdwt_q8_0_atwt_f16_step16.wav

[74/375] weight_type=q8_0 | audio_tokenizer_weight_type=bf16 | steps=16 -> audiocpp_omnivoice_clone_mdwt_q8_0_atwt_bf16_step16.wav
  Started at: 12:17:10
[TRACE ts=20260722-121710] runtime.model.family omnivoice
[TRACE ts=20260722-121710] runtime.model.variant omnivoice
[TRACE ts=20260722-121710] runtime.model.root /home/ipt/kawshik/tts-testing/audio.cpp/models/OmniVoice
[TRACE ts=20260722-121710] runtime.model.discovered_config_count 6
[TRACE ts=20260722-121710] runtime.model.discovered_weight_count 2
[TRACE ts=20260722-121710] runtime.model.task_count 1
[TRACE ts=20260722-121710] runtime.model.language_count 1
[TRACE ts=20260722-121710] runtime.model.supports_speaker_reference 1
[TRACE ts=20260722-121710] runtime.model.supports_style_condition 1
[TRACE ts=20260722-121710] runtime.model.supports_timestamps 0
ggml_cuda_init: found 1 CUDA devices (Total VRAM: 24111 MiB):
  Device 0: NVIDIA GeForce RTX 4090, compute capability 8.9, VMM: yes, VRAM: 24111 MiB
ggml_backend_cuda_graph_compute: CUDA graph warmup complete
[TIMING ts=20260722-121720] omnivoice.reference.encode_ms 1.694227
[TIMING ts=20260722-121720] omnivoice.encoder.graph.rebuilt 1
[TIMING ts=20260722-121720] omnivoice.session.prompt_ms 3.598247
[TIMING ts=20260722-121720] omnivoice.session.generate_ms 372.152204
[TIMING ts=20260722-121720] omnivoice.generator.graph.rebuilt 1
[TIMING ts=20260722-121720] omnivoice.generator.graph.rebuild_ms 3.779411
[TIMING ts=20260722-121720] omnivoice.session.decode_ms 9.112162
[TIMING ts=20260722-121720] omnivoice.decoder.graph.rebuilt 1
[TIMING ts=20260722-121720] omnivoice.decoder.graph.rebuild_ms 1.35518
[TIMING ts=20260722-121720] omnivoice.session.postprocess_ms 6.954427
[TIMING ts=20260722-121720] session.wall_ms 393.76683
family=omnivoice
task=tts
mode=offline
audio_out=./outputs/single_infer/audiocpp_omnivoice_clone_mdwt_q8_0_atwt_bf16_step16.wav
  Completed at: 12:17:21
  Output: ./outputs/single_infer/audiocpp_omnivoice_clone_mdwt_q8_0_atwt_bf16_step16.wav

[75/375] weight_type=q8_0 | audio_tokenizer_weight_type=q8_0 | steps=16 -> audiocpp_omnivoice_clone_mdwt_q8_0_atwt_q8_0_step16.wav
  Started at: 12:17:21
[TRACE ts=20260722-121721] runtime.model.family omnivoice
[TRACE ts=20260722-121721] runtime.model.variant omnivoice
[TRACE ts=20260722-121721] runtime.model.root /home/ipt/kawshik/tts-testing/audio.cpp/models/OmniVoice
[TRACE ts=20260722-121721] runtime.model.discovered_config_count 6
[TRACE ts=20260722-121721] runtime.model.discovered_weight_count 2
[TRACE ts=20260722-121721] runtime.model.task_count 1
[TRACE ts=20260722-121721] runtime.model.language_count 1
[TRACE ts=20260722-121721] runtime.model.supports_speaker_reference 1
[TRACE ts=20260722-121721] runtime.model.supports_style_condition 1
[TRACE ts=20260722-121721] runtime.model.supports_timestamps 0
ggml_cuda_init: found 1 CUDA devices (Total VRAM: 24111 MiB):
  Device 0: NVIDIA GeForce RTX 4090, compute capability 8.9, VMM: yes, VRAM: 24111 MiB
ggml_backend_cuda_graph_compute: CUDA graph warmup complete
[TIMING ts=20260722-121733] omnivoice.reference.encode_ms 1.872013
[TIMING ts=20260722-121733] omnivoice.encoder.graph.rebuilt 1
[TIMING ts=20260722-121733] omnivoice.session.prompt_ms 4.566475
[TIMING ts=20260722-121733] omnivoice.session.generate_ms 380.397575
[TIMING ts=20260722-121733] omnivoice.generator.graph.rebuilt 1
[TIMING ts=20260722-121733] omnivoice.generator.graph.rebuild_ms 4.323138
[TIMING ts=20260722-121733] omnivoice.session.decode_ms 51.771466
[TIMING ts=20260722-121733] omnivoice.decoder.graph.rebuilt 1
[TIMING ts=20260722-121733] omnivoice.decoder.graph.rebuild_ms 2.492464
[TIMING ts=20260722-121733] omnivoice.session.postprocess_ms 8.894127
[TIMING ts=20260722-121733] session.wall_ms 447.792175
family=omnivoice
task=tts
mode=offline
audio_out=./outputs/single_infer/audiocpp_omnivoice_clone_mdwt_q8_0_atwt_q8_0_step16.wav
  Completed at: 12:17:33
  Output: ./outputs/single_infer/audiocpp_omnivoice_clone_mdwt_q8_0_atwt_q8_0_step16.wav

[76/375] weight_type=native | audio_tokenizer_weight_type=native | steps=20 -> audiocpp_omnivoice_clone_mdwt_native_atwt_native_step20.wav
  Started at: 12:17:33
[TRACE ts=20260722-121733] runtime.model.family omnivoice
[TRACE ts=20260722-121733] runtime.model.variant omnivoice
[TRACE ts=20260722-121733] runtime.model.root /home/ipt/kawshik/tts-testing/audio.cpp/models/OmniVoice
[TRACE ts=20260722-121733] runtime.model.discovered_config_count 6
[TRACE ts=20260722-121733] runtime.model.discovered_weight_count 2
[TRACE ts=20260722-121733] runtime.model.task_count 1
[TRACE ts=20260722-121733] runtime.model.language_count 1
[TRACE ts=20260722-121733] runtime.model.supports_speaker_reference 1
[TRACE ts=20260722-121733] runtime.model.supports_style_condition 1
[TRACE ts=20260722-121733] runtime.model.supports_timestamps 0
ggml_cuda_init: found 1 CUDA devices (Total VRAM: 24111 MiB):
  Device 0: NVIDIA GeForce RTX 4090, compute capability 8.9, VMM: yes, VRAM: 24111 MiB
ggml_backend_cuda_graph_compute: CUDA graph warmup complete
[TIMING ts=20260722-121737] omnivoice.reference.encode_ms 1.456361
[TIMING ts=20260722-121737] omnivoice.encoder.graph.rebuilt 1
[TIMING ts=20260722-121737] omnivoice.session.prompt_ms 2.371212
[TIMING ts=20260722-121737] omnivoice.session.generate_ms 536.43754
[TIMING ts=20260722-121737] omnivoice.generator.graph.rebuilt 1
[TIMING ts=20260722-121737] omnivoice.generator.graph.rebuild_ms 2.600063
[TIMING ts=20260722-121737] omnivoice.session.decode_ms 41.215253
[TIMING ts=20260722-121737] omnivoice.decoder.graph.rebuilt 1
[TIMING ts=20260722-121737] omnivoice.decoder.graph.rebuild_ms 1.556785
[TIMING ts=20260722-121737] omnivoice.session.postprocess_ms 7.853435
[TIMING ts=20260722-121737] session.wall_ms 589.549556
family=omnivoice
task=tts
mode=offline
audio_out=./outputs/single_infer/audiocpp_omnivoice_clone_mdwt_native_atwt_native_step20.wav
  Completed at: 12:17:37
  Output: ./outputs/single_infer/audiocpp_omnivoice_clone_mdwt_native_atwt_native_step20.wav

[77/375] weight_type=native | audio_tokenizer_weight_type=f32 | steps=20 -> audiocpp_omnivoice_clone_mdwt_native_atwt_f32_step20.wav
  Started at: 12:17:37
[TRACE ts=20260722-121737] runtime.model.family omnivoice
[TRACE ts=20260722-121737] runtime.model.variant omnivoice
[TRACE ts=20260722-121737] runtime.model.root /home/ipt/kawshik/tts-testing/audio.cpp/models/OmniVoice
[TRACE ts=20260722-121737] runtime.model.discovered_config_count 6
[TRACE ts=20260722-121737] runtime.model.discovered_weight_count 2
[TRACE ts=20260722-121737] runtime.model.task_count 1
[TRACE ts=20260722-121737] runtime.model.language_count 1
[TRACE ts=20260722-121737] runtime.model.supports_speaker_reference 1
[TRACE ts=20260722-121737] runtime.model.supports_style_condition 1
[TRACE ts=20260722-121737] runtime.model.supports_timestamps 0
ggml_cuda_init: found 1 CUDA devices (Total VRAM: 24111 MiB):
  Device 0: NVIDIA GeForce RTX 4090, compute capability 8.9, VMM: yes, VRAM: 24111 MiB
ggml_backend_cuda_graph_compute: CUDA graph warmup complete
[TIMING ts=20260722-121741] omnivoice.reference.encode_ms 1.694307
[TIMING ts=20260722-121741] omnivoice.encoder.graph.rebuilt 1
[TIMING ts=20260722-121741] omnivoice.session.prompt_ms 2.862318
[TIMING ts=20260722-121741] omnivoice.session.generate_ms 554.366892
[TIMING ts=20260722-121741] omnivoice.generator.graph.rebuilt 1
[TIMING ts=20260722-121741] omnivoice.generator.graph.rebuild_ms 3.049493
[TIMING ts=20260722-121741] omnivoice.session.decode_ms 38.982125
[TIMING ts=20260722-121741] omnivoice.decoder.graph.rebuilt 1
[TIMING ts=20260722-121741] omnivoice.decoder.graph.rebuild_ms 1.588096
[TIMING ts=20260722-121741] omnivoice.session.postprocess_ms 7.839712
[TIMING ts=20260722-121741] session.wall_ms 606.005915
family=omnivoice
task=tts
mode=offline
audio_out=./outputs/single_infer/audiocpp_omnivoice_clone_mdwt_native_atwt_f32_step20.wav
  Completed at: 12:17:41
  Output: ./outputs/single_infer/audiocpp_omnivoice_clone_mdwt_native_atwt_f32_step20.wav

[78/375] weight_type=native | audio_tokenizer_weight_type=f16 | steps=20 -> audiocpp_omnivoice_clone_mdwt_native_atwt_f16_step20.wav
  Started at: 12:17:41
[TRACE ts=20260722-121741] runtime.model.family omnivoice
[TRACE ts=20260722-121741] runtime.model.variant omnivoice
[TRACE ts=20260722-121741] runtime.model.root /home/ipt/kawshik/tts-testing/audio.cpp/models/OmniVoice
[TRACE ts=20260722-121741] runtime.model.discovered_config_count 6
[TRACE ts=20260722-121741] runtime.model.discovered_weight_count 2
[TRACE ts=20260722-121741] runtime.model.task_count 1
[TRACE ts=20260722-121741] runtime.model.language_count 1
[TRACE ts=20260722-121741] runtime.model.supports_speaker_reference 1
[TRACE ts=20260722-121741] runtime.model.supports_style_condition 1
[TRACE ts=20260722-121741] runtime.model.supports_timestamps 0
ggml_cuda_init: found 1 CUDA devices (Total VRAM: 24111 MiB):
  Device 0: NVIDIA GeForce RTX 4090, compute capability 8.9, VMM: yes, VRAM: 24111 MiB
ggml_backend_cuda_graph_compute: CUDA graph warmup complete
[TIMING ts=20260722-121745] omnivoice.reference.encode_ms 1.705757
[TIMING ts=20260722-121745] omnivoice.encoder.graph.rebuilt 1
[TIMING ts=20260722-121745] omnivoice.session.prompt_ms 2.910694
[TIMING ts=20260722-121745] omnivoice.session.generate_ms 552.560399
[TIMING ts=20260722-121745] omnivoice.generator.graph.rebuilt 1
[TIMING ts=20260722-121745] omnivoice.generator.graph.rebuild_ms 9.850795
[TIMING ts=20260722-121745] omnivoice.session.decode_ms 9.589406
[TIMING ts=20260722-121745] omnivoice.decoder.graph.rebuilt 1
[TIMING ts=20260722-121745] omnivoice.decoder.graph.rebuild_ms 1.561422
[TIMING ts=20260722-121745] omnivoice.session.postprocess_ms 6.924154
[TIMING ts=20260722-121745] session.wall_ms 573.997272
family=omnivoice
task=tts
mode=offline
audio_out=./outputs/single_infer/audiocpp_omnivoice_clone_mdwt_native_atwt_f16_step20.wav
  Completed at: 12:17:46
  Output: ./outputs/single_infer/audiocpp_omnivoice_clone_mdwt_native_atwt_f16_step20.wav

[79/375] weight_type=native | audio_tokenizer_weight_type=bf16 | steps=20 -> audiocpp_omnivoice_clone_mdwt_native_atwt_bf16_step20.wav
  Started at: 12:17:46
[TRACE ts=20260722-121746] runtime.model.family omnivoice
[TRACE ts=20260722-121746] runtime.model.variant omnivoice
[TRACE ts=20260722-121746] runtime.model.root /home/ipt/kawshik/tts-testing/audio.cpp/models/OmniVoice
[TRACE ts=20260722-121746] runtime.model.discovered_config_count 6
[TRACE ts=20260722-121746] runtime.model.discovered_weight_count 2
[TRACE ts=20260722-121746] runtime.model.task_count 1
[TRACE ts=20260722-121746] runtime.model.language_count 1
[TRACE ts=20260722-121746] runtime.model.supports_speaker_reference 1
[TRACE ts=20260722-121746] runtime.model.supports_style_condition 1
[TRACE ts=20260722-121746] runtime.model.supports_timestamps 0
ggml_cuda_init: found 1 CUDA devices (Total VRAM: 24111 MiB):
  Device 0: NVIDIA GeForce RTX 4090, compute capability 8.9, VMM: yes, VRAM: 24111 MiB
ggml_backend_cuda_graph_compute: CUDA graph warmup complete
[TIMING ts=20260722-121749] omnivoice.reference.encode_ms 1.429324
[TIMING ts=20260722-121749] omnivoice.encoder.graph.rebuilt 1
[TIMING ts=20260722-121749] omnivoice.session.prompt_ms 3.575262
[TIMING ts=20260722-121749] omnivoice.session.generate_ms 536.363549
[TIMING ts=20260722-121749] omnivoice.generator.graph.rebuilt 1
[TIMING ts=20260722-121749] omnivoice.generator.graph.rebuild_ms 2.947326
[TIMING ts=20260722-121749] omnivoice.session.decode_ms 9.353656
[TIMING ts=20260722-121749] omnivoice.decoder.graph.rebuilt 1
[TIMING ts=20260722-121749] omnivoice.decoder.graph.rebuild_ms 1.459303
[TIMING ts=20260722-121749] omnivoice.session.postprocess_ms 6.676342
[TIMING ts=20260722-121749] session.wall_ms 557.630677
family=omnivoice
task=tts
mode=offline
audio_out=./outputs/single_infer/audiocpp_omnivoice_clone_mdwt_native_atwt_bf16_step20.wav
  Completed at: 12:17:50
  Output: ./outputs/single_infer/audiocpp_omnivoice_clone_mdwt_native_atwt_bf16_step20.wav

[80/375] weight_type=native | audio_tokenizer_weight_type=q8_0 | steps=20 -> audiocpp_omnivoice_clone_mdwt_native_atwt_q8_0_step20.wav
  Started at: 12:17:50
[TRACE ts=20260722-121750] runtime.model.family omnivoice
[TRACE ts=20260722-121750] runtime.model.variant omnivoice
[TRACE ts=20260722-121750] runtime.model.root /home/ipt/kawshik/tts-testing/audio.cpp/models/OmniVoice
[TRACE ts=20260722-121750] runtime.model.discovered_config_count 6
[TRACE ts=20260722-121750] runtime.model.discovered_weight_count 2
[TRACE ts=20260722-121750] runtime.model.task_count 1
[TRACE ts=20260722-121750] runtime.model.language_count 1
[TRACE ts=20260722-121750] runtime.model.supports_speaker_reference 1
[TRACE ts=20260722-121750] runtime.model.supports_style_condition 1
[TRACE ts=20260722-121750] runtime.model.supports_timestamps 0
ggml_cuda_init: found 1 CUDA devices (Total VRAM: 24111 MiB):
  Device 0: NVIDIA GeForce RTX 4090, compute capability 8.9, VMM: yes, VRAM: 24111 MiB
ggml_backend_cuda_graph_compute: CUDA graph warmup complete
[TIMING ts=20260722-121754] omnivoice.reference.encode_ms 1.396689
[TIMING ts=20260722-121754] omnivoice.encoder.graph.rebuilt 1
[TIMING ts=20260722-121754] omnivoice.session.prompt_ms 3.175998
[TIMING ts=20260722-121754] omnivoice.session.generate_ms 536.94799
[TIMING ts=20260722-121754] omnivoice.generator.graph.rebuilt 1
[TIMING ts=20260722-121754] omnivoice.generator.graph.rebuild_ms 3.301552
[TIMING ts=20260722-121754] omnivoice.session.decode_ms 43.256658
[TIMING ts=20260722-121754] omnivoice.decoder.graph.rebuilt 1
[TIMING ts=20260722-121754] omnivoice.decoder.graph.rebuild_ms 1.439049
[TIMING ts=20260722-121754] omnivoice.session.postprocess_ms 7.496625
[TIMING ts=20260722-121754] session.wall_ms 592.516032
family=omnivoice
task=tts
mode=offline
audio_out=./outputs/single_infer/audiocpp_omnivoice_clone_mdwt_native_atwt_q8_0_step20.wav
  Completed at: 12:17:54
  Output: ./outputs/single_infer/audiocpp_omnivoice_clone_mdwt_native_atwt_q8_0_step20.wav

[81/375] weight_type=f32 | audio_tokenizer_weight_type=native | steps=20 -> audiocpp_omnivoice_clone_mdwt_f32_atwt_native_step20.wav
  Started at: 12:17:54
[TRACE ts=20260722-121754] runtime.model.family omnivoice
[TRACE ts=20260722-121754] runtime.model.variant omnivoice
[TRACE ts=20260722-121754] runtime.model.root /home/ipt/kawshik/tts-testing/audio.cpp/models/OmniVoice
[TRACE ts=20260722-121754] runtime.model.discovered_config_count 6
[TRACE ts=20260722-121754] runtime.model.discovered_weight_count 2
[TRACE ts=20260722-121754] runtime.model.task_count 1
[TRACE ts=20260722-121754] runtime.model.language_count 1
[TRACE ts=20260722-121754] runtime.model.supports_speaker_reference 1
[TRACE ts=20260722-121754] runtime.model.supports_style_condition 1
[TRACE ts=20260722-121754] runtime.model.supports_timestamps 0
ggml_cuda_init: found 1 CUDA devices (Total VRAM: 24111 MiB):
  Device 0: NVIDIA GeForce RTX 4090, compute capability 8.9, VMM: yes, VRAM: 24111 MiB
ggml_backend_cuda_graph_compute: CUDA graph warmup complete
[TIMING ts=20260722-121758] omnivoice.reference.encode_ms 1.369246
[TIMING ts=20260722-121758] omnivoice.encoder.graph.rebuilt 1
[TIMING ts=20260722-121758] omnivoice.session.prompt_ms 2.457968
[TIMING ts=20260722-121758] omnivoice.session.generate_ms 542.863997
[TIMING ts=20260722-121758] omnivoice.generator.graph.rebuilt 1
[TIMING ts=20260722-121758] omnivoice.generator.graph.rebuild_ms 2.480689
[TIMING ts=20260722-121758] omnivoice.session.decode_ms 34.547063
[TIMING ts=20260722-121758] omnivoice.decoder.graph.rebuilt 1
[TIMING ts=20260722-121758] omnivoice.decoder.graph.rebuild_ms 1.402986
[TIMING ts=20260722-121758] omnivoice.session.postprocess_ms 6.811946
[TIMING ts=20260722-121758] session.wall_ms 588.260825
family=omnivoice
task=tts
mode=offline
audio_out=./outputs/single_infer/audiocpp_omnivoice_clone_mdwt_f32_atwt_native_step20.wav
  Completed at: 12:17:58
  Output: ./outputs/single_infer/audiocpp_omnivoice_clone_mdwt_f32_atwt_native_step20.wav

[82/375] weight_type=f32 | audio_tokenizer_weight_type=f32 | steps=20 -> audiocpp_omnivoice_clone_mdwt_f32_atwt_f32_step20.wav
  Started at: 12:17:58
[TRACE ts=20260722-121758] runtime.model.family omnivoice
[TRACE ts=20260722-121758] runtime.model.variant omnivoice
[TRACE ts=20260722-121758] runtime.model.root /home/ipt/kawshik/tts-testing/audio.cpp/models/OmniVoice
[TRACE ts=20260722-121758] runtime.model.discovered_config_count 6
[TRACE ts=20260722-121758] runtime.model.discovered_weight_count 2
[TRACE ts=20260722-121758] runtime.model.task_count 1
[TRACE ts=20260722-121758] runtime.model.language_count 1
[TRACE ts=20260722-121758] runtime.model.supports_speaker_reference 1
[TRACE ts=20260722-121758] runtime.model.supports_style_condition 1
[TRACE ts=20260722-121758] runtime.model.supports_timestamps 0
ggml_cuda_init: found 1 CUDA devices (Total VRAM: 24111 MiB):
  Device 0: NVIDIA GeForce RTX 4090, compute capability 8.9, VMM: yes, VRAM: 24111 MiB
ggml_backend_cuda_graph_compute: CUDA graph warmup complete
[TIMING ts=20260722-121801] omnivoice.reference.encode_ms 1.498814
[TIMING ts=20260722-121801] omnivoice.encoder.graph.rebuilt 1
[TIMING ts=20260722-121801] omnivoice.session.prompt_ms 2.563181
[TIMING ts=20260722-121801] omnivoice.session.generate_ms 547.020431
[TIMING ts=20260722-121801] omnivoice.generator.graph.rebuilt 1
[TIMING ts=20260722-121801] omnivoice.generator.graph.rebuild_ms 2.669687
[TIMING ts=20260722-121801] omnivoice.session.decode_ms 35.747638
[TIMING ts=20260722-121801] omnivoice.decoder.graph.rebuilt 1
[TIMING ts=20260722-121801] omnivoice.decoder.graph.rebuild_ms 2.856151
[TIMING ts=20260722-121801] omnivoice.session.postprocess_ms 6.564662
[TIMING ts=20260722-121801] session.wall_ms 593.616672
family=omnivoice
task=tts
mode=offline
audio_out=./outputs/single_infer/audiocpp_omnivoice_clone_mdwt_f32_atwt_f32_step20.wav
  Completed at: 12:18:01
  Output: ./outputs/single_infer/audiocpp_omnivoice_clone_mdwt_f32_atwt_f32_step20.wav

[83/375] weight_type=f32 | audio_tokenizer_weight_type=f16 | steps=20 -> audiocpp_omnivoice_clone_mdwt_f32_atwt_f16_step20.wav
  Started at: 12:18:01
[TRACE ts=20260722-121802] runtime.model.family omnivoice
[TRACE ts=20260722-121802] runtime.model.variant omnivoice
[TRACE ts=20260722-121802] runtime.model.root /home/ipt/kawshik/tts-testing/audio.cpp/models/OmniVoice
[TRACE ts=20260722-121802] runtime.model.discovered_config_count 6
[TRACE ts=20260722-121802] runtime.model.discovered_weight_count 2
[TRACE ts=20260722-121802] runtime.model.task_count 1
[TRACE ts=20260722-121802] runtime.model.language_count 1
[TRACE ts=20260722-121802] runtime.model.supports_speaker_reference 1
[TRACE ts=20260722-121802] runtime.model.supports_style_condition 1
[TRACE ts=20260722-121802] runtime.model.supports_timestamps 0
ggml_cuda_init: found 1 CUDA devices (Total VRAM: 24111 MiB):
  Device 0: NVIDIA GeForce RTX 4090, compute capability 8.9, VMM: yes, VRAM: 24111 MiB
ggml_backend_cuda_graph_compute: CUDA graph warmup complete
[TIMING ts=20260722-121806] omnivoice.reference.encode_ms 1.748088
[TIMING ts=20260722-121806] omnivoice.encoder.graph.rebuilt 1
[TIMING ts=20260722-121806] omnivoice.session.prompt_ms 2.893532
[TIMING ts=20260722-121806] omnivoice.session.generate_ms 566.024432
[TIMING ts=20260722-121806] omnivoice.generator.graph.rebuilt 1
[TIMING ts=20260722-121806] omnivoice.generator.graph.rebuild_ms 3.832439
[TIMING ts=20260722-121806] omnivoice.session.decode_ms 10.093578
[TIMING ts=20260722-121806] omnivoice.decoder.graph.rebuilt 1
[TIMING ts=20260722-121806] omnivoice.decoder.graph.rebuild_ms 1.66414
[TIMING ts=20260722-121806] omnivoice.session.postprocess_ms 8.155103
[TIMING ts=20260722-121806] session.wall_ms 589.208831
family=omnivoice
task=tts
mode=offline
audio_out=./outputs/single_infer/audiocpp_omnivoice_clone_mdwt_f32_atwt_f16_step20.wav
  Completed at: 12:18:06
  Output: ./outputs/single_infer/audiocpp_omnivoice_clone_mdwt_f32_atwt_f16_step20.wav

[84/375] weight_type=f32 | audio_tokenizer_weight_type=bf16 | steps=20 -> audiocpp_omnivoice_clone_mdwt_f32_atwt_bf16_step20.wav
  Started at: 12:18:06
[TRACE ts=20260722-121807] runtime.model.family omnivoice
[TRACE ts=20260722-121807] runtime.model.variant omnivoice
[TRACE ts=20260722-121807] runtime.model.root /home/ipt/kawshik/tts-testing/audio.cpp/models/OmniVoice
[TRACE ts=20260722-121807] runtime.model.discovered_config_count 6
[TRACE ts=20260722-121807] runtime.model.discovered_weight_count 2
[TRACE ts=20260722-121807] runtime.model.task_count 1
[TRACE ts=20260722-121807] runtime.model.language_count 1
[TRACE ts=20260722-121807] runtime.model.supports_speaker_reference 1
[TRACE ts=20260722-121807] runtime.model.supports_style_condition 1
[TRACE ts=20260722-121807] runtime.model.supports_timestamps 0
ggml_cuda_init: found 1 CUDA devices (Total VRAM: 24111 MiB):
  Device 0: NVIDIA GeForce RTX 4090, compute capability 8.9, VMM: yes, VRAM: 24111 MiB
ggml_backend_cuda_graph_compute: CUDA graph warmup complete
[TIMING ts=20260722-121810] omnivoice.reference.encode_ms 1.713667
[TIMING ts=20260722-121810] omnivoice.encoder.graph.rebuilt 1
[TIMING ts=20260722-121810] omnivoice.session.prompt_ms 4.050841
[TIMING ts=20260722-121810] omnivoice.session.generate_ms 538.022603
[TIMING ts=20260722-121810] omnivoice.generator.graph.rebuilt 1
[TIMING ts=20260722-121810] omnivoice.generator.graph.rebuild_ms 3.529471
[TIMING ts=20260722-121810] omnivoice.session.decode_ms 8.789026
[TIMING ts=20260722-121810] omnivoice.decoder.graph.rebuilt 1
[TIMING ts=20260722-121810] omnivoice.decoder.graph.rebuild_ms 1.379183
[TIMING ts=20260722-121810] omnivoice.session.postprocess_ms 6.897846
[TIMING ts=20260722-121810] session.wall_ms 559.692788
family=omnivoice
task=tts
mode=offline
audio_out=./outputs/single_infer/audiocpp_omnivoice_clone_mdwt_f32_atwt_bf16_step20.wav
  Completed at: 12:18:10
  Output: ./outputs/single_infer/audiocpp_omnivoice_clone_mdwt_f32_atwt_bf16_step20.wav

[85/375] weight_type=f32 | audio_tokenizer_weight_type=q8_0 | steps=20 -> audiocpp_omnivoice_clone_mdwt_f32_atwt_q8_0_step20.wav
  Started at: 12:18:10
[TRACE ts=20260722-121811] runtime.model.family omnivoice
[TRACE ts=20260722-121811] runtime.model.variant omnivoice
[TRACE ts=20260722-121811] runtime.model.root /home/ipt/kawshik/tts-testing/audio.cpp/models/OmniVoice
[TRACE ts=20260722-121811] runtime.model.discovered_config_count 6
[TRACE ts=20260722-121811] runtime.model.discovered_weight_count 2
[TRACE ts=20260722-121811] runtime.model.task_count 1
[TRACE ts=20260722-121811] runtime.model.language_count 1
[TRACE ts=20260722-121811] runtime.model.supports_speaker_reference 1
[TRACE ts=20260722-121811] runtime.model.supports_style_condition 1
[TRACE ts=20260722-121811] runtime.model.supports_timestamps 0
ggml_cuda_init: found 1 CUDA devices (Total VRAM: 24111 MiB):
  Device 0: NVIDIA GeForce RTX 4090, compute capability 8.9, VMM: yes, VRAM: 24111 MiB
ggml_backend_cuda_graph_compute: CUDA graph warmup complete
[TIMING ts=20260722-121815] omnivoice.reference.encode_ms 1.714397
[TIMING ts=20260722-121815] omnivoice.encoder.graph.rebuilt 1
[TIMING ts=20260722-121815] omnivoice.session.prompt_ms 4.11824
[TIMING ts=20260722-121815] omnivoice.session.generate_ms 555.670362
[TIMING ts=20260722-121815] omnivoice.generator.graph.rebuilt 1
[TIMING ts=20260722-121815] omnivoice.generator.graph.rebuild_ms 3.924351
[TIMING ts=20260722-121815] omnivoice.session.decode_ms 50.158763
[TIMING ts=20260722-121815] omnivoice.decoder.graph.rebuilt 1
[TIMING ts=20260722-121815] omnivoice.decoder.graph.rebuild_ms 1.606511
[TIMING ts=20260722-121815] omnivoice.session.postprocess_ms 8.866058
[TIMING ts=20260722-121815] session.wall_ms 620.803585
family=omnivoice
task=tts
mode=offline
audio_out=./outputs/single_infer/audiocpp_omnivoice_clone_mdwt_f32_atwt_q8_0_step20.wav
  Completed at: 12:18:16
  Output: ./outputs/single_infer/audiocpp_omnivoice_clone_mdwt_f32_atwt_q8_0_step20.wav

[86/375] weight_type=f16 | audio_tokenizer_weight_type=native | steps=20 -> audiocpp_omnivoice_clone_mdwt_f16_atwt_native_step20.wav
  Started at: 12:18:16
[TRACE ts=20260722-121816] runtime.model.family omnivoice
[TRACE ts=20260722-121816] runtime.model.variant omnivoice
[TRACE ts=20260722-121816] runtime.model.root /home/ipt/kawshik/tts-testing/audio.cpp/models/OmniVoice
[TRACE ts=20260722-121816] runtime.model.discovered_config_count 6
[TRACE ts=20260722-121816] runtime.model.discovered_weight_count 2
[TRACE ts=20260722-121816] runtime.model.task_count 1
[TRACE ts=20260722-121816] runtime.model.language_count 1
[TRACE ts=20260722-121816] runtime.model.supports_speaker_reference 1
[TRACE ts=20260722-121816] runtime.model.supports_style_condition 1
[TRACE ts=20260722-121816] runtime.model.supports_timestamps 0
ggml_cuda_init: found 1 CUDA devices (Total VRAM: 24111 MiB):
  Device 0: NVIDIA GeForce RTX 4090, compute capability 8.9, VMM: yes, VRAM: 24111 MiB
ggml_backend_cuda_graph_compute: CUDA graph warmup complete
[TIMING ts=20260722-121824] omnivoice.reference.encode_ms 1.388326
[TIMING ts=20260722-121824] omnivoice.encoder.graph.rebuilt 1
[TIMING ts=20260722-121824] omnivoice.session.prompt_ms 2.962123
[TIMING ts=20260722-121824] omnivoice.session.generate_ms 474.78892
[TIMING ts=20260722-121824] omnivoice.generator.graph.rebuilt 1
[TIMING ts=20260722-121824] omnivoice.generator.graph.rebuild_ms 2.841003
[TIMING ts=20260722-121824] omnivoice.session.decode_ms 38.858011
[TIMING ts=20260722-121824] omnivoice.decoder.graph.rebuilt 1
[TIMING ts=20260722-121824] omnivoice.decoder.graph.rebuild_ms 1.617818
[TIMING ts=20260722-121824] omnivoice.session.postprocess_ms 8.245029
[TIMING ts=20260722-121824] session.wall_ms 527.17191
family=omnivoice
task=tts
mode=offline
audio_out=./outputs/single_infer/audiocpp_omnivoice_clone_mdwt_f16_atwt_native_step20.wav
  Completed at: 12:18:24
  Output: ./outputs/single_infer/audiocpp_omnivoice_clone_mdwt_f16_atwt_native_step20.wav

[87/375] weight_type=f16 | audio_tokenizer_weight_type=f32 | steps=20 -> audiocpp_omnivoice_clone_mdwt_f16_atwt_f32_step20.wav
  Started at: 12:18:24
[TRACE ts=20260722-121824] runtime.model.family omnivoice
[TRACE ts=20260722-121824] runtime.model.variant omnivoice
[TRACE ts=20260722-121824] runtime.model.root /home/ipt/kawshik/tts-testing/audio.cpp/models/OmniVoice
[TRACE ts=20260722-121824] runtime.model.discovered_config_count 6
[TRACE ts=20260722-121824] runtime.model.discovered_weight_count 2
[TRACE ts=20260722-121824] runtime.model.task_count 1
[TRACE ts=20260722-121824] runtime.model.language_count 1
[TRACE ts=20260722-121824] runtime.model.supports_speaker_reference 1
[TRACE ts=20260722-121824] runtime.model.supports_style_condition 1
[TRACE ts=20260722-121824] runtime.model.supports_timestamps 0
ggml_cuda_init: found 1 CUDA devices (Total VRAM: 24111 MiB):
  Device 0: NVIDIA GeForce RTX 4090, compute capability 8.9, VMM: yes, VRAM: 24111 MiB
ggml_backend_cuda_graph_compute: CUDA graph warmup complete
[TIMING ts=20260722-121833] omnivoice.reference.encode_ms 1.468716
[TIMING ts=20260722-121833] omnivoice.encoder.graph.rebuilt 1
[TIMING ts=20260722-121833] omnivoice.session.prompt_ms 2.236532
[TIMING ts=20260722-121833] omnivoice.session.generate_ms 485.667883
[TIMING ts=20260722-121833] omnivoice.generator.graph.rebuilt 1
[TIMING ts=20260722-121833] omnivoice.generator.graph.rebuild_ms 2.790714
[TIMING ts=20260722-121833] omnivoice.session.decode_ms 33.933264
[TIMING ts=20260722-121833] omnivoice.decoder.graph.rebuilt 1
[TIMING ts=20260722-121833] omnivoice.decoder.graph.rebuild_ms 1.386154
[TIMING ts=20260722-121833] omnivoice.session.postprocess_ms 6.973537
[TIMING ts=20260722-121833] session.wall_ms 530.493285
family=omnivoice
task=tts
mode=offline
audio_out=./outputs/single_infer/audiocpp_omnivoice_clone_mdwt_f16_atwt_f32_step20.wav
  Completed at: 12:18:33
  Output: ./outputs/single_infer/audiocpp_omnivoice_clone_mdwt_f16_atwt_f32_step20.wav

[88/375] weight_type=f16 | audio_tokenizer_weight_type=f16 | steps=20 -> audiocpp_omnivoice_clone_mdwt_f16_atwt_f16_step20.wav
  Started at: 12:18:33
[TRACE ts=20260722-121833] runtime.model.family omnivoice
[TRACE ts=20260722-121833] runtime.model.variant omnivoice
[TRACE ts=20260722-121833] runtime.model.root /home/ipt/kawshik/tts-testing/audio.cpp/models/OmniVoice
[TRACE ts=20260722-121833] runtime.model.discovered_config_count 6
[TRACE ts=20260722-121833] runtime.model.discovered_weight_count 2
[TRACE ts=20260722-121833] runtime.model.task_count 1
[TRACE ts=20260722-121833] runtime.model.language_count 1
[TRACE ts=20260722-121833] runtime.model.supports_speaker_reference 1
[TRACE ts=20260722-121833] runtime.model.supports_style_condition 1
[TRACE ts=20260722-121833] runtime.model.supports_timestamps 0
ggml_cuda_init: found 1 CUDA devices (Total VRAM: 24111 MiB):
  Device 0: NVIDIA GeForce RTX 4090, compute capability 8.9, VMM: yes, VRAM: 24111 MiB
ggml_backend_cuda_graph_compute: CUDA graph warmup complete
[TIMING ts=20260722-121843] omnivoice.reference.encode_ms 1.411831
[TIMING ts=20260722-121843] omnivoice.encoder.graph.rebuilt 1
[TIMING ts=20260722-121843] omnivoice.session.prompt_ms 2.790003
[TIMING ts=20260722-121843] omnivoice.session.generate_ms 432.328803
[TIMING ts=20260722-121843] omnivoice.generator.graph.rebuilt 1
[TIMING ts=20260722-121843] omnivoice.generator.graph.rebuild_ms 3.271506
[TIMING ts=20260722-121843] omnivoice.session.decode_ms 8.927698
[TIMING ts=20260722-121843] omnivoice.decoder.graph.rebuilt 1
[TIMING ts=20260722-121843] omnivoice.decoder.graph.rebuild_ms 1.405408
[TIMING ts=20260722-121843] omnivoice.session.postprocess_ms 7.009246
[TIMING ts=20260722-121843] session.wall_ms 452.677182
family=omnivoice
task=tts
mode=offline
audio_out=./outputs/single_infer/audiocpp_omnivoice_clone_mdwt_f16_atwt_f16_step20.wav
  Completed at: 12:18:43
  Output: ./outputs/single_infer/audiocpp_omnivoice_clone_mdwt_f16_atwt_f16_step20.wav

[89/375] weight_type=f16 | audio_tokenizer_weight_type=bf16 | steps=20 -> audiocpp_omnivoice_clone_mdwt_f16_atwt_bf16_step20.wav
  Started at: 12:18:43
[TRACE ts=20260722-121843] runtime.model.family omnivoice
[TRACE ts=20260722-121843] runtime.model.variant omnivoice
[TRACE ts=20260722-121843] runtime.model.root /home/ipt/kawshik/tts-testing/audio.cpp/models/OmniVoice
[TRACE ts=20260722-121843] runtime.model.discovered_config_count 6
[TRACE ts=20260722-121843] runtime.model.discovered_weight_count 2
[TRACE ts=20260722-121843] runtime.model.task_count 1
[TRACE ts=20260722-121843] runtime.model.language_count 1
[TRACE ts=20260722-121843] runtime.model.supports_speaker_reference 1
[TRACE ts=20260722-121843] runtime.model.supports_style_condition 1
[TRACE ts=20260722-121843] runtime.model.supports_timestamps 0
ggml_cuda_init: found 1 CUDA devices (Total VRAM: 24111 MiB):
  Device 0: NVIDIA GeForce RTX 4090, compute capability 8.9, VMM: yes, VRAM: 24111 MiB
ggml_backend_cuda_graph_compute: CUDA graph warmup complete
[TIMING ts=20260722-121852] omnivoice.reference.encode_ms 1.4986
[TIMING ts=20260722-121852] omnivoice.encoder.graph.rebuilt 1
[TIMING ts=20260722-121852] omnivoice.session.prompt_ms 7.158244
[TIMING ts=20260722-121852] omnivoice.session.generate_ms 436.475924
[TIMING ts=20260722-121852] omnivoice.generator.graph.rebuilt 1
[TIMING ts=20260722-121852] omnivoice.generator.graph.rebuild_ms 6.19374
[TIMING ts=20260722-121852] omnivoice.session.decode_ms 9.448985
[TIMING ts=20260722-121852] omnivoice.decoder.graph.rebuilt 1
[TIMING ts=20260722-121852] omnivoice.decoder.graph.rebuild_ms 1.457873
[TIMING ts=20260722-121852] omnivoice.session.postprocess_ms 6.950359
[TIMING ts=20260722-121852] session.wall_ms 461.749316
family=omnivoice
task=tts
mode=offline
audio_out=./outputs/single_infer/audiocpp_omnivoice_clone_mdwt_f16_atwt_bf16_step20.wav
  Completed at: 12:18:53
  Output: ./outputs/single_infer/audiocpp_omnivoice_clone_mdwt_f16_atwt_bf16_step20.wav

[90/375] weight_type=f16 | audio_tokenizer_weight_type=q8_0 | steps=20 -> audiocpp_omnivoice_clone_mdwt_f16_atwt_q8_0_step20.wav
  Started at: 12:18:53
[TRACE ts=20260722-121853] runtime.model.family omnivoice
[TRACE ts=20260722-121853] runtime.model.variant omnivoice
[TRACE ts=20260722-121853] runtime.model.root /home/ipt/kawshik/tts-testing/audio.cpp/models/OmniVoice
[TRACE ts=20260722-121853] runtime.model.discovered_config_count 6
[TRACE ts=20260722-121853] runtime.model.discovered_weight_count 2
[TRACE ts=20260722-121853] runtime.model.task_count 1
[TRACE ts=20260722-121853] runtime.model.language_count 1
[TRACE ts=20260722-121853] runtime.model.supports_speaker_reference 1
[TRACE ts=20260722-121853] runtime.model.supports_style_condition 1
[TRACE ts=20260722-121853] runtime.model.supports_timestamps 0
ggml_cuda_init: found 1 CUDA devices (Total VRAM: 24111 MiB):
  Device 0: NVIDIA GeForce RTX 4090, compute capability 8.9, VMM: yes, VRAM: 24111 MiB
ggml_backend_cuda_graph_compute: CUDA graph warmup complete
[TIMING ts=20260722-121902] omnivoice.reference.encode_ms 1.360214
[TIMING ts=20260722-121902] omnivoice.encoder.graph.rebuilt 1
[TIMING ts=20260722-121902] omnivoice.session.prompt_ms 3.273957
[TIMING ts=20260722-121902] omnivoice.session.generate_ms 430.071092
[TIMING ts=20260722-121902] omnivoice.generator.graph.rebuilt 1
[TIMING ts=20260722-121902] omnivoice.generator.graph.rebuild_ms 3.147754
[TIMING ts=20260722-121902] omnivoice.session.decode_ms 50.05302
[TIMING ts=20260722-121902] omnivoice.decoder.graph.rebuilt 1
[TIMING ts=20260722-121902] omnivoice.decoder.graph.rebuild_ms 1.565272
[TIMING ts=20260722-121902] omnivoice.session.postprocess_ms 8.824385
[TIMING ts=20260722-121902] session.wall_ms 493.833163
family=omnivoice
task=tts
mode=offline
audio_out=./outputs/single_infer/audiocpp_omnivoice_clone_mdwt_f16_atwt_q8_0_step20.wav
  Completed at: 12:19:02
  Output: ./outputs/single_infer/audiocpp_omnivoice_clone_mdwt_f16_atwt_q8_0_step20.wav

[91/375] weight_type=bf16 | audio_tokenizer_weight_type=native | steps=20 -> audiocpp_omnivoice_clone_mdwt_bf16_atwt_native_step20.wav
  Started at: 12:19:02
[TRACE ts=20260722-121903] runtime.model.family omnivoice
[TRACE ts=20260722-121903] runtime.model.variant omnivoice
[TRACE ts=20260722-121903] runtime.model.root /home/ipt/kawshik/tts-testing/audio.cpp/models/OmniVoice
[TRACE ts=20260722-121903] runtime.model.discovered_config_count 6
[TRACE ts=20260722-121903] runtime.model.discovered_weight_count 2
[TRACE ts=20260722-121903] runtime.model.task_count 1
[TRACE ts=20260722-121903] runtime.model.language_count 1
[TRACE ts=20260722-121903] runtime.model.supports_speaker_reference 1
[TRACE ts=20260722-121903] runtime.model.supports_style_condition 1
[TRACE ts=20260722-121903] runtime.model.supports_timestamps 0
ggml_cuda_init: found 1 CUDA devices (Total VRAM: 24111 MiB):
  Device 0: NVIDIA GeForce RTX 4090, compute capability 8.9, VMM: yes, VRAM: 24111 MiB
ggml_backend_cuda_graph_compute: CUDA graph warmup complete
[TIMING ts=20260722-121910] omnivoice.reference.encode_ms 1.51931
[TIMING ts=20260722-121910] omnivoice.encoder.graph.rebuilt 1
[TIMING ts=20260722-121910] omnivoice.session.prompt_ms 3.639806
[TIMING ts=20260722-121910] omnivoice.session.generate_ms 591.731724
[TIMING ts=20260722-121910] omnivoice.generator.graph.rebuilt 1
[TIMING ts=20260722-121910] omnivoice.generator.graph.rebuild_ms 3.098685
[TIMING ts=20260722-121910] omnivoice.session.decode_ms 36.255314
[TIMING ts=20260722-121910] omnivoice.decoder.graph.rebuilt 1
[TIMING ts=20260722-121910] omnivoice.decoder.graph.rebuild_ms 1.337246
[TIMING ts=20260722-121910] omnivoice.session.postprocess_ms 7.580474
[TIMING ts=20260722-121910] session.wall_ms 640.93824
family=omnivoice
task=tts
mode=offline
audio_out=./outputs/single_infer/audiocpp_omnivoice_clone_mdwt_bf16_atwt_native_step20.wav
  Completed at: 12:19:10
  Output: ./outputs/single_infer/audiocpp_omnivoice_clone_mdwt_bf16_atwt_native_step20.wav

[92/375] weight_type=bf16 | audio_tokenizer_weight_type=f32 | steps=20 -> audiocpp_omnivoice_clone_mdwt_bf16_atwt_f32_step20.wav
  Started at: 12:19:10
[TRACE ts=20260722-121911] runtime.model.family omnivoice
[TRACE ts=20260722-121911] runtime.model.variant omnivoice
[TRACE ts=20260722-121911] runtime.model.root /home/ipt/kawshik/tts-testing/audio.cpp/models/OmniVoice
[TRACE ts=20260722-121911] runtime.model.discovered_config_count 6
[TRACE ts=20260722-121911] runtime.model.discovered_weight_count 2
[TRACE ts=20260722-121911] runtime.model.task_count 1
[TRACE ts=20260722-121911] runtime.model.language_count 1
[TRACE ts=20260722-121911] runtime.model.supports_speaker_reference 1
[TRACE ts=20260722-121911] runtime.model.supports_style_condition 1
[TRACE ts=20260722-121911] runtime.model.supports_timestamps 0
ggml_cuda_init: found 1 CUDA devices (Total VRAM: 24111 MiB):
  Device 0: NVIDIA GeForce RTX 4090, compute capability 8.9, VMM: yes, VRAM: 24111 MiB
ggml_backend_cuda_graph_compute: CUDA graph warmup complete
[TIMING ts=20260722-121917] omnivoice.reference.encode_ms 1.716821
[TIMING ts=20260722-121917] omnivoice.encoder.graph.rebuilt 1
[TIMING ts=20260722-121917] omnivoice.session.prompt_ms 2.847303
[TIMING ts=20260722-121917] omnivoice.session.generate_ms 612.73582
[TIMING ts=20260722-121917] omnivoice.generator.graph.rebuilt 1
[TIMING ts=20260722-121917] omnivoice.generator.graph.rebuild_ms 3.327933
[TIMING ts=20260722-121917] omnivoice.session.decode_ms 36.340797
[TIMING ts=20260722-121917] omnivoice.decoder.graph.rebuilt 1
[TIMING ts=20260722-121917] omnivoice.decoder.graph.rebuild_ms 1.349834
[TIMING ts=20260722-121917] omnivoice.session.postprocess_ms 6.996239
[TIMING ts=20260722-121917] session.wall_ms 660.863795
family=omnivoice
task=tts
mode=offline
audio_out=./outputs/single_infer/audiocpp_omnivoice_clone_mdwt_bf16_atwt_f32_step20.wav
  Completed at: 12:19:18
  Output: ./outputs/single_infer/audiocpp_omnivoice_clone_mdwt_bf16_atwt_f32_step20.wav

[93/375] weight_type=bf16 | audio_tokenizer_weight_type=f16 | steps=20 -> audiocpp_omnivoice_clone_mdwt_bf16_atwt_f16_step20.wav
  Started at: 12:19:18
[TRACE ts=20260722-121918] runtime.model.family omnivoice
[TRACE ts=20260722-121918] runtime.model.variant omnivoice
[TRACE ts=20260722-121918] runtime.model.root /home/ipt/kawshik/tts-testing/audio.cpp/models/OmniVoice
[TRACE ts=20260722-121918] runtime.model.discovered_config_count 6
[TRACE ts=20260722-121918] runtime.model.discovered_weight_count 2
[TRACE ts=20260722-121918] runtime.model.task_count 1
[TRACE ts=20260722-121918] runtime.model.language_count 1
[TRACE ts=20260722-121918] runtime.model.supports_speaker_reference 1
[TRACE ts=20260722-121918] runtime.model.supports_style_condition 1
[TRACE ts=20260722-121918] runtime.model.supports_timestamps 0
ggml_cuda_init: found 1 CUDA devices (Total VRAM: 24111 MiB):
  Device 0: NVIDIA GeForce RTX 4090, compute capability 8.9, VMM: yes, VRAM: 24111 MiB
ggml_backend_cuda_graph_compute: CUDA graph warmup complete
[TIMING ts=20260722-121926] omnivoice.reference.encode_ms 1.354172
[TIMING ts=20260722-121926] omnivoice.encoder.graph.rebuilt 1
[TIMING ts=20260722-121926] omnivoice.session.prompt_ms 2.81486
[TIMING ts=20260722-121926] omnivoice.session.generate_ms 615.711433
[TIMING ts=20260722-121926] omnivoice.generator.graph.rebuilt 1
[TIMING ts=20260722-121926] omnivoice.generator.graph.rebuild_ms 3.292926
[TIMING ts=20260722-121926] omnivoice.session.decode_ms 8.968245
[TIMING ts=20260722-121926] omnivoice.decoder.graph.rebuilt 1
[TIMING ts=20260722-121926] omnivoice.decoder.graph.rebuild_ms 1.386762
[TIMING ts=20260722-121926] omnivoice.session.postprocess_ms 6.943773
[TIMING ts=20260722-121926] session.wall_ms 636.00629
family=omnivoice
task=tts
mode=offline
audio_out=./outputs/single_infer/audiocpp_omnivoice_clone_mdwt_bf16_atwt_f16_step20.wav
  Completed at: 12:19:26
  Output: ./outputs/single_infer/audiocpp_omnivoice_clone_mdwt_bf16_atwt_f16_step20.wav

[94/375] weight_type=bf16 | audio_tokenizer_weight_type=bf16 | steps=20 -> audiocpp_omnivoice_clone_mdwt_bf16_atwt_bf16_step20.wav
  Started at: 12:19:26
[TRACE ts=20260722-121926] runtime.model.family omnivoice
[TRACE ts=20260722-121926] runtime.model.variant omnivoice
[TRACE ts=20260722-121926] runtime.model.root /home/ipt/kawshik/tts-testing/audio.cpp/models/OmniVoice
[TRACE ts=20260722-121926] runtime.model.discovered_config_count 6
[TRACE ts=20260722-121926] runtime.model.discovered_weight_count 2
[TRACE ts=20260722-121926] runtime.model.task_count 1
[TRACE ts=20260722-121926] runtime.model.language_count 1
[TRACE ts=20260722-121926] runtime.model.supports_speaker_reference 1
[TRACE ts=20260722-121926] runtime.model.supports_style_condition 1
[TRACE ts=20260722-121926] runtime.model.supports_timestamps 0
ggml_cuda_init: found 1 CUDA devices (Total VRAM: 24111 MiB):
  Device 0: NVIDIA GeForce RTX 4090, compute capability 8.9, VMM: yes, VRAM: 24111 MiB
ggml_backend_cuda_graph_compute: CUDA graph warmup complete
[TIMING ts=20260722-121934] omnivoice.reference.encode_ms 1.459277
[TIMING ts=20260722-121934] omnivoice.encoder.graph.rebuilt 1
[TIMING ts=20260722-121934] omnivoice.session.prompt_ms 3.573185
[TIMING ts=20260722-121934] omnivoice.session.generate_ms 483.908335
[TIMING ts=20260722-121934] omnivoice.generator.graph.rebuilt 1
[TIMING ts=20260722-121934] omnivoice.generator.graph.rebuild_ms 3.174739
[TIMING ts=20260722-121934] omnivoice.session.decode_ms 9.632487
[TIMING ts=20260722-121934] omnivoice.decoder.graph.rebuilt 1
[TIMING ts=20260722-121934] omnivoice.decoder.graph.rebuild_ms 1.474604
[TIMING ts=20260722-121934] omnivoice.session.postprocess_ms 8.010196
[TIMING ts=20260722-121934] session.wall_ms 506.819529
family=omnivoice
task=tts
mode=offline
audio_out=./outputs/single_infer/audiocpp_omnivoice_clone_mdwt_bf16_atwt_bf16_step20.wav
  Completed at: 12:19:34
  Output: ./outputs/single_infer/audiocpp_omnivoice_clone_mdwt_bf16_atwt_bf16_step20.wav

[95/375] weight_type=bf16 | audio_tokenizer_weight_type=q8_0 | steps=20 -> audiocpp_omnivoice_clone_mdwt_bf16_atwt_q8_0_step20.wav
  Started at: 12:19:34
[TRACE ts=20260722-121934] runtime.model.family omnivoice
[TRACE ts=20260722-121934] runtime.model.variant omnivoice
[TRACE ts=20260722-121934] runtime.model.root /home/ipt/kawshik/tts-testing/audio.cpp/models/OmniVoice
[TRACE ts=20260722-121934] runtime.model.discovered_config_count 6
[TRACE ts=20260722-121934] runtime.model.discovered_weight_count 2
[TRACE ts=20260722-121934] runtime.model.task_count 1
[TRACE ts=20260722-121934] runtime.model.language_count 1
[TRACE ts=20260722-121934] runtime.model.supports_speaker_reference 1
[TRACE ts=20260722-121934] runtime.model.supports_style_condition 1
[TRACE ts=20260722-121934] runtime.model.supports_timestamps 0
ggml_cuda_init: found 1 CUDA devices (Total VRAM: 24111 MiB):
  Device 0: NVIDIA GeForce RTX 4090, compute capability 8.9, VMM: yes, VRAM: 24111 MiB
ggml_backend_cuda_graph_compute: CUDA graph warmup complete
[TIMING ts=20260722-121943] omnivoice.reference.encode_ms 1.499024
[TIMING ts=20260722-121943] omnivoice.encoder.graph.rebuilt 1
[TIMING ts=20260722-121943] omnivoice.session.prompt_ms 3.628514
[TIMING ts=20260722-121943] omnivoice.session.generate_ms 623.580943
[TIMING ts=20260722-121943] omnivoice.generator.graph.rebuilt 1
[TIMING ts=20260722-121943] omnivoice.generator.graph.rebuild_ms 3.450907
[TIMING ts=20260722-121943] omnivoice.session.decode_ms 52.033457
[TIMING ts=20260722-121943] omnivoice.decoder.graph.rebuilt 1
[TIMING ts=20260722-121943] omnivoice.decoder.graph.rebuild_ms 1.512739
[TIMING ts=20260722-121943] omnivoice.session.postprocess_ms 8.820116
[TIMING ts=20260722-121943] session.wall_ms 689.787049
family=omnivoice
task=tts
mode=offline
audio_out=./outputs/single_infer/audiocpp_omnivoice_clone_mdwt_bf16_atwt_q8_0_step20.wav
  Completed at: 12:19:43
  Output: ./outputs/single_infer/audiocpp_omnivoice_clone_mdwt_bf16_atwt_q8_0_step20.wav

[96/375] weight_type=q8_0 | audio_tokenizer_weight_type=native | steps=20 -> audiocpp_omnivoice_clone_mdwt_q8_0_atwt_native_step20.wav
  Started at: 12:19:43
[TRACE ts=20260722-121943] runtime.model.family omnivoice
[TRACE ts=20260722-121943] runtime.model.variant omnivoice
[TRACE ts=20260722-121943] runtime.model.root /home/ipt/kawshik/tts-testing/audio.cpp/models/OmniVoice
[TRACE ts=20260722-121943] runtime.model.discovered_config_count 6
[TRACE ts=20260722-121943] runtime.model.discovered_weight_count 2
[TRACE ts=20260722-121943] runtime.model.task_count 1
[TRACE ts=20260722-121943] runtime.model.language_count 1
[TRACE ts=20260722-121943] runtime.model.supports_speaker_reference 1
[TRACE ts=20260722-121943] runtime.model.supports_style_condition 1
[TRACE ts=20260722-121943] runtime.model.supports_timestamps 0
ggml_cuda_init: found 1 CUDA devices (Total VRAM: 24111 MiB):
  Device 0: NVIDIA GeForce RTX 4090, compute capability 8.9, VMM: yes, VRAM: 24111 MiB
ggml_backend_cuda_graph_compute: CUDA graph warmup complete
[TIMING ts=20260722-121952] omnivoice.reference.encode_ms 1.31434
[TIMING ts=20260722-121952] omnivoice.encoder.graph.rebuilt 1
[TIMING ts=20260722-121952] omnivoice.session.prompt_ms 2.481388
[TIMING ts=20260722-121952] omnivoice.session.generate_ms 497.96336
[TIMING ts=20260722-121952] omnivoice.generator.graph.rebuilt 1
[TIMING ts=20260722-121952] omnivoice.generator.graph.rebuild_ms 2.860705
[TIMING ts=20260722-121952] omnivoice.session.decode_ms 32.6465
[TIMING ts=20260722-121952] omnivoice.decoder.graph.rebuilt 1
[TIMING ts=20260722-121952] omnivoice.decoder.graph.rebuild_ms 1.437828
[TIMING ts=20260722-121952] omnivoice.session.postprocess_ms 6.917493
[TIMING ts=20260722-121952] session.wall_ms 541.558421
family=omnivoice
task=tts
mode=offline
audio_out=./outputs/single_infer/audiocpp_omnivoice_clone_mdwt_q8_0_atwt_native_step20.wav
  Completed at: 12:19:53
  Output: ./outputs/single_infer/audiocpp_omnivoice_clone_mdwt_q8_0_atwt_native_step20.wav

[97/375] weight_type=q8_0 | audio_tokenizer_weight_type=f32 | steps=20 -> audiocpp_omnivoice_clone_mdwt_q8_0_atwt_f32_step20.wav
  Started at: 12:19:53
[TRACE ts=20260722-121953] runtime.model.family omnivoice
[TRACE ts=20260722-121953] runtime.model.variant omnivoice
[TRACE ts=20260722-121953] runtime.model.root /home/ipt/kawshik/tts-testing/audio.cpp/models/OmniVoice
[TRACE ts=20260722-121953] runtime.model.discovered_config_count 6
[TRACE ts=20260722-121953] runtime.model.discovered_weight_count 2
[TRACE ts=20260722-121953] runtime.model.task_count 1
[TRACE ts=20260722-121953] runtime.model.language_count 1
[TRACE ts=20260722-121953] runtime.model.supports_speaker_reference 1
[TRACE ts=20260722-121953] runtime.model.supports_style_condition 1
[TRACE ts=20260722-121953] runtime.model.supports_timestamps 0
ggml_cuda_init: found 1 CUDA devices (Total VRAM: 24111 MiB):
  Device 0: NVIDIA GeForce RTX 4090, compute capability 8.9, VMM: yes, VRAM: 24111 MiB
ggml_backend_cuda_graph_compute: CUDA graph warmup complete
[TIMING ts=20260722-122002] omnivoice.reference.encode_ms 1.483915
[TIMING ts=20260722-122002] omnivoice.encoder.graph.rebuilt 1
[TIMING ts=20260722-122002] omnivoice.session.prompt_ms 2.405675
[TIMING ts=20260722-122002] omnivoice.session.generate_ms 497.31372
[TIMING ts=20260722-122002] omnivoice.generator.graph.rebuilt 1
[TIMING ts=20260722-122002] omnivoice.generator.graph.rebuild_ms 2.829203
[TIMING ts=20260722-122002] omnivoice.session.decode_ms 33.883823
[TIMING ts=20260722-122002] omnivoice.decoder.graph.rebuilt 1
[TIMING ts=20260722-122002] omnivoice.decoder.graph.rebuild_ms 1.5157
[TIMING ts=20260722-122002] omnivoice.session.postprocess_ms 7.387058
[TIMING ts=20260722-122002] session.wall_ms 542.695093
family=omnivoice
task=tts
mode=offline
audio_out=./outputs/single_infer/audiocpp_omnivoice_clone_mdwt_q8_0_atwt_f32_step20.wav
  Completed at: 12:20:02
  Output: ./outputs/single_infer/audiocpp_omnivoice_clone_mdwt_q8_0_atwt_f32_step20.wav

[98/375] weight_type=q8_0 | audio_tokenizer_weight_type=f16 | steps=20 -> audiocpp_omnivoice_clone_mdwt_q8_0_atwt_f16_step20.wav
  Started at: 12:20:02
[TRACE ts=20260722-122002] runtime.model.family omnivoice
[TRACE ts=20260722-122002] runtime.model.variant omnivoice
[TRACE ts=20260722-122002] runtime.model.root /home/ipt/kawshik/tts-testing/audio.cpp/models/OmniVoice
[TRACE ts=20260722-122002] runtime.model.discovered_config_count 6
[TRACE ts=20260722-122002] runtime.model.discovered_weight_count 2
[TRACE ts=20260722-122002] runtime.model.task_count 1
[TRACE ts=20260722-122002] runtime.model.language_count 1
[TRACE ts=20260722-122002] runtime.model.supports_speaker_reference 1
[TRACE ts=20260722-122002] runtime.model.supports_style_condition 1
[TRACE ts=20260722-122002] runtime.model.supports_timestamps 0
ggml_cuda_init: found 1 CUDA devices (Total VRAM: 24111 MiB):
  Device 0: NVIDIA GeForce RTX 4090, compute capability 8.9, VMM: yes, VRAM: 24111 MiB
ggml_backend_cuda_graph_compute: CUDA graph warmup complete
[TIMING ts=20260722-122013] omnivoice.reference.encode_ms 1.546908
[TIMING ts=20260722-122013] omnivoice.encoder.graph.rebuilt 1
[TIMING ts=20260722-122013] omnivoice.session.prompt_ms 6.973462
[TIMING ts=20260722-122013] omnivoice.session.generate_ms 452.739161
[TIMING ts=20260722-122013] omnivoice.generator.graph.rebuilt 1
[TIMING ts=20260722-122013] omnivoice.generator.graph.rebuild_ms 3.420432
[TIMING ts=20260722-122013] omnivoice.session.decode_ms 9.464527
[TIMING ts=20260722-122013] omnivoice.decoder.graph.rebuilt 1
[TIMING ts=20260722-122013] omnivoice.decoder.graph.rebuild_ms 1.43914
[TIMING ts=20260722-122013] omnivoice.session.postprocess_ms 6.731483
[TIMING ts=20260722-122013] session.wall_ms 477.683325
family=omnivoice
task=tts
mode=offline
audio_out=./outputs/single_infer/audiocpp_omnivoice_clone_mdwt_q8_0_atwt_f16_step20.wav
  Completed at: 12:20:13
  Output: ./outputs/single_infer/audiocpp_omnivoice_clone_mdwt_q8_0_atwt_f16_step20.wav

[99/375] weight_type=q8_0 | audio_tokenizer_weight_type=bf16 | steps=20 -> audiocpp_omnivoice_clone_mdwt_q8_0_atwt_bf16_step20.wav
  Started at: 12:20:13
[TRACE ts=20260722-122013] runtime.model.family omnivoice
[TRACE ts=20260722-122013] runtime.model.variant omnivoice
[TRACE ts=20260722-122013] runtime.model.root /home/ipt/kawshik/tts-testing/audio.cpp/models/OmniVoice
[TRACE ts=20260722-122013] runtime.model.discovered_config_count 6
[TRACE ts=20260722-122013] runtime.model.discovered_weight_count 2
[TRACE ts=20260722-122013] runtime.model.task_count 1
[TRACE ts=20260722-122013] runtime.model.language_count 1
[TRACE ts=20260722-122013] runtime.model.supports_speaker_reference 1
[TRACE ts=20260722-122013] runtime.model.supports_style_condition 1
[TRACE ts=20260722-122013] runtime.model.supports_timestamps 0
ggml_cuda_init: found 1 CUDA devices (Total VRAM: 24111 MiB):
  Device 0: NVIDIA GeForce RTX 4090, compute capability 8.9, VMM: yes, VRAM: 24111 MiB
ggml_backend_cuda_graph_compute: CUDA graph warmup complete
[TIMING ts=20260722-122023] omnivoice.reference.encode_ms 1.7169
[TIMING ts=20260722-122023] omnivoice.encoder.graph.rebuilt 1
[TIMING ts=20260722-122023] omnivoice.session.prompt_ms 3.982079
[TIMING ts=20260722-122023] omnivoice.session.generate_ms 457.797957
[TIMING ts=20260722-122023] omnivoice.generator.graph.rebuilt 1
[TIMING ts=20260722-122023] omnivoice.generator.graph.rebuild_ms 3.903188
[TIMING ts=20260722-122023] omnivoice.session.decode_ms 9.179499
[TIMING ts=20260722-122023] omnivoice.decoder.graph.rebuilt 1
[TIMING ts=20260722-122023] omnivoice.decoder.graph.rebuild_ms 1.356538
[TIMING ts=20260722-122023] omnivoice.session.postprocess_ms 7.011856
[TIMING ts=20260722-122023] session.wall_ms 480.728626
family=omnivoice
task=tts
mode=offline
audio_out=./outputs/single_infer/audiocpp_omnivoice_clone_mdwt_q8_0_atwt_bf16_step20.wav
  Completed at: 12:20:23
  Output: ./outputs/single_infer/audiocpp_omnivoice_clone_mdwt_q8_0_atwt_bf16_step20.wav

[100/375] weight_type=q8_0 | audio_tokenizer_weight_type=q8_0 | steps=20 -> audiocpp_omnivoice_clone_mdwt_q8_0_atwt_q8_0_step20.wav
  Started at: 12:20:23
[TRACE ts=20260722-122023] runtime.model.family omnivoice
[TRACE ts=20260722-122023] runtime.model.variant omnivoice
[TRACE ts=20260722-122023] runtime.model.root /home/ipt/kawshik/tts-testing/audio.cpp/models/OmniVoice
[TRACE ts=20260722-122023] runtime.model.discovered_config_count 6
[TRACE ts=20260722-122023] runtime.model.discovered_weight_count 2
[TRACE ts=20260722-122023] runtime.model.task_count 1
[TRACE ts=20260722-122023] runtime.model.language_count 1
[TRACE ts=20260722-122023] runtime.model.supports_speaker_reference 1
[TRACE ts=20260722-122023] runtime.model.supports_style_condition 1
[TRACE ts=20260722-122023] runtime.model.supports_timestamps 0
ggml_cuda_init: found 1 CUDA devices (Total VRAM: 24111 MiB):
  Device 0: NVIDIA GeForce RTX 4090, compute capability 8.9, VMM: yes, VRAM: 24111 MiB
ggml_backend_cuda_graph_compute: CUDA graph warmup complete
[TIMING ts=20260722-122034] omnivoice.reference.encode_ms 1.523405
[TIMING ts=20260722-122034] omnivoice.encoder.graph.rebuilt 1
[TIMING ts=20260722-122034] omnivoice.session.prompt_ms 3.63846
[TIMING ts=20260722-122034] omnivoice.session.generate_ms 446.457406
[TIMING ts=20260722-122034] omnivoice.generator.graph.rebuilt 1
[TIMING ts=20260722-122034] omnivoice.generator.graph.rebuild_ms 3.343083
[TIMING ts=20260722-122034] omnivoice.session.decode_ms 47.485556
[TIMING ts=20260722-122034] omnivoice.decoder.graph.rebuilt 1
[TIMING ts=20260722-122034] omnivoice.decoder.graph.rebuild_ms 1.656796
[TIMING ts=20260722-122034] omnivoice.session.postprocess_ms 8.036421
[TIMING ts=20260722-122034] session.wall_ms 507.369235
family=omnivoice
task=tts
mode=offline
audio_out=./outputs/single_infer/audiocpp_omnivoice_clone_mdwt_q8_0_atwt_q8_0_step20.wav
  Completed at: 12:20:34
  Output: ./outputs/single_infer/audiocpp_omnivoice_clone_mdwt_q8_0_atwt_q8_0_step20.wav

[101/375] weight_type=native | audio_tokenizer_weight_type=native | steps=24 -> audiocpp_omnivoice_clone_mdwt_native_atwt_native_step24.wav
  Started at: 12:20:34
[TRACE ts=20260722-122034] runtime.model.family omnivoice
[TRACE ts=20260722-122034] runtime.model.variant omnivoice
[TRACE ts=20260722-122034] runtime.model.root /home/ipt/kawshik/tts-testing/audio.cpp/models/OmniVoice
[TRACE ts=20260722-122034] runtime.model.discovered_config_count 6
[TRACE ts=20260722-122034] runtime.model.discovered_weight_count 2
[TRACE ts=20260722-122034] runtime.model.task_count 1
[TRACE ts=20260722-122034] runtime.model.language_count 1
[TRACE ts=20260722-122034] runtime.model.supports_speaker_reference 1
[TRACE ts=20260722-122034] runtime.model.supports_style_condition 1
[TRACE ts=20260722-122034] runtime.model.supports_timestamps 0
ggml_cuda_init: found 1 CUDA devices (Total VRAM: 24111 MiB):
  Device 0: NVIDIA GeForce RTX 4090, compute capability 8.9, VMM: yes, VRAM: 24111 MiB
ggml_backend_cuda_graph_compute: CUDA graph warmup complete
[TIMING ts=20260722-122038] omnivoice.reference.encode_ms 1.694252
[TIMING ts=20260722-122038] omnivoice.encoder.graph.rebuilt 1
[TIMING ts=20260722-122038] omnivoice.session.prompt_ms 2.747851
[TIMING ts=20260722-122038] omnivoice.session.generate_ms 662.793477
[TIMING ts=20260722-122038] omnivoice.generator.graph.rebuilt 1
[TIMING ts=20260722-122038] omnivoice.generator.graph.rebuild_ms 2.993799
[TIMING ts=20260722-122038] omnivoice.session.decode_ms 38.453074
[TIMING ts=20260722-122038] omnivoice.decoder.graph.rebuilt 1
[TIMING ts=20260722-122038] omnivoice.decoder.graph.rebuild_ms 1.530856
[TIMING ts=20260722-122038] omnivoice.session.postprocess_ms 7.854942
[TIMING ts=20260722-122038] session.wall_ms 713.808344
family=omnivoice
task=tts
mode=offline
audio_out=./outputs/single_infer/audiocpp_omnivoice_clone_mdwt_native_atwt_native_step24.wav
  Completed at: 12:20:38
  Output: ./outputs/single_infer/audiocpp_omnivoice_clone_mdwt_native_atwt_native_step24.wav

[102/375] weight_type=native | audio_tokenizer_weight_type=f32 | steps=24 -> audiocpp_omnivoice_clone_mdwt_native_atwt_f32_step24.wav
  Started at: 12:20:38
[TRACE ts=20260722-122038] runtime.model.family omnivoice
[TRACE ts=20260722-122038] runtime.model.variant omnivoice
[TRACE ts=20260722-122038] runtime.model.root /home/ipt/kawshik/tts-testing/audio.cpp/models/OmniVoice
[TRACE ts=20260722-122038] runtime.model.discovered_config_count 6
[TRACE ts=20260722-122038] runtime.model.discovered_weight_count 2
[TRACE ts=20260722-122038] runtime.model.task_count 1
[TRACE ts=20260722-122038] runtime.model.language_count 1
[TRACE ts=20260722-122038] runtime.model.supports_speaker_reference 1
[TRACE ts=20260722-122038] runtime.model.supports_style_condition 1
[TRACE ts=20260722-122038] runtime.model.supports_timestamps 0
ggml_cuda_init: found 1 CUDA devices (Total VRAM: 24111 MiB):
  Device 0: NVIDIA GeForce RTX 4090, compute capability 8.9, VMM: yes, VRAM: 24111 MiB
ggml_backend_cuda_graph_compute: CUDA graph warmup complete
[TIMING ts=20260722-122042] omnivoice.reference.encode_ms 1.694306
[TIMING ts=20260722-122042] omnivoice.encoder.graph.rebuilt 1
[TIMING ts=20260722-122042] omnivoice.session.prompt_ms 2.883744
[TIMING ts=20260722-122042] omnivoice.session.generate_ms 659.697507
[TIMING ts=20260722-122042] omnivoice.generator.graph.rebuilt 1
[TIMING ts=20260722-122042] omnivoice.generator.graph.rebuild_ms 2.971679
[TIMING ts=20260722-122042] omnivoice.session.decode_ms 36.02353
[TIMING ts=20260722-122042] omnivoice.decoder.graph.rebuilt 1
[TIMING ts=20260722-122042] omnivoice.decoder.graph.rebuild_ms 1.302561
[TIMING ts=20260722-122042] omnivoice.session.postprocess_ms 12.63629
[TIMING ts=20260722-122042] session.wall_ms 713.194
family=omnivoice
task=tts
mode=offline
audio_out=./outputs/single_infer/audiocpp_omnivoice_clone_mdwt_native_atwt_f32_step24.wav
  Completed at: 12:20:42
  Output: ./outputs/single_infer/audiocpp_omnivoice_clone_mdwt_native_atwt_f32_step24.wav

[103/375] weight_type=native | audio_tokenizer_weight_type=f16 | steps=24 -> audiocpp_omnivoice_clone_mdwt_native_atwt_f16_step24.wav
  Started at: 12:20:42
[TRACE ts=20260722-122042] runtime.model.family omnivoice
[TRACE ts=20260722-122042] runtime.model.variant omnivoice
[TRACE ts=20260722-122042] runtime.model.root /home/ipt/kawshik/tts-testing/audio.cpp/models/OmniVoice
[TRACE ts=20260722-122042] runtime.model.discovered_config_count 6
[TRACE ts=20260722-122042] runtime.model.discovered_weight_count 2
[TRACE ts=20260722-122042] runtime.model.task_count 1
[TRACE ts=20260722-122042] runtime.model.language_count 1
[TRACE ts=20260722-122042] runtime.model.supports_speaker_reference 1
[TRACE ts=20260722-122042] runtime.model.supports_style_condition 1
[TRACE ts=20260722-122042] runtime.model.supports_timestamps 0
ggml_cuda_init: found 1 CUDA devices (Total VRAM: 24111 MiB):
  Device 0: NVIDIA GeForce RTX 4090, compute capability 8.9, VMM: yes, VRAM: 24111 MiB
ggml_backend_cuda_graph_compute: CUDA graph warmup complete
[TIMING ts=20260722-122047] omnivoice.reference.encode_ms 3.011298
[TIMING ts=20260722-122047] omnivoice.encoder.graph.rebuilt 1
[TIMING ts=20260722-122047] omnivoice.session.prompt_ms 4.866835
[TIMING ts=20260722-122047] omnivoice.session.generate_ms 672.296755
[TIMING ts=20260722-122047] omnivoice.generator.graph.rebuilt 1
[TIMING ts=20260722-122047] omnivoice.generator.graph.rebuild_ms 5.802085
[TIMING ts=20260722-122047] omnivoice.session.decode_ms 10.702088
[TIMING ts=20260722-122047] omnivoice.decoder.graph.rebuilt 1
[TIMING ts=20260722-122047] omnivoice.decoder.graph.rebuild_ms 1.66748
[TIMING ts=20260722-122047] omnivoice.session.postprocess_ms 8.091325
[TIMING ts=20260722-122047] session.wall_ms 699.271214
family=omnivoice
task=tts
mode=offline
audio_out=./outputs/single_infer/audiocpp_omnivoice_clone_mdwt_native_atwt_f16_step24.wav
  Completed at: 12:20:47
  Output: ./outputs/single_infer/audiocpp_omnivoice_clone_mdwt_native_atwt_f16_step24.wav

[104/375] weight_type=native | audio_tokenizer_weight_type=bf16 | steps=24 -> audiocpp_omnivoice_clone_mdwt_native_atwt_bf16_step24.wav
  Started at: 12:20:47
[TRACE ts=20260722-122047] runtime.model.family omnivoice
[TRACE ts=20260722-122047] runtime.model.variant omnivoice
[TRACE ts=20260722-122047] runtime.model.root /home/ipt/kawshik/tts-testing/audio.cpp/models/OmniVoice
[TRACE ts=20260722-122047] runtime.model.discovered_config_count 6
[TRACE ts=20260722-122047] runtime.model.discovered_weight_count 2
[TRACE ts=20260722-122047] runtime.model.task_count 1
[TRACE ts=20260722-122047] runtime.model.language_count 1
[TRACE ts=20260722-122047] runtime.model.supports_speaker_reference 1
[TRACE ts=20260722-122047] runtime.model.supports_style_condition 1
[TRACE ts=20260722-122047] runtime.model.supports_timestamps 0
ggml_cuda_init: found 1 CUDA devices (Total VRAM: 24111 MiB):
  Device 0: NVIDIA GeForce RTX 4090, compute capability 8.9, VMM: yes, VRAM: 24111 MiB
ggml_backend_cuda_graph_compute: CUDA graph warmup complete
[TIMING ts=20260722-122051] omnivoice.reference.encode_ms 1.545153
[TIMING ts=20260722-122051] omnivoice.encoder.graph.rebuilt 1
[TIMING ts=20260722-122051] omnivoice.session.prompt_ms 3.565775
[TIMING ts=20260722-122051] omnivoice.session.generate_ms 660.317889
[TIMING ts=20260722-122051] omnivoice.generator.graph.rebuilt 1
[TIMING ts=20260722-122051] omnivoice.generator.graph.rebuild_ms 3.24573
[TIMING ts=20260722-122051] omnivoice.session.decode_ms 9.696607
[TIMING ts=20260722-122051] omnivoice.decoder.graph.rebuilt 1
[TIMING ts=20260722-122051] omnivoice.decoder.graph.rebuild_ms 1.451813
[TIMING ts=20260722-122051] omnivoice.session.postprocess_ms 6.694582
[TIMING ts=20260722-122051] session.wall_ms 682.047392
family=omnivoice
task=tts
mode=offline
audio_out=./outputs/single_infer/audiocpp_omnivoice_clone_mdwt_native_atwt_bf16_step24.wav
  Completed at: 12:20:51
  Output: ./outputs/single_infer/audiocpp_omnivoice_clone_mdwt_native_atwt_bf16_step24.wav

[105/375] weight_type=native | audio_tokenizer_weight_type=q8_0 | steps=24 -> audiocpp_omnivoice_clone_mdwt_native_atwt_q8_0_step24.wav
  Started at: 12:20:51
[TRACE ts=20260722-122051] runtime.model.family omnivoice
[TRACE ts=20260722-122051] runtime.model.variant omnivoice
[TRACE ts=20260722-122051] runtime.model.root /home/ipt/kawshik/tts-testing/audio.cpp/models/OmniVoice
[TRACE ts=20260722-122051] runtime.model.discovered_config_count 6
[TRACE ts=20260722-122051] runtime.model.discovered_weight_count 2
[TRACE ts=20260722-122051] runtime.model.task_count 1
[TRACE ts=20260722-122051] runtime.model.language_count 1
[TRACE ts=20260722-122051] runtime.model.supports_speaker_reference 1
[TRACE ts=20260722-122051] runtime.model.supports_style_condition 1
[TRACE ts=20260722-122051] runtime.model.supports_timestamps 0
ggml_cuda_init: found 1 CUDA devices (Total VRAM: 24111 MiB):
  Device 0: NVIDIA GeForce RTX 4090, compute capability 8.9, VMM: yes, VRAM: 24111 MiB
ggml_backend_cuda_graph_compute: CUDA graph warmup complete
[TIMING ts=20260722-122056] omnivoice.reference.encode_ms 1.718501
[TIMING ts=20260722-122056] omnivoice.encoder.graph.rebuilt 1
[TIMING ts=20260722-122056] omnivoice.session.prompt_ms 4.10338
[TIMING ts=20260722-122056] omnivoice.session.generate_ms 669.048419
[TIMING ts=20260722-122056] omnivoice.generator.graph.rebuilt 1
[TIMING ts=20260722-122056] omnivoice.generator.graph.rebuild_ms 3.872853
[TIMING ts=20260722-122056] omnivoice.session.decode_ms 44.452156
[TIMING ts=20260722-122056] omnivoice.decoder.graph.rebuilt 1
[TIMING ts=20260722-122056] omnivoice.decoder.graph.rebuild_ms 1.53186
[TIMING ts=20260722-122056] omnivoice.session.postprocess_ms 7.615112
[TIMING ts=20260722-122056] session.wall_ms 727.220691
family=omnivoice
task=tts
mode=offline
audio_out=./outputs/single_infer/audiocpp_omnivoice_clone_mdwt_native_atwt_q8_0_step24.wav
  Completed at: 12:20:56
  Output: ./outputs/single_infer/audiocpp_omnivoice_clone_mdwt_native_atwt_q8_0_step24.wav

[106/375] weight_type=f32 | audio_tokenizer_weight_type=native | steps=24 -> audiocpp_omnivoice_clone_mdwt_f32_atwt_native_step24.wav
  Started at: 12:20:56
[TRACE ts=20260722-122056] runtime.model.family omnivoice
[TRACE ts=20260722-122056] runtime.model.variant omnivoice
[TRACE ts=20260722-122056] runtime.model.root /home/ipt/kawshik/tts-testing/audio.cpp/models/OmniVoice
[TRACE ts=20260722-122056] runtime.model.discovered_config_count 6
[TRACE ts=20260722-122056] runtime.model.discovered_weight_count 2
[TRACE ts=20260722-122056] runtime.model.task_count 1
[TRACE ts=20260722-122056] runtime.model.language_count 1
[TRACE ts=20260722-122056] runtime.model.supports_speaker_reference 1
[TRACE ts=20260722-122056] runtime.model.supports_style_condition 1
[TRACE ts=20260722-122056] runtime.model.supports_timestamps 0
ggml_cuda_init: found 1 CUDA devices (Total VRAM: 24111 MiB):
  Device 0: NVIDIA GeForce RTX 4090, compute capability 8.9, VMM: yes, VRAM: 24111 MiB
ggml_backend_cuda_graph_compute: CUDA graph warmup complete
[TIMING ts=20260722-122100] omnivoice.reference.encode_ms 1.717854
[TIMING ts=20260722-122100] omnivoice.encoder.graph.rebuilt 1
[TIMING ts=20260722-122100] omnivoice.session.prompt_ms 5.538999
[TIMING ts=20260722-122100] omnivoice.session.generate_ms 657.101399
[TIMING ts=20260722-122100] omnivoice.generator.graph.rebuilt 1
[TIMING ts=20260722-122100] omnivoice.generator.graph.rebuild_ms 3.197625
[TIMING ts=20260722-122100] omnivoice.session.decode_ms 39.284462
[TIMING ts=20260722-122100] omnivoice.decoder.graph.rebuilt 1
[TIMING ts=20260722-122100] omnivoice.decoder.graph.rebuild_ms 1.566583
[TIMING ts=20260722-122100] omnivoice.session.postprocess_ms 7.858463
[TIMING ts=20260722-122100] session.wall_ms 711.817864
family=omnivoice
task=tts
mode=offline
audio_out=./outputs/single_infer/audiocpp_omnivoice_clone_mdwt_f32_atwt_native_step24.wav
  Completed at: 12:21:00
  Output: ./outputs/single_infer/audiocpp_omnivoice_clone_mdwt_f32_atwt_native_step24.wav

[107/375] weight_type=f32 | audio_tokenizer_weight_type=f32 | steps=24 -> audiocpp_omnivoice_clone_mdwt_f32_atwt_f32_step24.wav
  Started at: 12:21:00
[TRACE ts=20260722-122100] runtime.model.family omnivoice
[TRACE ts=20260722-122100] runtime.model.variant omnivoice
[TRACE ts=20260722-122100] runtime.model.root /home/ipt/kawshik/tts-testing/audio.cpp/models/OmniVoice
[TRACE ts=20260722-122100] runtime.model.discovered_config_count 6
[TRACE ts=20260722-122100] runtime.model.discovered_weight_count 2
[TRACE ts=20260722-122100] runtime.model.task_count 1
[TRACE ts=20260722-122100] runtime.model.language_count 1
[TRACE ts=20260722-122100] runtime.model.supports_speaker_reference 1
[TRACE ts=20260722-122100] runtime.model.supports_style_condition 1
[TRACE ts=20260722-122100] runtime.model.supports_timestamps 0
ggml_cuda_init: found 1 CUDA devices (Total VRAM: 24111 MiB):
  Device 0: NVIDIA GeForce RTX 4090, compute capability 8.9, VMM: yes, VRAM: 24111 MiB
ggml_backend_cuda_graph_compute: CUDA graph warmup complete
[TIMING ts=20260722-122104] omnivoice.reference.encode_ms 1.52103
[TIMING ts=20260722-122104] omnivoice.encoder.graph.rebuilt 1
[TIMING ts=20260722-122104] omnivoice.session.prompt_ms 2.453525
[TIMING ts=20260722-122104] omnivoice.session.generate_ms 647.03185
[TIMING ts=20260722-122104] omnivoice.generator.graph.rebuilt 1
[TIMING ts=20260722-122104] omnivoice.generator.graph.rebuild_ms 2.486412
[TIMING ts=20260722-122104] omnivoice.session.decode_ms 34.246948
[TIMING ts=20260722-122104] omnivoice.decoder.graph.rebuilt 1
[TIMING ts=20260722-122104] omnivoice.decoder.graph.rebuild_ms 1.377797
[TIMING ts=20260722-122104] omnivoice.session.postprocess_ms 6.323556
[TIMING ts=20260722-122104] session.wall_ms 691.818155
family=omnivoice
task=tts
mode=offline
audio_out=./outputs/single_infer/audiocpp_omnivoice_clone_mdwt_f32_atwt_f32_step24.wav
  Completed at: 12:21:04
  Output: ./outputs/single_infer/audiocpp_omnivoice_clone_mdwt_f32_atwt_f32_step24.wav

[108/375] weight_type=f32 | audio_tokenizer_weight_type=f16 | steps=24 -> audiocpp_omnivoice_clone_mdwt_f32_atwt_f16_step24.wav
  Started at: 12:21:04
[TRACE ts=20260722-122104] runtime.model.family omnivoice
[TRACE ts=20260722-122104] runtime.model.variant omnivoice
[TRACE ts=20260722-122104] runtime.model.root /home/ipt/kawshik/tts-testing/audio.cpp/models/OmniVoice
[TRACE ts=20260722-122104] runtime.model.discovered_config_count 6
[TRACE ts=20260722-122104] runtime.model.discovered_weight_count 2
[TRACE ts=20260722-122104] runtime.model.task_count 1
[TRACE ts=20260722-122104] runtime.model.language_count 1
[TRACE ts=20260722-122104] runtime.model.supports_speaker_reference 1
[TRACE ts=20260722-122104] runtime.model.supports_style_condition 1
[TRACE ts=20260722-122104] runtime.model.supports_timestamps 0
ggml_cuda_init: found 1 CUDA devices (Total VRAM: 24111 MiB):
  Device 0: NVIDIA GeForce RTX 4090, compute capability 8.9, VMM: yes, VRAM: 24111 MiB
ggml_backend_cuda_graph_compute: CUDA graph warmup complete
[TIMING ts=20260722-122109] omnivoice.reference.encode_ms 1.741037
[TIMING ts=20260722-122109] omnivoice.encoder.graph.rebuilt 1
[TIMING ts=20260722-122109] omnivoice.session.prompt_ms 2.87131
[TIMING ts=20260722-122109] omnivoice.session.generate_ms 672.092073
[TIMING ts=20260722-122109] omnivoice.generator.graph.rebuilt 1
[TIMING ts=20260722-122109] omnivoice.generator.graph.rebuild_ms 4.058254
[TIMING ts=20260722-122109] omnivoice.session.decode_ms 13.292231
[TIMING ts=20260722-122109] omnivoice.decoder.graph.rebuilt 1
[TIMING ts=20260722-122109] omnivoice.decoder.graph.rebuild_ms 2.672394
[TIMING ts=20260722-122109] omnivoice.session.postprocess_ms 15.334655
[TIMING ts=20260722-122109] session.wall_ms 706.409033
family=omnivoice
task=tts
mode=offline
audio_out=./outputs/single_infer/audiocpp_omnivoice_clone_mdwt_f32_atwt_f16_step24.wav
  Completed at: 12:21:09
  Output: ./outputs/single_infer/audiocpp_omnivoice_clone_mdwt_f32_atwt_f16_step24.wav

[109/375] weight_type=f32 | audio_tokenizer_weight_type=bf16 | steps=24 -> audiocpp_omnivoice_clone_mdwt_f32_atwt_bf16_step24.wav
  Started at: 12:21:09
[TRACE ts=20260722-122109] runtime.model.family omnivoice
[TRACE ts=20260722-122109] runtime.model.variant omnivoice
[TRACE ts=20260722-122109] runtime.model.root /home/ipt/kawshik/tts-testing/audio.cpp/models/OmniVoice
[TRACE ts=20260722-122109] runtime.model.discovered_config_count 6
[TRACE ts=20260722-122109] runtime.model.discovered_weight_count 2
[TRACE ts=20260722-122109] runtime.model.task_count 1
[TRACE ts=20260722-122109] runtime.model.language_count 1
[TRACE ts=20260722-122109] runtime.model.supports_speaker_reference 1
[TRACE ts=20260722-122109] runtime.model.supports_style_condition 1
[TRACE ts=20260722-122109] runtime.model.supports_timestamps 0
ggml_cuda_init: found 1 CUDA devices (Total VRAM: 24111 MiB):
  Device 0: NVIDIA GeForce RTX 4090, compute capability 8.9, VMM: yes, VRAM: 24111 MiB
ggml_backend_cuda_graph_compute: CUDA graph warmup complete
[TIMING ts=20260722-122113] omnivoice.reference.encode_ms 1.694247
[TIMING ts=20260722-122113] omnivoice.encoder.graph.rebuilt 1
[TIMING ts=20260722-122113] omnivoice.session.prompt_ms 4.103204
[TIMING ts=20260722-122113] omnivoice.session.generate_ms 666.841214
[TIMING ts=20260722-122113] omnivoice.generator.graph.rebuilt 1
[TIMING ts=20260722-122113] omnivoice.generator.graph.rebuild_ms 4.100217
[TIMING ts=20260722-122113] omnivoice.session.decode_ms 13.418273
[TIMING ts=20260722-122113] omnivoice.decoder.graph.rebuilt 1
[TIMING ts=20260722-122113] omnivoice.decoder.graph.rebuild_ms 1.629566
[TIMING ts=20260722-122113] omnivoice.session.postprocess_ms 8.595608
[TIMING ts=20260722-122113] session.wall_ms 695.748697
family=omnivoice
task=tts
mode=offline
audio_out=./outputs/single_infer/audiocpp_omnivoice_clone_mdwt_f32_atwt_bf16_step24.wav
  Completed at: 12:21:14
  Output: ./outputs/single_infer/audiocpp_omnivoice_clone_mdwt_f32_atwt_bf16_step24.wav

[110/375] weight_type=f32 | audio_tokenizer_weight_type=q8_0 | steps=24 -> audiocpp_omnivoice_clone_mdwt_f32_atwt_q8_0_step24.wav
  Started at: 12:21:14
[TRACE ts=20260722-122114] runtime.model.family omnivoice
[TRACE ts=20260722-122114] runtime.model.variant omnivoice
[TRACE ts=20260722-122114] runtime.model.root /home/ipt/kawshik/tts-testing/audio.cpp/models/OmniVoice
[TRACE ts=20260722-122114] runtime.model.discovered_config_count 6
[TRACE ts=20260722-122114] runtime.model.discovered_weight_count 2
[TRACE ts=20260722-122114] runtime.model.task_count 1
[TRACE ts=20260722-122114] runtime.model.language_count 1
[TRACE ts=20260722-122114] runtime.model.supports_speaker_reference 1
[TRACE ts=20260722-122114] runtime.model.supports_style_condition 1
[TRACE ts=20260722-122114] runtime.model.supports_timestamps 0
ggml_cuda_init: found 1 CUDA devices (Total VRAM: 24111 MiB):
  Device 0: NVIDIA GeForce RTX 4090, compute capability 8.9, VMM: yes, VRAM: 24111 MiB
ggml_backend_cuda_graph_compute: CUDA graph warmup complete
[TIMING ts=20260722-122119] omnivoice.reference.encode_ms 1.694265
[TIMING ts=20260722-122119] omnivoice.encoder.graph.rebuilt 1
[TIMING ts=20260722-122119] omnivoice.session.prompt_ms 4.111884
[TIMING ts=20260722-122119] omnivoice.session.generate_ms 664.610048
[TIMING ts=20260722-122119] omnivoice.generator.graph.rebuilt 1
[TIMING ts=20260722-122119] omnivoice.generator.graph.rebuild_ms 3.735181
[TIMING ts=20260722-122119] omnivoice.session.decode_ms 50.932749
[TIMING ts=20260722-122119] omnivoice.decoder.graph.rebuilt 1
[TIMING ts=20260722-122119] omnivoice.decoder.graph.rebuild_ms 1.590963
[TIMING ts=20260722-122119] omnivoice.session.postprocess_ms 8.862044
[TIMING ts=20260722-122119] session.wall_ms 730.49574
family=omnivoice
task=tts
mode=offline
audio_out=./outputs/single_infer/audiocpp_omnivoice_clone_mdwt_f32_atwt_q8_0_step24.wav
  Completed at: 12:21:19
  Output: ./outputs/single_infer/audiocpp_omnivoice_clone_mdwt_f32_atwt_q8_0_step24.wav

[111/375] weight_type=f16 | audio_tokenizer_weight_type=native | steps=24 -> audiocpp_omnivoice_clone_mdwt_f16_atwt_native_step24.wav
  Started at: 12:21:19
[TRACE ts=20260722-122119] runtime.model.family omnivoice
[TRACE ts=20260722-122119] runtime.model.variant omnivoice
[TRACE ts=20260722-122119] runtime.model.root /home/ipt/kawshik/tts-testing/audio.cpp/models/OmniVoice
[TRACE ts=20260722-122119] runtime.model.discovered_config_count 6
[TRACE ts=20260722-122119] runtime.model.discovered_weight_count 2
[TRACE ts=20260722-122119] runtime.model.task_count 1
[TRACE ts=20260722-122119] runtime.model.language_count 1
[TRACE ts=20260722-122119] runtime.model.supports_speaker_reference 1
[TRACE ts=20260722-122119] runtime.model.supports_style_condition 1
[TRACE ts=20260722-122119] runtime.model.supports_timestamps 0
ggml_cuda_init: found 1 CUDA devices (Total VRAM: 24111 MiB):
  Device 0: NVIDIA GeForce RTX 4090, compute capability 8.9, VMM: yes, VRAM: 24111 MiB
ggml_backend_cuda_graph_compute: CUDA graph warmup complete
[TIMING ts=20260722-122128] omnivoice.reference.encode_ms 1.46969
[TIMING ts=20260722-122128] omnivoice.encoder.graph.rebuilt 1
[TIMING ts=20260722-122128] omnivoice.session.prompt_ms 2.210586
[TIMING ts=20260722-122128] omnivoice.session.generate_ms 571.418439
[TIMING ts=20260722-122128] omnivoice.generator.graph.rebuilt 1
[TIMING ts=20260722-122128] omnivoice.generator.graph.rebuild_ms 2.795782
[TIMING ts=20260722-122128] omnivoice.session.decode_ms 40.305621
[TIMING ts=20260722-122128] omnivoice.decoder.graph.rebuilt 1
[TIMING ts=20260722-122128] omnivoice.decoder.graph.rebuild_ms 2.026212
[TIMING ts=20260722-122128] omnivoice.session.postprocess_ms 9.408307
[TIMING ts=20260722-122128] session.wall_ms 625.018808
family=omnivoice
task=tts
mode=offline
audio_out=./outputs/single_infer/audiocpp_omnivoice_clone_mdwt_f16_atwt_native_step24.wav
  Completed at: 12:21:28
  Output: ./outputs/single_infer/audiocpp_omnivoice_clone_mdwt_f16_atwt_native_step24.wav

[112/375] weight_type=f16 | audio_tokenizer_weight_type=f32 | steps=24 -> audiocpp_omnivoice_clone_mdwt_f16_atwt_f32_step24.wav
  Started at: 12:21:28
[TRACE ts=20260722-122128] runtime.model.family omnivoice
[TRACE ts=20260722-122128] runtime.model.variant omnivoice
[TRACE ts=20260722-122128] runtime.model.root /home/ipt/kawshik/tts-testing/audio.cpp/models/OmniVoice
[TRACE ts=20260722-122128] runtime.model.discovered_config_count 6
[TRACE ts=20260722-122128] runtime.model.discovered_weight_count 2
[TRACE ts=20260722-122128] runtime.model.task_count 1
[TRACE ts=20260722-122128] runtime.model.language_count 1
[TRACE ts=20260722-122128] runtime.model.supports_speaker_reference 1
[TRACE ts=20260722-122128] runtime.model.supports_style_condition 1
[TRACE ts=20260722-122128] runtime.model.supports_timestamps 0
ggml_cuda_init: found 1 CUDA devices (Total VRAM: 24111 MiB):
  Device 0: NVIDIA GeForce RTX 4090, compute capability 8.9, VMM: yes, VRAM: 24111 MiB
ggml_backend_cuda_graph_compute: CUDA graph warmup complete
[TIMING ts=20260722-122137] omnivoice.reference.encode_ms 1.40002
[TIMING ts=20260722-122137] omnivoice.encoder.graph.rebuilt 1
[TIMING ts=20260722-122137] omnivoice.session.prompt_ms 2.468794
[TIMING ts=20260722-122137] omnivoice.session.generate_ms 557.022109
[TIMING ts=20260722-122137] omnivoice.generator.graph.rebuilt 1
[TIMING ts=20260722-122137] omnivoice.generator.graph.rebuild_ms 2.82284
[TIMING ts=20260722-122137] omnivoice.session.decode_ms 34.01846
[TIMING ts=20260722-122137] omnivoice.decoder.graph.rebuilt 1
[TIMING ts=20260722-122137] omnivoice.decoder.graph.rebuild_ms 1.353867
[TIMING ts=20260722-122137] omnivoice.session.postprocess_ms 7.601079
[TIMING ts=20260722-122137] session.wall_ms 602.730066
family=omnivoice
task=tts
mode=offline
audio_out=./outputs/single_infer/audiocpp_omnivoice_clone_mdwt_f16_atwt_f32_step24.wav
  Completed at: 12:21:37
  Output: ./outputs/single_infer/audiocpp_omnivoice_clone_mdwt_f16_atwt_f32_step24.wav

[113/375] weight_type=f16 | audio_tokenizer_weight_type=f16 | steps=24 -> audiocpp_omnivoice_clone_mdwt_f16_atwt_f16_step24.wav
  Started at: 12:21:37
[TRACE ts=20260722-122137] runtime.model.family omnivoice
[TRACE ts=20260722-122137] runtime.model.variant omnivoice
[TRACE ts=20260722-122137] runtime.model.root /home/ipt/kawshik/tts-testing/audio.cpp/models/OmniVoice
[TRACE ts=20260722-122137] runtime.model.discovered_config_count 6
[TRACE ts=20260722-122137] runtime.model.discovered_weight_count 2
[TRACE ts=20260722-122137] runtime.model.task_count 1
[TRACE ts=20260722-122137] runtime.model.language_count 1
[TRACE ts=20260722-122137] runtime.model.supports_speaker_reference 1
[TRACE ts=20260722-122137] runtime.model.supports_style_condition 1
[TRACE ts=20260722-122137] runtime.model.supports_timestamps 0
ggml_cuda_init: found 1 CUDA devices (Total VRAM: 24111 MiB):
  Device 0: NVIDIA GeForce RTX 4090, compute capability 8.9, VMM: yes, VRAM: 24111 MiB
ggml_backend_cuda_graph_compute: CUDA graph warmup complete
[TIMING ts=20260722-122147] omnivoice.reference.encode_ms 1.694155
[TIMING ts=20260722-122147] omnivoice.encoder.graph.rebuilt 1
[TIMING ts=20260722-122147] omnivoice.session.prompt_ms 2.526823
[TIMING ts=20260722-122147] omnivoice.session.generate_ms 523.963317
[TIMING ts=20260722-122147] omnivoice.generator.graph.rebuilt 1
[TIMING ts=20260722-122147] omnivoice.generator.graph.rebuild_ms 3.717431
[TIMING ts=20260722-122147] omnivoice.session.decode_ms 9.872325
[TIMING ts=20260722-122147] omnivoice.decoder.graph.rebuilt 1
[TIMING ts=20260722-122147] omnivoice.decoder.graph.rebuild_ms 1.531275
[TIMING ts=20260722-122147] omnivoice.session.postprocess_ms 8.120988
[TIMING ts=20260722-122147] session.wall_ms 546.43362
family=omnivoice
task=tts
mode=offline
audio_out=./outputs/single_infer/audiocpp_omnivoice_clone_mdwt_f16_atwt_f16_step24.wav
  Completed at: 12:21:47
  Output: ./outputs/single_infer/audiocpp_omnivoice_clone_mdwt_f16_atwt_f16_step24.wav

[114/375] weight_type=f16 | audio_tokenizer_weight_type=bf16 | steps=24 -> audiocpp_omnivoice_clone_mdwt_f16_atwt_bf16_step24.wav
  Started at: 12:21:47
[TRACE ts=20260722-122147] runtime.model.family omnivoice
[TRACE ts=20260722-122147] runtime.model.variant omnivoice
[TRACE ts=20260722-122147] runtime.model.root /home/ipt/kawshik/tts-testing/audio.cpp/models/OmniVoice
[TRACE ts=20260722-122147] runtime.model.discovered_config_count 6
[TRACE ts=20260722-122147] runtime.model.discovered_weight_count 2
[TRACE ts=20260722-122147] runtime.model.task_count 1
[TRACE ts=20260722-122147] runtime.model.language_count 1
[TRACE ts=20260722-122147] runtime.model.supports_speaker_reference 1
[TRACE ts=20260722-122147] runtime.model.supports_style_condition 1
[TRACE ts=20260722-122147] runtime.model.supports_timestamps 0
ggml_cuda_init: found 1 CUDA devices (Total VRAM: 24111 MiB):
  Device 0: NVIDIA GeForce RTX 4090, compute capability 8.9, VMM: yes, VRAM: 24111 MiB
ggml_backend_cuda_graph_compute: CUDA graph warmup complete
[TIMING ts=20260722-122158] omnivoice.reference.encode_ms 1.694169
[TIMING ts=20260722-122158] omnivoice.encoder.graph.rebuilt 1
[TIMING ts=20260722-122158] omnivoice.session.prompt_ms 6.133112
[TIMING ts=20260722-122158] omnivoice.session.generate_ms 525.514014
[TIMING ts=20260722-122158] omnivoice.generator.graph.rebuilt 1
[TIMING ts=20260722-122158] omnivoice.generator.graph.rebuild_ms 3.803341
[TIMING ts=20260722-122158] omnivoice.session.decode_ms 10.79307
[TIMING ts=20260722-122158] omnivoice.decoder.graph.rebuilt 1
[TIMING ts=20260722-122158] omnivoice.decoder.graph.rebuild_ms 1.723456
[TIMING ts=20260722-122158] omnivoice.session.postprocess_ms 8.171623
[TIMING ts=20260722-122158] session.wall_ms 552.531392
family=omnivoice
task=tts
mode=offline
audio_out=./outputs/single_infer/audiocpp_omnivoice_clone_mdwt_f16_atwt_bf16_step24.wav
  Completed at: 12:21:58
  Output: ./outputs/single_infer/audiocpp_omnivoice_clone_mdwt_f16_atwt_bf16_step24.wav

[115/375] weight_type=f16 | audio_tokenizer_weight_type=q8_0 | steps=24 -> audiocpp_omnivoice_clone_mdwt_f16_atwt_q8_0_step24.wav
  Started at: 12:21:58
[TRACE ts=20260722-122158] runtime.model.family omnivoice
[TRACE ts=20260722-122158] runtime.model.variant omnivoice
[TRACE ts=20260722-122158] runtime.model.root /home/ipt/kawshik/tts-testing/audio.cpp/models/OmniVoice
[TRACE ts=20260722-122158] runtime.model.discovered_config_count 6
[TRACE ts=20260722-122158] runtime.model.discovered_weight_count 2
[TRACE ts=20260722-122158] runtime.model.task_count 1
[TRACE ts=20260722-122158] runtime.model.language_count 1
[TRACE ts=20260722-122158] runtime.model.supports_speaker_reference 1
[TRACE ts=20260722-122158] runtime.model.supports_style_condition 1
[TRACE ts=20260722-122158] runtime.model.supports_timestamps 0
ggml_cuda_init: found 1 CUDA devices (Total VRAM: 24111 MiB):
  Device 0: NVIDIA GeForce RTX 4090, compute capability 8.9, VMM: yes, VRAM: 24111 MiB
ggml_backend_cuda_graph_compute: CUDA graph warmup complete
[TIMING ts=20260722-122208] omnivoice.reference.encode_ms 1.443169
[TIMING ts=20260722-122208] omnivoice.encoder.graph.rebuilt 1
[TIMING ts=20260722-122208] omnivoice.session.prompt_ms 3.457788
[TIMING ts=20260722-122208] omnivoice.session.generate_ms 508.306647
[TIMING ts=20260722-122208] omnivoice.generator.graph.rebuilt 1
[TIMING ts=20260722-122208] omnivoice.generator.graph.rebuild_ms 3.295502
[TIMING ts=20260722-122208] omnivoice.session.decode_ms 44.473945
[TIMING ts=20260722-122208] omnivoice.decoder.graph.rebuilt 1
[TIMING ts=20260722-122208] omnivoice.decoder.graph.rebuild_ms 1.395321
[TIMING ts=20260722-122208] omnivoice.session.postprocess_ms 7.631014
[TIMING ts=20260722-122208] session.wall_ms 565.530476
family=omnivoice
task=tts
mode=offline
audio_out=./outputs/single_infer/audiocpp_omnivoice_clone_mdwt_f16_atwt_q8_0_step24.wav
  Completed at: 12:22:08
  Output: ./outputs/single_infer/audiocpp_omnivoice_clone_mdwt_f16_atwt_q8_0_step24.wav

[116/375] weight_type=bf16 | audio_tokenizer_weight_type=native | steps=24 -> audiocpp_omnivoice_clone_mdwt_bf16_atwt_native_step24.wav
  Started at: 12:22:08
[TRACE ts=20260722-122208] runtime.model.family omnivoice
[TRACE ts=20260722-122208] runtime.model.variant omnivoice
[TRACE ts=20260722-122208] runtime.model.root /home/ipt/kawshik/tts-testing/audio.cpp/models/OmniVoice
[TRACE ts=20260722-122208] runtime.model.discovered_config_count 6
[TRACE ts=20260722-122208] runtime.model.discovered_weight_count 2
[TRACE ts=20260722-122208] runtime.model.task_count 1
[TRACE ts=20260722-122208] runtime.model.language_count 1
[TRACE ts=20260722-122208] runtime.model.supports_speaker_reference 1
[TRACE ts=20260722-122208] runtime.model.supports_style_condition 1
[TRACE ts=20260722-122208] runtime.model.supports_timestamps 0
ggml_cuda_init: found 1 CUDA devices (Total VRAM: 24111 MiB):
  Device 0: NVIDIA GeForce RTX 4090, compute capability 8.9, VMM: yes, VRAM: 24111 MiB
ggml_backend_cuda_graph_compute: CUDA graph warmup complete
[TIMING ts=20260722-122216] omnivoice.reference.encode_ms 1.490914
[TIMING ts=20260722-122216] omnivoice.encoder.graph.rebuilt 1
[TIMING ts=20260722-122216] omnivoice.session.prompt_ms 2.470744
[TIMING ts=20260722-122216] omnivoice.session.generate_ms 694.09531
[TIMING ts=20260722-122216] omnivoice.generator.graph.rebuilt 1
[TIMING ts=20260722-122216] omnivoice.generator.graph.rebuild_ms 2.934177
[TIMING ts=20260722-122216] omnivoice.session.decode_ms 36.628227
[TIMING ts=20260722-122216] omnivoice.decoder.graph.rebuilt 1
[TIMING ts=20260722-122216] omnivoice.decoder.graph.rebuild_ms 1.43373
[TIMING ts=20260722-122216] omnivoice.session.postprocess_ms 7.609403
[TIMING ts=20260722-122216] session.wall_ms 742.515679
family=omnivoice
task=tts
mode=offline
audio_out=./outputs/single_infer/audiocpp_omnivoice_clone_mdwt_bf16_atwt_native_step24.wav
  Completed at: 12:22:16
  Output: ./outputs/single_infer/audiocpp_omnivoice_clone_mdwt_bf16_atwt_native_step24.wav

[117/375] weight_type=bf16 | audio_tokenizer_weight_type=f32 | steps=24 -> audiocpp_omnivoice_clone_mdwt_bf16_atwt_f32_step24.wav
  Started at: 12:22:16
[TRACE ts=20260722-122216] runtime.model.family omnivoice
[TRACE ts=20260722-122216] runtime.model.variant omnivoice
[TRACE ts=20260722-122216] runtime.model.root /home/ipt/kawshik/tts-testing/audio.cpp/models/OmniVoice
[TRACE ts=20260722-122216] runtime.model.discovered_config_count 6
[TRACE ts=20260722-122216] runtime.model.discovered_weight_count 2
[TRACE ts=20260722-122216] runtime.model.task_count 1
[TRACE ts=20260722-122216] runtime.model.language_count 1
[TRACE ts=20260722-122216] runtime.model.supports_speaker_reference 1
[TRACE ts=20260722-122216] runtime.model.supports_style_condition 1
[TRACE ts=20260722-122216] runtime.model.supports_timestamps 0
ggml_cuda_init: found 1 CUDA devices (Total VRAM: 24111 MiB):
  Device 0: NVIDIA GeForce RTX 4090, compute capability 8.9, VMM: yes, VRAM: 24111 MiB
ggml_backend_cuda_graph_compute: CUDA graph warmup complete
[TIMING ts=20260722-122224] omnivoice.reference.encode_ms 1.48146
[TIMING ts=20260722-122224] omnivoice.encoder.graph.rebuilt 1
[TIMING ts=20260722-122224] omnivoice.session.prompt_ms 2.24376
[TIMING ts=20260722-122224] omnivoice.session.generate_ms 682.422148
[TIMING ts=20260722-122224] omnivoice.generator.graph.rebuilt 1
[TIMING ts=20260722-122224] omnivoice.generator.graph.rebuild_ms 6.210115
[TIMING ts=20260722-122224] omnivoice.session.decode_ms 36.685436
[TIMING ts=20260722-122224] omnivoice.decoder.graph.rebuilt 1
[TIMING ts=20260722-122224] omnivoice.decoder.graph.rebuild_ms 1.325277
[TIMING ts=20260722-122224] omnivoice.session.postprocess_ms 7.088309
[TIMING ts=20260722-122224] session.wall_ms 730.142535
family=omnivoice
task=tts
mode=offline
audio_out=./outputs/single_infer/audiocpp_omnivoice_clone_mdwt_bf16_atwt_f32_step24.wav
  Completed at: 12:22:24
  Output: ./outputs/single_infer/audiocpp_omnivoice_clone_mdwt_bf16_atwt_f32_step24.wav

[118/375] weight_type=bf16 | audio_tokenizer_weight_type=f16 | steps=24 -> audiocpp_omnivoice_clone_mdwt_bf16_atwt_f16_step24.wav
  Started at: 12:22:24
[TRACE ts=20260722-122224] runtime.model.family omnivoice
[TRACE ts=20260722-122224] runtime.model.variant omnivoice
[TRACE ts=20260722-122224] runtime.model.root /home/ipt/kawshik/tts-testing/audio.cpp/models/OmniVoice
[TRACE ts=20260722-122224] runtime.model.discovered_config_count 6
[TRACE ts=20260722-122224] runtime.model.discovered_weight_count 2
[TRACE ts=20260722-122224] runtime.model.task_count 1
[TRACE ts=20260722-122224] runtime.model.language_count 1
[TRACE ts=20260722-122224] runtime.model.supports_speaker_reference 1
[TRACE ts=20260722-122224] runtime.model.supports_style_condition 1
[TRACE ts=20260722-122224] runtime.model.supports_timestamps 0
ggml_cuda_init: found 1 CUDA devices (Total VRAM: 24111 MiB):
  Device 0: NVIDIA GeForce RTX 4090, compute capability 8.9, VMM: yes, VRAM: 24111 MiB
ggml_backend_cuda_graph_compute: CUDA graph warmup complete
[TIMING ts=20260722-122233] omnivoice.reference.encode_ms 1.713653
[TIMING ts=20260722-122233] omnivoice.encoder.graph.rebuilt 1
[TIMING ts=20260722-122233] omnivoice.session.prompt_ms 3.469559
[TIMING ts=20260722-122233] omnivoice.session.generate_ms 721.641962
[TIMING ts=20260722-122233] omnivoice.generator.graph.rebuilt 1
[TIMING ts=20260722-122233] omnivoice.generator.graph.rebuild_ms 3.693423
[TIMING ts=20260722-122233] omnivoice.session.decode_ms 9.255341
[TIMING ts=20260722-122233] omnivoice.decoder.graph.rebuilt 1
[TIMING ts=20260722-122233] omnivoice.decoder.graph.rebuild_ms 1.361814
[TIMING ts=20260722-122233] omnivoice.session.postprocess_ms 6.982616
[TIMING ts=20260722-122233] session.wall_ms 743.296017
family=omnivoice
task=tts
mode=offline
audio_out=./outputs/single_infer/audiocpp_omnivoice_clone_mdwt_bf16_atwt_f16_step24.wav
  Completed at: 12:22:33
  Output: ./outputs/single_infer/audiocpp_omnivoice_clone_mdwt_bf16_atwt_f16_step24.wav

[119/375] weight_type=bf16 | audio_tokenizer_weight_type=bf16 | steps=24 -> audiocpp_omnivoice_clone_mdwt_bf16_atwt_bf16_step24.wav
  Started at: 12:22:33
[TRACE ts=20260722-122233] runtime.model.family omnivoice
[TRACE ts=20260722-122233] runtime.model.variant omnivoice
[TRACE ts=20260722-122233] runtime.model.root /home/ipt/kawshik/tts-testing/audio.cpp/models/OmniVoice
[TRACE ts=20260722-122233] runtime.model.discovered_config_count 6
[TRACE ts=20260722-122233] runtime.model.discovered_weight_count 2
[TRACE ts=20260722-122233] runtime.model.task_count 1
[TRACE ts=20260722-122233] runtime.model.language_count 1
[TRACE ts=20260722-122233] runtime.model.supports_speaker_reference 1
[TRACE ts=20260722-122233] runtime.model.supports_style_condition 1
[TRACE ts=20260722-122233] runtime.model.supports_timestamps 0
ggml_cuda_init: found 1 CUDA devices (Total VRAM: 24111 MiB):
  Device 0: NVIDIA GeForce RTX 4090, compute capability 8.9, VMM: yes, VRAM: 24111 MiB
ggml_backend_cuda_graph_compute: CUDA graph warmup complete
[TIMING ts=20260722-122241] omnivoice.reference.encode_ms 1.547496
[TIMING ts=20260722-122241] omnivoice.encoder.graph.rebuilt 1
[TIMING ts=20260722-122241] omnivoice.session.prompt_ms 5.749689
[TIMING ts=20260722-122241] omnivoice.session.generate_ms 541.240359
[TIMING ts=20260722-122241] omnivoice.generator.graph.rebuilt 1
[TIMING ts=20260722-122241] omnivoice.generator.graph.rebuild_ms 3.318423
[TIMING ts=20260722-122241] omnivoice.session.decode_ms 9.517917
[TIMING ts=20260722-122241] omnivoice.decoder.graph.rebuilt 1
[TIMING ts=20260722-122241] omnivoice.decoder.graph.rebuild_ms 1.378696
[TIMING ts=20260722-122241] omnivoice.session.postprocess_ms 7.182098
[TIMING ts=20260722-122241] session.wall_ms 565.46436
family=omnivoice
task=tts
mode=offline
audio_out=./outputs/single_infer/audiocpp_omnivoice_clone_mdwt_bf16_atwt_bf16_step24.wav
  Completed at: 12:22:41
  Output: ./outputs/single_infer/audiocpp_omnivoice_clone_mdwt_bf16_atwt_bf16_step24.wav

[120/375] weight_type=bf16 | audio_tokenizer_weight_type=q8_0 | steps=24 -> audiocpp_omnivoice_clone_mdwt_bf16_atwt_q8_0_step24.wav
  Started at: 12:22:41
[TRACE ts=20260722-122242] runtime.model.family omnivoice
[TRACE ts=20260722-122242] runtime.model.variant omnivoice
[TRACE ts=20260722-122242] runtime.model.root /home/ipt/kawshik/tts-testing/audio.cpp/models/OmniVoice
[TRACE ts=20260722-122242] runtime.model.discovered_config_count 6
[TRACE ts=20260722-122242] runtime.model.discovered_weight_count 2
[TRACE ts=20260722-122242] runtime.model.task_count 1
[TRACE ts=20260722-122242] runtime.model.language_count 1
[TRACE ts=20260722-122242] runtime.model.supports_speaker_reference 1
[TRACE ts=20260722-122242] runtime.model.supports_style_condition 1
[TRACE ts=20260722-122242] runtime.model.supports_timestamps 0
ggml_cuda_init: found 1 CUDA devices (Total VRAM: 24111 MiB):
  Device 0: NVIDIA GeForce RTX 4090, compute capability 8.9, VMM: yes, VRAM: 24111 MiB
ggml_backend_cuda_graph_compute: CUDA graph warmup complete
[TIMING ts=20260722-122250] omnivoice.reference.encode_ms 1.452613
[TIMING ts=20260722-122250] omnivoice.encoder.graph.rebuilt 1
[TIMING ts=20260722-122250] omnivoice.session.prompt_ms 3.616221
[TIMING ts=20260722-122250] omnivoice.session.generate_ms 699.545371
[TIMING ts=20260722-122250] omnivoice.generator.graph.rebuilt 1
[TIMING ts=20260722-122250] omnivoice.generator.graph.rebuild_ms 3.166589
[TIMING ts=20260722-122250] omnivoice.session.decode_ms 47.404397
[TIMING ts=20260722-122250] omnivoice.decoder.graph.rebuilt 1
[TIMING ts=20260722-122250] omnivoice.decoder.graph.rebuild_ms 2.392538
[TIMING ts=20260722-122250] omnivoice.session.postprocess_ms 8.381182
[TIMING ts=20260722-122250] session.wall_ms 760.64382
family=omnivoice
task=tts
mode=offline
audio_out=./outputs/single_infer/audiocpp_omnivoice_clone_mdwt_bf16_atwt_q8_0_step24.wav
  Completed at: 12:22:50
  Output: ./outputs/single_infer/audiocpp_omnivoice_clone_mdwt_bf16_atwt_q8_0_step24.wav

[121/375] weight_type=q8_0 | audio_tokenizer_weight_type=native | steps=24 -> audiocpp_omnivoice_clone_mdwt_q8_0_atwt_native_step24.wav
  Started at: 12:22:50
[TRACE ts=20260722-122250] runtime.model.family omnivoice
[TRACE ts=20260722-122250] runtime.model.variant omnivoice
[TRACE ts=20260722-122250] runtime.model.root /home/ipt/kawshik/tts-testing/audio.cpp/models/OmniVoice
[TRACE ts=20260722-122250] runtime.model.discovered_config_count 6
[TRACE ts=20260722-122250] runtime.model.discovered_weight_count 2
[TRACE ts=20260722-122250] runtime.model.task_count 1
[TRACE ts=20260722-122250] runtime.model.language_count 1
[TRACE ts=20260722-122250] runtime.model.supports_speaker_reference 1
[TRACE ts=20260722-122250] runtime.model.supports_style_condition 1
[TRACE ts=20260722-122250] runtime.model.supports_timestamps 0
ggml_cuda_init: found 1 CUDA devices (Total VRAM: 24111 MiB):
  Device 0: NVIDIA GeForce RTX 4090, compute capability 8.9, VMM: yes, VRAM: 24111 MiB
ggml_backend_cuda_graph_compute: CUDA graph warmup complete
[TIMING ts=20260722-122301] omnivoice.reference.encode_ms 1.498722
[TIMING ts=20260722-122301] omnivoice.encoder.graph.rebuilt 1
[TIMING ts=20260722-122301] omnivoice.session.prompt_ms 5.072259
[TIMING ts=20260722-122301] omnivoice.session.generate_ms 613.097766
[TIMING ts=20260722-122301] omnivoice.generator.graph.rebuilt 1
[TIMING ts=20260722-122301] omnivoice.generator.graph.rebuild_ms 3.12407
[TIMING ts=20260722-122301] omnivoice.session.decode_ms 35.102821
[TIMING ts=20260722-122301] omnivoice.decoder.graph.rebuilt 1
[TIMING ts=20260722-122301] omnivoice.decoder.graph.rebuild_ms 1.332374
[TIMING ts=20260722-122301] omnivoice.session.postprocess_ms 7.395949
[TIMING ts=20260722-122301] session.wall_ms 662.393664
family=omnivoice
task=tts
mode=offline
audio_out=./outputs/single_infer/audiocpp_omnivoice_clone_mdwt_q8_0_atwt_native_step24.wav
  Completed at: 12:23:01
  Output: ./outputs/single_infer/audiocpp_omnivoice_clone_mdwt_q8_0_atwt_native_step24.wav

[122/375] weight_type=q8_0 | audio_tokenizer_weight_type=f32 | steps=24 -> audiocpp_omnivoice_clone_mdwt_q8_0_atwt_f32_step24.wav
  Started at: 12:23:01
[TRACE ts=20260722-122301] runtime.model.family omnivoice
[TRACE ts=20260722-122301] runtime.model.variant omnivoice
[TRACE ts=20260722-122301] runtime.model.root /home/ipt/kawshik/tts-testing/audio.cpp/models/OmniVoice
[TRACE ts=20260722-122301] runtime.model.discovered_config_count 6
[TRACE ts=20260722-122301] runtime.model.discovered_weight_count 2
[TRACE ts=20260722-122301] runtime.model.task_count 1
[TRACE ts=20260722-122301] runtime.model.language_count 1
[TRACE ts=20260722-122301] runtime.model.supports_speaker_reference 1
[TRACE ts=20260722-122301] runtime.model.supports_style_condition 1
[TRACE ts=20260722-122301] runtime.model.supports_timestamps 0
ggml_cuda_init: found 1 CUDA devices (Total VRAM: 24111 MiB):
  Device 0: NVIDIA GeForce RTX 4090, compute capability 8.9, VMM: yes, VRAM: 24111 MiB
ggml_backend_cuda_graph_compute: CUDA graph warmup complete
[TIMING ts=20260722-122311] omnivoice.reference.encode_ms 1.49891
[TIMING ts=20260722-122311] omnivoice.encoder.graph.rebuilt 1
[TIMING ts=20260722-122311] omnivoice.session.prompt_ms 3.212473
[TIMING ts=20260722-122311] omnivoice.session.generate_ms 608.352128
[TIMING ts=20260722-122311] omnivoice.generator.graph.rebuilt 1
[TIMING ts=20260722-122311] omnivoice.generator.graph.rebuild_ms 5.436082
[TIMING ts=20260722-122311] omnivoice.session.decode_ms 33.644908
[TIMING ts=20260722-122311] omnivoice.decoder.graph.rebuilt 1
[TIMING ts=20260722-122311] omnivoice.decoder.graph.rebuild_ms 1.310795
[TIMING ts=20260722-122311] omnivoice.session.postprocess_ms 7.35452
[TIMING ts=20260722-122311] session.wall_ms 655.017785
family=omnivoice
task=tts
mode=offline
audio_out=./outputs/single_infer/audiocpp_omnivoice_clone_mdwt_q8_0_atwt_f32_step24.wav
  Completed at: 12:23:12
  Output: ./outputs/single_infer/audiocpp_omnivoice_clone_mdwt_q8_0_atwt_f32_step24.wav

[123/375] weight_type=q8_0 | audio_tokenizer_weight_type=f16 | steps=24 -> audiocpp_omnivoice_clone_mdwt_q8_0_atwt_f16_step24.wav
  Started at: 12:23:12
[TRACE ts=20260722-122312] runtime.model.family omnivoice
[TRACE ts=20260722-122312] runtime.model.variant omnivoice
[TRACE ts=20260722-122312] runtime.model.root /home/ipt/kawshik/tts-testing/audio.cpp/models/OmniVoice
[TRACE ts=20260722-122312] runtime.model.discovered_config_count 6
[TRACE ts=20260722-122312] runtime.model.discovered_weight_count 2
[TRACE ts=20260722-122312] runtime.model.task_count 1
[TRACE ts=20260722-122312] runtime.model.language_count 1
[TRACE ts=20260722-122312] runtime.model.supports_speaker_reference 1
[TRACE ts=20260722-122312] runtime.model.supports_style_condition 1
[TRACE ts=20260722-122312] runtime.model.supports_timestamps 0
ggml_cuda_init: found 1 CUDA devices (Total VRAM: 24111 MiB):
  Device 0: NVIDIA GeForce RTX 4090, compute capability 8.9, VMM: yes, VRAM: 24111 MiB
ggml_backend_cuda_graph_compute: CUDA graph warmup complete
[TIMING ts=20260722-122322] omnivoice.reference.encode_ms 1.507168
[TIMING ts=20260722-122322] omnivoice.encoder.graph.rebuilt 1
[TIMING ts=20260722-122322] omnivoice.session.prompt_ms 4.254709
[TIMING ts=20260722-122322] omnivoice.session.generate_ms 541.085535
[TIMING ts=20260722-122322] omnivoice.generator.graph.rebuilt 1
[TIMING ts=20260722-122322] omnivoice.generator.graph.rebuild_ms 3.890412
[TIMING ts=20260722-122322] omnivoice.session.decode_ms 9.964244
[TIMING ts=20260722-122322] omnivoice.decoder.graph.rebuilt 1
[TIMING ts=20260722-122322] omnivoice.decoder.graph.rebuild_ms 1.568174
[TIMING ts=20260722-122322] omnivoice.session.postprocess_ms 8.159187
[TIMING ts=20260722-122322] session.wall_ms 565.952291
family=omnivoice
task=tts
mode=offline
audio_out=./outputs/single_infer/audiocpp_omnivoice_clone_mdwt_q8_0_atwt_f16_step24.wav
  Completed at: 12:23:22
  Output: ./outputs/single_infer/audiocpp_omnivoice_clone_mdwt_q8_0_atwt_f16_step24.wav

[124/375] weight_type=q8_0 | audio_tokenizer_weight_type=bf16 | steps=24 -> audiocpp_omnivoice_clone_mdwt_q8_0_atwt_bf16_step24.wav
  Started at: 12:23:22
[TRACE ts=20260722-122322] runtime.model.family omnivoice
[TRACE ts=20260722-122322] runtime.model.variant omnivoice
[TRACE ts=20260722-122322] runtime.model.root /home/ipt/kawshik/tts-testing/audio.cpp/models/OmniVoice
[TRACE ts=20260722-122322] runtime.model.discovered_config_count 6
[TRACE ts=20260722-122322] runtime.model.discovered_weight_count 2
[TRACE ts=20260722-122322] runtime.model.task_count 1
[TRACE ts=20260722-122322] runtime.model.language_count 1
[TRACE ts=20260722-122322] runtime.model.supports_speaker_reference 1
[TRACE ts=20260722-122322] runtime.model.supports_style_condition 1
[TRACE ts=20260722-122322] runtime.model.supports_timestamps 0
ggml_cuda_init: found 1 CUDA devices (Total VRAM: 24111 MiB):
  Device 0: NVIDIA GeForce RTX 4090, compute capability 8.9, VMM: yes, VRAM: 24111 MiB
ggml_backend_cuda_graph_compute: CUDA graph warmup complete
[TIMING ts=20260722-122332] omnivoice.reference.encode_ms 1.694287
[TIMING ts=20260722-122332] omnivoice.encoder.graph.rebuilt 1
[TIMING ts=20260722-122332] omnivoice.session.prompt_ms 3.842613
[TIMING ts=20260722-122332] omnivoice.session.generate_ms 543.301489
[TIMING ts=20260722-122332] omnivoice.generator.graph.rebuilt 1
[TIMING ts=20260722-122332] omnivoice.generator.graph.rebuild_ms 3.707509
[TIMING ts=20260722-122332] omnivoice.session.decode_ms 10.083384
[TIMING ts=20260722-122332] omnivoice.decoder.graph.rebuilt 1
[TIMING ts=20260722-122332] omnivoice.decoder.graph.rebuild_ms 1.596098
[TIMING ts=20260722-122332] omnivoice.session.postprocess_ms 8.127413
[TIMING ts=20260722-122332] session.wall_ms 567.308841
family=omnivoice
task=tts
mode=offline
audio_out=./outputs/single_infer/audiocpp_omnivoice_clone_mdwt_q8_0_atwt_bf16_step24.wav
  Completed at: 12:23:33
  Output: ./outputs/single_infer/audiocpp_omnivoice_clone_mdwt_q8_0_atwt_bf16_step24.wav

[125/375] weight_type=q8_0 | audio_tokenizer_weight_type=q8_0 | steps=24 -> audiocpp_omnivoice_clone_mdwt_q8_0_atwt_q8_0_step24.wav
  Started at: 12:23:33
[TRACE ts=20260722-122333] runtime.model.family omnivoice
[TRACE ts=20260722-122333] runtime.model.variant omnivoice
[TRACE ts=20260722-122333] runtime.model.root /home/ipt/kawshik/tts-testing/audio.cpp/models/OmniVoice
[TRACE ts=20260722-122333] runtime.model.discovered_config_count 6
[TRACE ts=20260722-122333] runtime.model.discovered_weight_count 2
[TRACE ts=20260722-122333] runtime.model.task_count 1
[TRACE ts=20260722-122333] runtime.model.language_count 1
[TRACE ts=20260722-122333] runtime.model.supports_speaker_reference 1
[TRACE ts=20260722-122333] runtime.model.supports_style_condition 1
[TRACE ts=20260722-122333] runtime.model.supports_timestamps 0
ggml_cuda_init: found 1 CUDA devices (Total VRAM: 24111 MiB):
  Device 0: NVIDIA GeForce RTX 4090, compute capability 8.9, VMM: yes, VRAM: 24111 MiB
ggml_backend_cuda_graph_compute: CUDA graph warmup complete
[TIMING ts=20260722-122343] omnivoice.reference.encode_ms 1.37653
[TIMING ts=20260722-122343] omnivoice.encoder.graph.rebuilt 1
[TIMING ts=20260722-122343] omnivoice.session.prompt_ms 3.581829
[TIMING ts=20260722-122343] omnivoice.session.generate_ms 531.427634
[TIMING ts=20260722-122343] omnivoice.generator.graph.rebuilt 1
[TIMING ts=20260722-122343] omnivoice.generator.graph.rebuild_ms 3.372303
[TIMING ts=20260722-122343] omnivoice.session.decode_ms 44.557908
[TIMING ts=20260722-122343] omnivoice.decoder.graph.rebuilt 1
[TIMING ts=20260722-122343] omnivoice.decoder.graph.rebuild_ms 1.425039
[TIMING ts=20260722-122343] omnivoice.session.postprocess_ms 7.177984
[TIMING ts=20260722-122343] session.wall_ms 588.364336
family=omnivoice
task=tts
mode=offline
audio_out=./outputs/single_infer/audiocpp_omnivoice_clone_mdwt_q8_0_atwt_q8_0_step24.wav
  Completed at: 12:23:43
  Output: ./outputs/single_infer/audiocpp_omnivoice_clone_mdwt_q8_0_atwt_q8_0_step24.wav

[126/375] weight_type=native | audio_tokenizer_weight_type=native | steps=28 -> audiocpp_omnivoice_clone_mdwt_native_atwt_native_step28.wav
  Started at: 12:23:43
[TRACE ts=20260722-122343] runtime.model.family omnivoice
[TRACE ts=20260722-122343] runtime.model.variant omnivoice
[TRACE ts=20260722-122343] runtime.model.root /home/ipt/kawshik/tts-testing/audio.cpp/models/OmniVoice
[TRACE ts=20260722-122343] runtime.model.discovered_config_count 6
[TRACE ts=20260722-122343] runtime.model.discovered_weight_count 2
[TRACE ts=20260722-122343] runtime.model.task_count 1
[TRACE ts=20260722-122343] runtime.model.language_count 1
[TRACE ts=20260722-122343] runtime.model.supports_speaker_reference 1
[TRACE ts=20260722-122343] runtime.model.supports_style_condition 1
[TRACE ts=20260722-122343] runtime.model.supports_timestamps 0
ggml_cuda_init: found 1 CUDA devices (Total VRAM: 24111 MiB):
  Device 0: NVIDIA GeForce RTX 4090, compute capability 8.9, VMM: yes, VRAM: 24111 MiB
ggml_backend_cuda_graph_compute: CUDA graph warmup complete
[TIMING ts=20260722-122347] omnivoice.reference.encode_ms 1.742743
[TIMING ts=20260722-122347] omnivoice.encoder.graph.rebuilt 1
[TIMING ts=20260722-122347] omnivoice.session.prompt_ms 2.931438
[TIMING ts=20260722-122347] omnivoice.session.generate_ms 767.463982
[TIMING ts=20260722-122347] omnivoice.generator.graph.rebuilt 1
[TIMING ts=20260722-122347] omnivoice.generator.graph.rebuild_ms 2.991364
[TIMING ts=20260722-122347] omnivoice.session.decode_ms 51.154668
[TIMING ts=20260722-122347] omnivoice.decoder.graph.rebuilt 1
[TIMING ts=20260722-122347] omnivoice.decoder.graph.rebuild_ms 1.540899
[TIMING ts=20260722-122347] omnivoice.session.postprocess_ms 8.607783
[TIMING ts=20260722-122347] session.wall_ms 832.160981
family=omnivoice
task=tts
mode=offline
audio_out=./outputs/single_infer/audiocpp_omnivoice_clone_mdwt_native_atwt_native_step28.wav
  Completed at: 12:23:47
  Output: ./outputs/single_infer/audiocpp_omnivoice_clone_mdwt_native_atwt_native_step28.wav

[127/375] weight_type=native | audio_tokenizer_weight_type=f32 | steps=28 -> audiocpp_omnivoice_clone_mdwt_native_atwt_f32_step28.wav
  Started at: 12:23:47
[TRACE ts=20260722-122347] runtime.model.family omnivoice
[TRACE ts=20260722-122347] runtime.model.variant omnivoice
[TRACE ts=20260722-122347] runtime.model.root /home/ipt/kawshik/tts-testing/audio.cpp/models/OmniVoice
[TRACE ts=20260722-122347] runtime.model.discovered_config_count 6
[TRACE ts=20260722-122347] runtime.model.discovered_weight_count 2
[TRACE ts=20260722-122347] runtime.model.task_count 1
[TRACE ts=20260722-122347] runtime.model.language_count 1
[TRACE ts=20260722-122347] runtime.model.supports_speaker_reference 1
[TRACE ts=20260722-122347] runtime.model.supports_style_condition 1
[TRACE ts=20260722-122347] runtime.model.supports_timestamps 0
ggml_cuda_init: found 1 CUDA devices (Total VRAM: 24111 MiB):
  Device 0: NVIDIA GeForce RTX 4090, compute capability 8.9, VMM: yes, VRAM: 24111 MiB
ggml_backend_cuda_graph_compute: CUDA graph warmup complete
[TIMING ts=20260722-122351] omnivoice.reference.encode_ms 1.708803
[TIMING ts=20260722-122351] omnivoice.encoder.graph.rebuilt 1
[TIMING ts=20260722-122351] omnivoice.session.prompt_ms 2.850415
[TIMING ts=20260722-122351] omnivoice.session.generate_ms 748.935998
[TIMING ts=20260722-122351] omnivoice.generator.graph.rebuilt 1
[TIMING ts=20260722-122351] omnivoice.generator.graph.rebuild_ms 2.998193
[TIMING ts=20260722-122351] omnivoice.session.decode_ms 33.773319
[TIMING ts=20260722-122351] omnivoice.decoder.graph.rebuilt 1
[TIMING ts=20260722-122351] omnivoice.decoder.graph.rebuild_ms 1.338008
[TIMING ts=20260722-122351] omnivoice.session.postprocess_ms 6.63657
[TIMING ts=20260722-122351] session.wall_ms 794.169404
family=omnivoice
task=tts
mode=offline
audio_out=./outputs/single_infer/audiocpp_omnivoice_clone_mdwt_native_atwt_f32_step28.wav
  Completed at: 12:23:51
  Output: ./outputs/single_infer/audiocpp_omnivoice_clone_mdwt_native_atwt_f32_step28.wav

[128/375] weight_type=native | audio_tokenizer_weight_type=f16 | steps=28 -> audiocpp_omnivoice_clone_mdwt_native_atwt_f16_step28.wav
  Started at: 12:23:51
[TRACE ts=20260722-122352] runtime.model.family omnivoice
[TRACE ts=20260722-122352] runtime.model.variant omnivoice
[TRACE ts=20260722-122352] runtime.model.root /home/ipt/kawshik/tts-testing/audio.cpp/models/OmniVoice
[TRACE ts=20260722-122352] runtime.model.discovered_config_count 6
[TRACE ts=20260722-122352] runtime.model.discovered_weight_count 2
[TRACE ts=20260722-122352] runtime.model.task_count 1
[TRACE ts=20260722-122352] runtime.model.language_count 1
[TRACE ts=20260722-122352] runtime.model.supports_speaker_reference 1
[TRACE ts=20260722-122352] runtime.model.supports_style_condition 1
[TRACE ts=20260722-122352] runtime.model.supports_timestamps 0
ggml_cuda_init: found 1 CUDA devices (Total VRAM: 24111 MiB):
  Device 0: NVIDIA GeForce RTX 4090, compute capability 8.9, VMM: yes, VRAM: 24111 MiB
ggml_backend_cuda_graph_compute: CUDA graph warmup complete
[TIMING ts=20260722-122356] omnivoice.reference.encode_ms 3.265443
[TIMING ts=20260722-122356] omnivoice.encoder.graph.rebuilt 1
[TIMING ts=20260722-122356] omnivoice.session.prompt_ms 5.266543
[TIMING ts=20260722-122356] omnivoice.session.generate_ms 802.151595
[TIMING ts=20260722-122356] omnivoice.generator.graph.rebuilt 1
[TIMING ts=20260722-122356] omnivoice.generator.graph.rebuild_ms 6.141269
[TIMING ts=20260722-122356] omnivoice.session.decode_ms 10.538224
[TIMING ts=20260722-122356] omnivoice.decoder.graph.rebuilt 1
[TIMING ts=20260722-122356] omnivoice.decoder.graph.rebuild_ms 1.618021
[TIMING ts=20260722-122356] omnivoice.session.postprocess_ms 8.29144
[TIMING ts=20260722-122356] session.wall_ms 829.81012
family=omnivoice
task=tts
mode=offline
audio_out=./outputs/single_infer/audiocpp_omnivoice_clone_mdwt_native_atwt_f16_step28.wav
  Completed at: 12:23:56
  Output: ./outputs/single_infer/audiocpp_omnivoice_clone_mdwt_native_atwt_f16_step28.wav

[129/375] weight_type=native | audio_tokenizer_weight_type=bf16 | steps=28 -> audiocpp_omnivoice_clone_mdwt_native_atwt_bf16_step28.wav
  Started at: 12:23:56
[TRACE ts=20260722-122356] runtime.model.family omnivoice
[TRACE ts=20260722-122356] runtime.model.variant omnivoice
[TRACE ts=20260722-122356] runtime.model.root /home/ipt/kawshik/tts-testing/audio.cpp/models/OmniVoice
[TRACE ts=20260722-122356] runtime.model.discovered_config_count 6
[TRACE ts=20260722-122356] runtime.model.discovered_weight_count 2
[TRACE ts=20260722-122356] runtime.model.task_count 1
[TRACE ts=20260722-122356] runtime.model.language_count 1
[TRACE ts=20260722-122356] runtime.model.supports_speaker_reference 1
[TRACE ts=20260722-122356] runtime.model.supports_style_condition 1
[TRACE ts=20260722-122356] runtime.model.supports_timestamps 0
ggml_cuda_init: found 1 CUDA devices (Total VRAM: 24111 MiB):
  Device 0: NVIDIA GeForce RTX 4090, compute capability 8.9, VMM: yes, VRAM: 24111 MiB
ggml_backend_cuda_graph_compute: CUDA graph warmup complete
[TIMING ts=20260722-122401] omnivoice.reference.encode_ms 1.694407
[TIMING ts=20260722-122401] omnivoice.encoder.graph.rebuilt 1
[TIMING ts=20260722-122401] omnivoice.session.prompt_ms 6.322879
[TIMING ts=20260722-122401] omnivoice.session.generate_ms 770.58881
[TIMING ts=20260722-122401] omnivoice.generator.graph.rebuilt 1
[TIMING ts=20260722-122401] omnivoice.generator.graph.rebuild_ms 3.703949
[TIMING ts=20260722-122401] omnivoice.session.decode_ms 9.801424
[TIMING ts=20260722-122401] omnivoice.decoder.graph.rebuilt 1
[TIMING ts=20260722-122401] omnivoice.decoder.graph.rebuild_ms 1.5021
[TIMING ts=20260722-122401] omnivoice.session.postprocess_ms 7.291981
[TIMING ts=20260722-122401] session.wall_ms 795.963478
family=omnivoice
task=tts
mode=offline
audio_out=./outputs/single_infer/audiocpp_omnivoice_clone_mdwt_native_atwt_bf16_step28.wav
  Completed at: 12:24:01
  Output: ./outputs/single_infer/audiocpp_omnivoice_clone_mdwt_native_atwt_bf16_step28.wav

[130/375] weight_type=native | audio_tokenizer_weight_type=q8_0 | steps=28 -> audiocpp_omnivoice_clone_mdwt_native_atwt_q8_0_step28.wav
  Started at: 12:24:01
[TRACE ts=20260722-122401] runtime.model.family omnivoice
[TRACE ts=20260722-122401] runtime.model.variant omnivoice
[TRACE ts=20260722-122401] runtime.model.root /home/ipt/kawshik/tts-testing/audio.cpp/models/OmniVoice
[TRACE ts=20260722-122401] runtime.model.discovered_config_count 6
[TRACE ts=20260722-122401] runtime.model.discovered_weight_count 2
[TRACE ts=20260722-122401] runtime.model.task_count 1
[TRACE ts=20260722-122401] runtime.model.language_count 1
[TRACE ts=20260722-122401] runtime.model.supports_speaker_reference 1
[TRACE ts=20260722-122401] runtime.model.supports_style_condition 1
[TRACE ts=20260722-122401] runtime.model.supports_timestamps 0
ggml_cuda_init: found 1 CUDA devices (Total VRAM: 24111 MiB):
  Device 0: NVIDIA GeForce RTX 4090, compute capability 8.9, VMM: yes, VRAM: 24111 MiB
ggml_backend_cuda_graph_compute: CUDA graph warmup complete
[TIMING ts=20260722-122406] omnivoice.reference.encode_ms 1.808097
[TIMING ts=20260722-122406] omnivoice.encoder.graph.rebuilt 1
[TIMING ts=20260722-122406] omnivoice.session.prompt_ms 4.736044
[TIMING ts=20260722-122406] omnivoice.session.generate_ms 762.041326
[TIMING ts=20260722-122406] omnivoice.generator.graph.rebuilt 1
[TIMING ts=20260722-122406] omnivoice.generator.graph.rebuild_ms 4.366679
[TIMING ts=20260722-122406] omnivoice.session.decode_ms 43.655544
[TIMING ts=20260722-122406] omnivoice.decoder.graph.rebuilt 1
[TIMING ts=20260722-122406] omnivoice.decoder.graph.rebuild_ms 1.558332
[TIMING ts=20260722-122406] omnivoice.session.postprocess_ms 7.240931
[TIMING ts=20260722-122406] session.wall_ms 819.797439
family=omnivoice
task=tts
mode=offline
audio_out=./outputs/single_infer/audiocpp_omnivoice_clone_mdwt_native_atwt_q8_0_step28.wav
  Completed at: 12:24:06
  Output: ./outputs/single_infer/audiocpp_omnivoice_clone_mdwt_native_atwt_q8_0_step28.wav

[131/375] weight_type=f32 | audio_tokenizer_weight_type=native | steps=28 -> audiocpp_omnivoice_clone_mdwt_f32_atwt_native_step28.wav
  Started at: 12:24:06
[TRACE ts=20260722-122406] runtime.model.family omnivoice
[TRACE ts=20260722-122406] runtime.model.variant omnivoice
[TRACE ts=20260722-122406] runtime.model.root /home/ipt/kawshik/tts-testing/audio.cpp/models/OmniVoice
[TRACE ts=20260722-122406] runtime.model.discovered_config_count 6
[TRACE ts=20260722-122406] runtime.model.discovered_weight_count 2
[TRACE ts=20260722-122406] runtime.model.task_count 1
[TRACE ts=20260722-122406] runtime.model.language_count 1
[TRACE ts=20260722-122406] runtime.model.supports_speaker_reference 1
[TRACE ts=20260722-122406] runtime.model.supports_style_condition 1
[TRACE ts=20260722-122406] runtime.model.supports_timestamps 0
ggml_cuda_init: found 1 CUDA devices (Total VRAM: 24111 MiB):
  Device 0: NVIDIA GeForce RTX 4090, compute capability 8.9, VMM: yes, VRAM: 24111 MiB
ggml_backend_cuda_graph_compute: CUDA graph warmup complete
[TIMING ts=20260722-122410] omnivoice.reference.encode_ms 1.694283
[TIMING ts=20260722-122410] omnivoice.encoder.graph.rebuilt 1
[TIMING ts=20260722-122410] omnivoice.session.prompt_ms 2.892737
[TIMING ts=20260722-122410] omnivoice.session.generate_ms 761.238609
[TIMING ts=20260722-122410] omnivoice.generator.graph.rebuilt 1
[TIMING ts=20260722-122410] omnivoice.generator.graph.rebuild_ms 3.006211
[TIMING ts=20260722-122410] omnivoice.session.decode_ms 45.063205
[TIMING ts=20260722-122410] omnivoice.decoder.graph.rebuilt 1
[TIMING ts=20260722-122410] omnivoice.decoder.graph.rebuild_ms 1.628825
[TIMING ts=20260722-122410] omnivoice.session.postprocess_ms 8.58441
[TIMING ts=20260722-122410] session.wall_ms 819.738041
family=omnivoice
task=tts
mode=offline
audio_out=./outputs/single_infer/audiocpp_omnivoice_clone_mdwt_f32_atwt_native_step28.wav
  Completed at: 12:24:10
  Output: ./outputs/single_infer/audiocpp_omnivoice_clone_mdwt_f32_atwt_native_step28.wav

[132/375] weight_type=f32 | audio_tokenizer_weight_type=f32 | steps=28 -> audiocpp_omnivoice_clone_mdwt_f32_atwt_f32_step28.wav
  Started at: 12:24:10
[TRACE ts=20260722-122411] runtime.model.family omnivoice
[TRACE ts=20260722-122411] runtime.model.variant omnivoice
[TRACE ts=20260722-122411] runtime.model.root /home/ipt/kawshik/tts-testing/audio.cpp/models/OmniVoice
[TRACE ts=20260722-122411] runtime.model.discovered_config_count 6
[TRACE ts=20260722-122411] runtime.model.discovered_weight_count 2
[TRACE ts=20260722-122411] runtime.model.task_count 1
[TRACE ts=20260722-122411] runtime.model.language_count 1
[TRACE ts=20260722-122411] runtime.model.supports_speaker_reference 1
[TRACE ts=20260722-122411] runtime.model.supports_style_condition 1
[TRACE ts=20260722-122411] runtime.model.supports_timestamps 0
ggml_cuda_init: found 1 CUDA devices (Total VRAM: 24111 MiB):
  Device 0: NVIDIA GeForce RTX 4090, compute capability 8.9, VMM: yes, VRAM: 24111 MiB
ggml_backend_cuda_graph_compute: CUDA graph warmup complete
[TIMING ts=20260722-122414] omnivoice.reference.encode_ms 1.323717
[TIMING ts=20260722-122414] omnivoice.encoder.graph.rebuilt 1
[TIMING ts=20260722-122414] omnivoice.session.prompt_ms 2.307848
[TIMING ts=20260722-122414] omnivoice.session.generate_ms 757.009698
[TIMING ts=20260722-122414] omnivoice.generator.graph.rebuilt 1
[TIMING ts=20260722-122414] omnivoice.generator.graph.rebuild_ms 2.504735
[TIMING ts=20260722-122414] omnivoice.session.decode_ms 39.098456
[TIMING ts=20260722-122414] omnivoice.decoder.graph.rebuilt 1
[TIMING ts=20260722-122414] omnivoice.decoder.graph.rebuild_ms 1.576216
[TIMING ts=20260722-122414] omnivoice.session.postprocess_ms 7.831896
[TIMING ts=20260722-122414] session.wall_ms 807.820692
family=omnivoice
task=tts
mode=offline
audio_out=./outputs/single_infer/audiocpp_omnivoice_clone_mdwt_f32_atwt_f32_step28.wav
  Completed at: 12:24:15
  Output: ./outputs/single_infer/audiocpp_omnivoice_clone_mdwt_f32_atwt_f32_step28.wav

[133/375] weight_type=f32 | audio_tokenizer_weight_type=f16 | steps=28 -> audiocpp_omnivoice_clone_mdwt_f32_atwt_f16_step28.wav
  Started at: 12:24:15
[TRACE ts=20260722-122415] runtime.model.family omnivoice
[TRACE ts=20260722-122415] runtime.model.variant omnivoice
[TRACE ts=20260722-122415] runtime.model.root /home/ipt/kawshik/tts-testing/audio.cpp/models/OmniVoice
[TRACE ts=20260722-122415] runtime.model.discovered_config_count 6
[TRACE ts=20260722-122415] runtime.model.discovered_weight_count 2
[TRACE ts=20260722-122415] runtime.model.task_count 1
[TRACE ts=20260722-122415] runtime.model.language_count 1
[TRACE ts=20260722-122415] runtime.model.supports_speaker_reference 1
[TRACE ts=20260722-122415] runtime.model.supports_style_condition 1
[TRACE ts=20260722-122415] runtime.model.supports_timestamps 0
ggml_cuda_init: found 1 CUDA devices (Total VRAM: 24111 MiB):
  Device 0: NVIDIA GeForce RTX 4090, compute capability 8.9, VMM: yes, VRAM: 24111 MiB
ggml_backend_cuda_graph_compute: CUDA graph warmup complete
[TIMING ts=20260722-122419] omnivoice.reference.encode_ms 1.694156
[TIMING ts=20260722-122419] omnivoice.encoder.graph.rebuilt 1
[TIMING ts=20260722-122419] omnivoice.session.prompt_ms 2.875693
[TIMING ts=20260722-122419] omnivoice.session.generate_ms 770.965073
[TIMING ts=20260722-122419] omnivoice.generator.graph.rebuilt 1
[TIMING ts=20260722-122419] omnivoice.generator.graph.rebuild_ms 3.781105
[TIMING ts=20260722-122419] omnivoice.session.decode_ms 9.886499
[TIMING ts=20260722-122419] omnivoice.decoder.graph.rebuilt 1
[TIMING ts=20260722-122419] omnivoice.decoder.graph.rebuild_ms 1.566062
[TIMING ts=20260722-122419] omnivoice.session.postprocess_ms 8.373157
[TIMING ts=20260722-122419] session.wall_ms 794.054967
family=omnivoice
task=tts
mode=offline
audio_out=./outputs/single_infer/audiocpp_omnivoice_clone_mdwt_f32_atwt_f16_step28.wav
  Completed at: 12:24:20
  Output: ./outputs/single_infer/audiocpp_omnivoice_clone_mdwt_f32_atwt_f16_step28.wav

[134/375] weight_type=f32 | audio_tokenizer_weight_type=bf16 | steps=28 -> audiocpp_omnivoice_clone_mdwt_f32_atwt_bf16_step28.wav
  Started at: 12:24:20
[TRACE ts=20260722-122420] runtime.model.family omnivoice
[TRACE ts=20260722-122420] runtime.model.variant omnivoice
[TRACE ts=20260722-122420] runtime.model.root /home/ipt/kawshik/tts-testing/audio.cpp/models/OmniVoice
[TRACE ts=20260722-122420] runtime.model.discovered_config_count 6
[TRACE ts=20260722-122420] runtime.model.discovered_weight_count 2
[TRACE ts=20260722-122420] runtime.model.task_count 1
[TRACE ts=20260722-122420] runtime.model.language_count 1
[TRACE ts=20260722-122420] runtime.model.supports_speaker_reference 1
[TRACE ts=20260722-122420] runtime.model.supports_style_condition 1
[TRACE ts=20260722-122420] runtime.model.supports_timestamps 0
ggml_cuda_init: found 1 CUDA devices (Total VRAM: 24111 MiB):
  Device 0: NVIDIA GeForce RTX 4090, compute capability 8.9, VMM: yes, VRAM: 24111 MiB
ggml_backend_cuda_graph_compute: CUDA graph warmup complete
[TIMING ts=20260722-122424] omnivoice.reference.encode_ms 1.502959
[TIMING ts=20260722-122424] omnivoice.encoder.graph.rebuilt 1
[TIMING ts=20260722-122424] omnivoice.session.prompt_ms 3.593408
[TIMING ts=20260722-122424] omnivoice.session.generate_ms 756.212562
[TIMING ts=20260722-122424] omnivoice.generator.graph.rebuilt 1
[TIMING ts=20260722-122424] omnivoice.generator.graph.rebuild_ms 3.226085
[TIMING ts=20260722-122424] omnivoice.session.decode_ms 9.571936
[TIMING ts=20260722-122424] omnivoice.decoder.graph.rebuilt 1
[TIMING ts=20260722-122424] omnivoice.decoder.graph.rebuild_ms 1.288889
[TIMING ts=20260722-122424] omnivoice.session.postprocess_ms 6.659334
[TIMING ts=20260722-122424] session.wall_ms 777.758883
family=omnivoice
task=tts
mode=offline
audio_out=./outputs/single_infer/audiocpp_omnivoice_clone_mdwt_f32_atwt_bf16_step28.wav
  Completed at: 12:24:25
  Output: ./outputs/single_infer/audiocpp_omnivoice_clone_mdwt_f32_atwt_bf16_step28.wav

[135/375] weight_type=f32 | audio_tokenizer_weight_type=q8_0 | steps=28 -> audiocpp_omnivoice_clone_mdwt_f32_atwt_q8_0_step28.wav
  Started at: 12:24:25
[TRACE ts=20260722-122425] runtime.model.family omnivoice
[TRACE ts=20260722-122425] runtime.model.variant omnivoice
[TRACE ts=20260722-122425] runtime.model.root /home/ipt/kawshik/tts-testing/audio.cpp/models/OmniVoice
[TRACE ts=20260722-122425] runtime.model.discovered_config_count 6
[TRACE ts=20260722-122425] runtime.model.discovered_weight_count 2
[TRACE ts=20260722-122425] runtime.model.task_count 1
[TRACE ts=20260722-122425] runtime.model.language_count 1
[TRACE ts=20260722-122425] runtime.model.supports_speaker_reference 1
[TRACE ts=20260722-122425] runtime.model.supports_style_condition 1
[TRACE ts=20260722-122425] runtime.model.supports_timestamps 0
ggml_cuda_init: found 1 CUDA devices (Total VRAM: 24111 MiB):
  Device 0: NVIDIA GeForce RTX 4090, compute capability 8.9, VMM: yes, VRAM: 24111 MiB
ggml_backend_cuda_graph_compute: CUDA graph warmup complete
[TIMING ts=20260722-122430] omnivoice.reference.encode_ms 1.694203
[TIMING ts=20260722-122430] omnivoice.encoder.graph.rebuilt 1
[TIMING ts=20260722-122430] omnivoice.session.prompt_ms 4.165307
[TIMING ts=20260722-122430] omnivoice.session.generate_ms 771.175401
[TIMING ts=20260722-122430] omnivoice.generator.graph.rebuilt 1
[TIMING ts=20260722-122430] omnivoice.generator.graph.rebuild_ms 3.795701
[TIMING ts=20260722-122430] omnivoice.session.decode_ms 43.726913
[TIMING ts=20260722-122430] omnivoice.decoder.graph.rebuilt 1
[TIMING ts=20260722-122430] omnivoice.decoder.graph.rebuild_ms 1.353849
[TIMING ts=20260722-122430] omnivoice.session.postprocess_ms 8.016675
[TIMING ts=20260722-122430] session.wall_ms 829.03962
family=omnivoice
task=tts
mode=offline
audio_out=./outputs/single_infer/audiocpp_omnivoice_clone_mdwt_f32_atwt_q8_0_step28.wav
  Completed at: 12:24:30
  Output: ./outputs/single_infer/audiocpp_omnivoice_clone_mdwt_f32_atwt_q8_0_step28.wav

[136/375] weight_type=f16 | audio_tokenizer_weight_type=native | steps=28 -> audiocpp_omnivoice_clone_mdwt_f16_atwt_native_step28.wav
  Started at: 12:24:30
[TRACE ts=20260722-122430] runtime.model.family omnivoice
[TRACE ts=20260722-122430] runtime.model.variant omnivoice
[TRACE ts=20260722-122430] runtime.model.root /home/ipt/kawshik/tts-testing/audio.cpp/models/OmniVoice
[TRACE ts=20260722-122430] runtime.model.discovered_config_count 6
[TRACE ts=20260722-122430] runtime.model.discovered_weight_count 2
[TRACE ts=20260722-122430] runtime.model.task_count 1
[TRACE ts=20260722-122430] runtime.model.language_count 1
[TRACE ts=20260722-122430] runtime.model.supports_speaker_reference 1
[TRACE ts=20260722-122430] runtime.model.supports_style_condition 1
[TRACE ts=20260722-122430] runtime.model.supports_timestamps 0
ggml_cuda_init: found 1 CUDA devices (Total VRAM: 24111 MiB):
  Device 0: NVIDIA GeForce RTX 4090, compute capability 8.9, VMM: yes, VRAM: 24111 MiB
ggml_backend_cuda_graph_compute: CUDA graph warmup complete
[TIMING ts=20260722-122439] omnivoice.reference.encode_ms 1.713369
[TIMING ts=20260722-122439] omnivoice.encoder.graph.rebuilt 1
[TIMING ts=20260722-122439] omnivoice.session.prompt_ms 2.977166
[TIMING ts=20260722-122439] omnivoice.session.generate_ms 670.613895
[TIMING ts=20260722-122439] omnivoice.generator.graph.rebuilt 1
[TIMING ts=20260722-122439] omnivoice.generator.graph.rebuild_ms 3.410753
[TIMING ts=20260722-122439] omnivoice.session.decode_ms 42.891939
[TIMING ts=20260722-122439] omnivoice.decoder.graph.rebuilt 1
[TIMING ts=20260722-122439] omnivoice.decoder.graph.rebuild_ms 1.62895
[TIMING ts=20260722-122439] omnivoice.session.postprocess_ms 9.868036
[TIMING ts=20260722-122439] session.wall_ms 728.322814
family=omnivoice
task=tts
mode=offline
audio_out=./outputs/single_infer/audiocpp_omnivoice_clone_mdwt_f16_atwt_native_step28.wav
  Completed at: 12:24:40
  Output: ./outputs/single_infer/audiocpp_omnivoice_clone_mdwt_f16_atwt_native_step28.wav

[137/375] weight_type=f16 | audio_tokenizer_weight_type=f32 | steps=28 -> audiocpp_omnivoice_clone_mdwt_f16_atwt_f32_step28.wav
  Started at: 12:24:40
[TRACE ts=20260722-122440] runtime.model.family omnivoice
[TRACE ts=20260722-122440] runtime.model.variant omnivoice
[TRACE ts=20260722-122440] runtime.model.root /home/ipt/kawshik/tts-testing/audio.cpp/models/OmniVoice
[TRACE ts=20260722-122440] runtime.model.discovered_config_count 6
[TRACE ts=20260722-122440] runtime.model.discovered_weight_count 2
[TRACE ts=20260722-122440] runtime.model.task_count 1
[TRACE ts=20260722-122440] runtime.model.language_count 1
[TRACE ts=20260722-122440] runtime.model.supports_speaker_reference 1
[TRACE ts=20260722-122440] runtime.model.supports_style_condition 1
[TRACE ts=20260722-122440] runtime.model.supports_timestamps 0
ggml_cuda_init: found 1 CUDA devices (Total VRAM: 24111 MiB):
  Device 0: NVIDIA GeForce RTX 4090, compute capability 8.9, VMM: yes, VRAM: 24111 MiB
ggml_backend_cuda_graph_compute: CUDA graph warmup complete
[TIMING ts=20260722-122449] omnivoice.reference.encode_ms 1.352497
[TIMING ts=20260722-122449] omnivoice.encoder.graph.rebuilt 1
[TIMING ts=20260722-122449] omnivoice.session.prompt_ms 2.269527
[TIMING ts=20260722-122449] omnivoice.session.generate_ms 625.843888
[TIMING ts=20260722-122449] omnivoice.generator.graph.rebuilt 1
[TIMING ts=20260722-122449] omnivoice.generator.graph.rebuild_ms 2.769753
[TIMING ts=20260722-122449] omnivoice.session.decode_ms 35.76682
[TIMING ts=20260722-122449] omnivoice.decoder.graph.rebuilt 1
[TIMING ts=20260722-122449] omnivoice.decoder.graph.rebuild_ms 1.36489
[TIMING ts=20260722-122449] omnivoice.session.postprocess_ms 8.472561
[TIMING ts=20260722-122449] session.wall_ms 673.924806
family=omnivoice
task=tts
mode=offline
audio_out=./outputs/single_infer/audiocpp_omnivoice_clone_mdwt_f16_atwt_f32_step28.wav
  Completed at: 12:24:49
  Output: ./outputs/single_infer/audiocpp_omnivoice_clone_mdwt_f16_atwt_f32_step28.wav

[138/375] weight_type=f16 | audio_tokenizer_weight_type=f16 | steps=28 -> audiocpp_omnivoice_clone_mdwt_f16_atwt_f16_step28.wav
  Started at: 12:24:49
[TRACE ts=20260722-122449] runtime.model.family omnivoice
[TRACE ts=20260722-122449] runtime.model.variant omnivoice
[TRACE ts=20260722-122449] runtime.model.root /home/ipt/kawshik/tts-testing/audio.cpp/models/OmniVoice
[TRACE ts=20260722-122449] runtime.model.discovered_config_count 6
[TRACE ts=20260722-122449] runtime.model.discovered_weight_count 2
[TRACE ts=20260722-122449] runtime.model.task_count 1
[TRACE ts=20260722-122449] runtime.model.language_count 1
[TRACE ts=20260722-122449] runtime.model.supports_speaker_reference 1
[TRACE ts=20260722-122449] runtime.model.supports_style_condition 1
[TRACE ts=20260722-122449] runtime.model.supports_timestamps 0
ggml_cuda_init: found 1 CUDA devices (Total VRAM: 24111 MiB):
  Device 0: NVIDIA GeForce RTX 4090, compute capability 8.9, VMM: yes, VRAM: 24111 MiB
ggml_backend_cuda_graph_compute: CUDA graph warmup complete
[TIMING ts=20260722-122459] omnivoice.reference.encode_ms 1.33429
[TIMING ts=20260722-122459] omnivoice.encoder.graph.rebuilt 1
[TIMING ts=20260722-122459] omnivoice.session.prompt_ms 2.867893
[TIMING ts=20260722-122459] omnivoice.session.generate_ms 581.986399
[TIMING ts=20260722-122459] omnivoice.generator.graph.rebuilt 1
[TIMING ts=20260722-122459] omnivoice.generator.graph.rebuild_ms 3.176869
[TIMING ts=20260722-122459] omnivoice.session.decode_ms 9.090039
[TIMING ts=20260722-122459] omnivoice.decoder.graph.rebuilt 1
[TIMING ts=20260722-122459] omnivoice.decoder.graph.rebuild_ms 1.347162
[TIMING ts=20260722-122459] omnivoice.session.postprocess_ms 7.38294
[TIMING ts=20260722-122459] session.wall_ms 602.870619
family=omnivoice
task=tts
mode=offline
audio_out=./outputs/single_infer/audiocpp_omnivoice_clone_mdwt_f16_atwt_f16_step28.wav
  Completed at: 12:24:59
  Output: ./outputs/single_infer/audiocpp_omnivoice_clone_mdwt_f16_atwt_f16_step28.wav

[139/375] weight_type=f16 | audio_tokenizer_weight_type=bf16 | steps=28 -> audiocpp_omnivoice_clone_mdwt_f16_atwt_bf16_step28.wav
  Started at: 12:24:59
[TRACE ts=20260722-122459] runtime.model.family omnivoice
[TRACE ts=20260722-122459] runtime.model.variant omnivoice
[TRACE ts=20260722-122459] runtime.model.root /home/ipt/kawshik/tts-testing/audio.cpp/models/OmniVoice
[TRACE ts=20260722-122459] runtime.model.discovered_config_count 6
[TRACE ts=20260722-122459] runtime.model.discovered_weight_count 2
[TRACE ts=20260722-122459] runtime.model.task_count 1
[TRACE ts=20260722-122459] runtime.model.language_count 1
[TRACE ts=20260722-122459] runtime.model.supports_speaker_reference 1
[TRACE ts=20260722-122459] runtime.model.supports_style_condition 1
[TRACE ts=20260722-122459] runtime.model.supports_timestamps 0
ggml_cuda_init: found 1 CUDA devices (Total VRAM: 24111 MiB):
  Device 0: NVIDIA GeForce RTX 4090, compute capability 8.9, VMM: yes, VRAM: 24111 MiB
ggml_backend_cuda_graph_compute: CUDA graph warmup complete
[TIMING ts=20260722-122508] omnivoice.reference.encode_ms 1.492595
[TIMING ts=20260722-122508] omnivoice.encoder.graph.rebuilt 1
[TIMING ts=20260722-122508] omnivoice.session.prompt_ms 3.549437
[TIMING ts=20260722-122508] omnivoice.session.generate_ms 592.250052
[TIMING ts=20260722-122508] omnivoice.generator.graph.rebuilt 1
[TIMING ts=20260722-122508] omnivoice.generator.graph.rebuild_ms 3.390783
[TIMING ts=20260722-122508] omnivoice.session.decode_ms 9.298737
[TIMING ts=20260722-122508] omnivoice.decoder.graph.rebuilt 1
[TIMING ts=20260722-122508] omnivoice.decoder.graph.rebuild_ms 1.42344
[TIMING ts=20260722-122508] omnivoice.session.postprocess_ms 7.218438
[TIMING ts=20260722-122508] session.wall_ms 614.046168
family=omnivoice
task=tts
mode=offline
audio_out=./outputs/single_infer/audiocpp_omnivoice_clone_mdwt_f16_atwt_bf16_step28.wav
  Completed at: 12:25:08
  Output: ./outputs/single_infer/audiocpp_omnivoice_clone_mdwt_f16_atwt_bf16_step28.wav

[140/375] weight_type=f16 | audio_tokenizer_weight_type=q8_0 | steps=28 -> audiocpp_omnivoice_clone_mdwt_f16_atwt_q8_0_step28.wav
  Started at: 12:25:08
[TRACE ts=20260722-122508] runtime.model.family omnivoice
[TRACE ts=20260722-122508] runtime.model.variant omnivoice
[TRACE ts=20260722-122508] runtime.model.root /home/ipt/kawshik/tts-testing/audio.cpp/models/OmniVoice
[TRACE ts=20260722-122508] runtime.model.discovered_config_count 6
[TRACE ts=20260722-122508] runtime.model.discovered_weight_count 2
[TRACE ts=20260722-122508] runtime.model.task_count 1
[TRACE ts=20260722-122508] runtime.model.language_count 1
[TRACE ts=20260722-122508] runtime.model.supports_speaker_reference 1
[TRACE ts=20260722-122508] runtime.model.supports_style_condition 1
[TRACE ts=20260722-122508] runtime.model.supports_timestamps 0
ggml_cuda_init: found 1 CUDA devices (Total VRAM: 24111 MiB):
  Device 0: NVIDIA GeForce RTX 4090, compute capability 8.9, VMM: yes, VRAM: 24111 MiB
ggml_backend_cuda_graph_compute: CUDA graph warmup complete
[TIMING ts=20260722-122519] omnivoice.reference.encode_ms 1.298922
[TIMING ts=20260722-122519] omnivoice.encoder.graph.rebuilt 1
[TIMING ts=20260722-122519] omnivoice.session.prompt_ms 3.508599
[TIMING ts=20260722-122519] omnivoice.session.generate_ms 584.787857
[TIMING ts=20260722-122519] omnivoice.generator.graph.rebuilt 1
[TIMING ts=20260722-122519] omnivoice.generator.graph.rebuild_ms 3.400898
[TIMING ts=20260722-122519] omnivoice.session.decode_ms 43.556781
[TIMING ts=20260722-122519] omnivoice.decoder.graph.rebuilt 1
[TIMING ts=20260722-122519] omnivoice.decoder.graph.rebuild_ms 1.393789
[TIMING ts=20260722-122519] omnivoice.session.postprocess_ms 7.734829
[TIMING ts=20260722-122519] session.wall_ms 641.106656
family=omnivoice
task=tts
mode=offline
audio_out=./outputs/single_infer/audiocpp_omnivoice_clone_mdwt_f16_atwt_q8_0_step28.wav
  Completed at: 12:25:19
  Output: ./outputs/single_infer/audiocpp_omnivoice_clone_mdwt_f16_atwt_q8_0_step28.wav

[141/375] weight_type=bf16 | audio_tokenizer_weight_type=native | steps=28 -> audiocpp_omnivoice_clone_mdwt_bf16_atwt_native_step28.wav
  Started at: 12:25:19
[TRACE ts=20260722-122519] runtime.model.family omnivoice
[TRACE ts=20260722-122519] runtime.model.variant omnivoice
[TRACE ts=20260722-122519] runtime.model.root /home/ipt/kawshik/tts-testing/audio.cpp/models/OmniVoice
[TRACE ts=20260722-122519] runtime.model.discovered_config_count 6
[TRACE ts=20260722-122519] runtime.model.discovered_weight_count 2
[TRACE ts=20260722-122519] runtime.model.task_count 1
[TRACE ts=20260722-122519] runtime.model.language_count 1
[TRACE ts=20260722-122519] runtime.model.supports_speaker_reference 1
[TRACE ts=20260722-122519] runtime.model.supports_style_condition 1
[TRACE ts=20260722-122519] runtime.model.supports_timestamps 0
ggml_cuda_init: found 1 CUDA devices (Total VRAM: 24111 MiB):
  Device 0: NVIDIA GeForce RTX 4090, compute capability 8.9, VMM: yes, VRAM: 24111 MiB
ggml_backend_cuda_graph_compute: CUDA graph warmup complete
[TIMING ts=20260722-122526] omnivoice.reference.encode_ms 1.542947
[TIMING ts=20260722-122526] omnivoice.encoder.graph.rebuilt 1
[TIMING ts=20260722-122526] omnivoice.session.prompt_ms 2.497892
[TIMING ts=20260722-122526] omnivoice.session.generate_ms 758.577396
[TIMING ts=20260722-122526] omnivoice.generator.graph.rebuilt 1
[TIMING ts=20260722-122526] omnivoice.generator.graph.rebuild_ms 2.964615
[TIMING ts=20260722-122526] omnivoice.session.decode_ms 36.831009
[TIMING ts=20260722-122526] omnivoice.decoder.graph.rebuilt 1
[TIMING ts=20260722-122526] omnivoice.decoder.graph.rebuild_ms 1.404316
[TIMING ts=20260722-122526] omnivoice.session.postprocess_ms 7.250838
[TIMING ts=20260722-122526] session.wall_ms 806.915536
family=omnivoice
task=tts
mode=offline
audio_out=./outputs/single_infer/audiocpp_omnivoice_clone_mdwt_bf16_atwt_native_step28.wav
  Completed at: 12:25:27
  Output: ./outputs/single_infer/audiocpp_omnivoice_clone_mdwt_bf16_atwt_native_step28.wav

[142/375] weight_type=bf16 | audio_tokenizer_weight_type=f32 | steps=28 -> audiocpp_omnivoice_clone_mdwt_bf16_atwt_f32_step28.wav
  Started at: 12:25:27
[TRACE ts=20260722-122527] runtime.model.family omnivoice
[TRACE ts=20260722-122527] runtime.model.variant omnivoice
[TRACE ts=20260722-122527] runtime.model.root /home/ipt/kawshik/tts-testing/audio.cpp/models/OmniVoice
[TRACE ts=20260722-122527] runtime.model.discovered_config_count 6
[TRACE ts=20260722-122527] runtime.model.discovered_weight_count 2
[TRACE ts=20260722-122527] runtime.model.task_count 1
[TRACE ts=20260722-122527] runtime.model.language_count 1
[TRACE ts=20260722-122527] runtime.model.supports_speaker_reference 1
[TRACE ts=20260722-122527] runtime.model.supports_style_condition 1
[TRACE ts=20260722-122527] runtime.model.supports_timestamps 0
ggml_cuda_init: found 1 CUDA devices (Total VRAM: 24111 MiB):
  Device 0: NVIDIA GeForce RTX 4090, compute capability 8.9, VMM: yes, VRAM: 24111 MiB
ggml_backend_cuda_graph_compute: CUDA graph warmup complete
[TIMING ts=20260722-122534] omnivoice.reference.encode_ms 1.4332
[TIMING ts=20260722-122534] omnivoice.encoder.graph.rebuilt 1
[TIMING ts=20260722-122534] omnivoice.session.prompt_ms 2.336048
[TIMING ts=20260722-122534] omnivoice.session.generate_ms 758.543478
[TIMING ts=20260722-122534] omnivoice.generator.graph.rebuilt 1
[TIMING ts=20260722-122534] omnivoice.generator.graph.rebuild_ms 2.813121
[TIMING ts=20260722-122534] omnivoice.session.decode_ms 38.065794
[TIMING ts=20260722-122534] omnivoice.decoder.graph.rebuilt 1
[TIMING ts=20260722-122534] omnivoice.decoder.graph.rebuild_ms 1.585692
[TIMING ts=20260722-122534] omnivoice.session.postprocess_ms 7.781908
[TIMING ts=20260722-122534] session.wall_ms 808.36634
family=omnivoice
task=tts
mode=offline
audio_out=./outputs/single_infer/audiocpp_omnivoice_clone_mdwt_bf16_atwt_f32_step28.wav
  Completed at: 12:25:35
  Output: ./outputs/single_infer/audiocpp_omnivoice_clone_mdwt_bf16_atwt_f32_step28.wav

[143/375] weight_type=bf16 | audio_tokenizer_weight_type=f16 | steps=28 -> audiocpp_omnivoice_clone_mdwt_bf16_atwt_f16_step28.wav
  Started at: 12:25:35
[TRACE ts=20260722-122535] runtime.model.family omnivoice
[TRACE ts=20260722-122535] runtime.model.variant omnivoice
[TRACE ts=20260722-122535] runtime.model.root /home/ipt/kawshik/tts-testing/audio.cpp/models/OmniVoice
[TRACE ts=20260722-122535] runtime.model.discovered_config_count 6
[TRACE ts=20260722-122535] runtime.model.discovered_weight_count 2
[TRACE ts=20260722-122535] runtime.model.task_count 1
[TRACE ts=20260722-122535] runtime.model.language_count 1
[TRACE ts=20260722-122535] runtime.model.supports_speaker_reference 1
[TRACE ts=20260722-122535] runtime.model.supports_style_condition 1
[TRACE ts=20260722-122535] runtime.model.supports_timestamps 0
ggml_cuda_init: found 1 CUDA devices (Total VRAM: 24111 MiB):
  Device 0: NVIDIA GeForce RTX 4090, compute capability 8.9, VMM: yes, VRAM: 24111 MiB
ggml_backend_cuda_graph_compute: CUDA graph warmup complete
[TIMING ts=20260722-122543] omnivoice.reference.encode_ms 1.480569
[TIMING ts=20260722-122543] omnivoice.encoder.graph.rebuilt 1
[TIMING ts=20260722-122543] omnivoice.session.prompt_ms 3.046721
[TIMING ts=20260722-122543] omnivoice.session.generate_ms 778.902701
[TIMING ts=20260722-122543] omnivoice.generator.graph.rebuilt 1
[TIMING ts=20260722-122543] omnivoice.generator.graph.rebuild_ms 3.263273
[TIMING ts=20260722-122543] omnivoice.session.decode_ms 9.145594
[TIMING ts=20260722-122543] omnivoice.decoder.graph.rebuilt 1
[TIMING ts=20260722-122543] omnivoice.decoder.graph.rebuild_ms 1.339206
[TIMING ts=20260722-122543] omnivoice.session.postprocess_ms 7.311696
[TIMING ts=20260722-122543] session.wall_ms 800.102357
family=omnivoice
task=tts
mode=offline
audio_out=./outputs/single_infer/audiocpp_omnivoice_clone_mdwt_bf16_atwt_f16_step28.wav
  Completed at: 12:25:43
  Output: ./outputs/single_infer/audiocpp_omnivoice_clone_mdwt_bf16_atwt_f16_step28.wav

[144/375] weight_type=bf16 | audio_tokenizer_weight_type=bf16 | steps=28 -> audiocpp_omnivoice_clone_mdwt_bf16_atwt_bf16_step28.wav
  Started at: 12:25:43
[TRACE ts=20260722-122543] runtime.model.family omnivoice
[TRACE ts=20260722-122543] runtime.model.variant omnivoice
[TRACE ts=20260722-122543] runtime.model.root /home/ipt/kawshik/tts-testing/audio.cpp/models/OmniVoice
[TRACE ts=20260722-122543] runtime.model.discovered_config_count 6
[TRACE ts=20260722-122543] runtime.model.discovered_weight_count 2
[TRACE ts=20260722-122543] runtime.model.task_count 1
[TRACE ts=20260722-122543] runtime.model.language_count 1
[TRACE ts=20260722-122543] runtime.model.supports_speaker_reference 1
[TRACE ts=20260722-122543] runtime.model.supports_style_condition 1
[TRACE ts=20260722-122543] runtime.model.supports_timestamps 0
ggml_cuda_init: found 1 CUDA devices (Total VRAM: 24111 MiB):
  Device 0: NVIDIA GeForce RTX 4090, compute capability 8.9, VMM: yes, VRAM: 24111 MiB
ggml_backend_cuda_graph_compute: CUDA graph warmup complete
[TIMING ts=20260722-122551] omnivoice.reference.encode_ms 1.394149
[TIMING ts=20260722-122551] omnivoice.encoder.graph.rebuilt 1
[TIMING ts=20260722-122551] omnivoice.session.prompt_ms 3.211414
[TIMING ts=20260722-122551] omnivoice.session.generate_ms 618.759742
[TIMING ts=20260722-122551] omnivoice.generator.graph.rebuilt 1
[TIMING ts=20260722-122551] omnivoice.generator.graph.rebuild_ms 3.05095
[TIMING ts=20260722-122551] omnivoice.session.decode_ms 9.397816
[TIMING ts=20260722-122551] omnivoice.decoder.graph.rebuilt 1
[TIMING ts=20260722-122551] omnivoice.decoder.graph.rebuild_ms 1.43817
[TIMING ts=20260722-122551] omnivoice.session.postprocess_ms 7.215246
[TIMING ts=20260722-122551] session.wall_ms 640.187749
family=omnivoice
task=tts
mode=offline
audio_out=./outputs/single_infer/audiocpp_omnivoice_clone_mdwt_bf16_atwt_bf16_step28.wav
  Completed at: 12:25:51
  Output: ./outputs/single_infer/audiocpp_omnivoice_clone_mdwt_bf16_atwt_bf16_step28.wav

[145/375] weight_type=bf16 | audio_tokenizer_weight_type=q8_0 | steps=28 -> audiocpp_omnivoice_clone_mdwt_bf16_atwt_q8_0_step28.wav
  Started at: 12:25:51
[TRACE ts=20260722-122552] runtime.model.family omnivoice
[TRACE ts=20260722-122552] runtime.model.variant omnivoice
[TRACE ts=20260722-122552] runtime.model.root /home/ipt/kawshik/tts-testing/audio.cpp/models/OmniVoice
[TRACE ts=20260722-122552] runtime.model.discovered_config_count 6
[TRACE ts=20260722-122552] runtime.model.discovered_weight_count 2
[TRACE ts=20260722-122552] runtime.model.task_count 1
[TRACE ts=20260722-122552] runtime.model.language_count 1
[TRACE ts=20260722-122552] runtime.model.supports_speaker_reference 1
[TRACE ts=20260722-122552] runtime.model.supports_style_condition 1
[TRACE ts=20260722-122552] runtime.model.supports_timestamps 0
ggml_cuda_init: found 1 CUDA devices (Total VRAM: 24111 MiB):
  Device 0: NVIDIA GeForce RTX 4090, compute capability 8.9, VMM: yes, VRAM: 24111 MiB
ggml_backend_cuda_graph_compute: CUDA graph warmup complete
[TIMING ts=20260722-122601] omnivoice.reference.encode_ms 1.498619
[TIMING ts=20260722-122601] omnivoice.encoder.graph.rebuilt 1
[TIMING ts=20260722-122601] omnivoice.session.prompt_ms 3.657019
[TIMING ts=20260722-122601] omnivoice.session.generate_ms 786.250316
[TIMING ts=20260722-122601] omnivoice.generator.graph.rebuilt 1
[TIMING ts=20260722-122601] omnivoice.generator.graph.rebuild_ms 3.395804
[TIMING ts=20260722-122601] omnivoice.session.decode_ms 46.960783
[TIMING ts=20260722-122601] omnivoice.decoder.graph.rebuilt 1
[TIMING ts=20260722-122601] omnivoice.decoder.graph.rebuild_ms 2.611416
[TIMING ts=20260722-122601] omnivoice.session.postprocess_ms 7.907157
[TIMING ts=20260722-122601] session.wall_ms 846.515211
family=omnivoice
task=tts
mode=offline
audio_out=./outputs/single_infer/audiocpp_omnivoice_clone_mdwt_bf16_atwt_q8_0_step28.wav
  Completed at: 12:26:01
  Output: ./outputs/single_infer/audiocpp_omnivoice_clone_mdwt_bf16_atwt_q8_0_step28.wav

[146/375] weight_type=q8_0 | audio_tokenizer_weight_type=native | steps=28 -> audiocpp_omnivoice_clone_mdwt_q8_0_atwt_native_step28.wav
  Started at: 12:26:01
[TRACE ts=20260722-122601] runtime.model.family omnivoice
[TRACE ts=20260722-122601] runtime.model.variant omnivoice
[TRACE ts=20260722-122601] runtime.model.root /home/ipt/kawshik/tts-testing/audio.cpp/models/OmniVoice
[TRACE ts=20260722-122601] runtime.model.discovered_config_count 6
[TRACE ts=20260722-122601] runtime.model.discovered_weight_count 2
[TRACE ts=20260722-122601] runtime.model.task_count 1
[TRACE ts=20260722-122601] runtime.model.language_count 1
[TRACE ts=20260722-122601] runtime.model.supports_speaker_reference 1
[TRACE ts=20260722-122601] runtime.model.supports_style_condition 1
[TRACE ts=20260722-122601] runtime.model.supports_timestamps 0
ggml_cuda_init: found 1 CUDA devices (Total VRAM: 24111 MiB):
  Device 0: NVIDIA GeForce RTX 4090, compute capability 8.9, VMM: yes, VRAM: 24111 MiB
ggml_backend_cuda_graph_compute: CUDA graph warmup complete
[TIMING ts=20260722-122613] omnivoice.reference.encode_ms 1.694651
[TIMING ts=20260722-122613] omnivoice.encoder.graph.rebuilt 1
[TIMING ts=20260722-122613] omnivoice.session.prompt_ms 4.982867
[TIMING ts=20260722-122613] omnivoice.session.generate_ms 689.719984
[TIMING ts=20260722-122613] omnivoice.generator.graph.rebuilt 1
[TIMING ts=20260722-122613] omnivoice.generator.graph.rebuild_ms 3.336507
[TIMING ts=20260722-122613] omnivoice.session.decode_ms 36.208757
[TIMING ts=20260722-122613] omnivoice.decoder.graph.rebuilt 1
[TIMING ts=20260722-122613] omnivoice.decoder.graph.rebuild_ms 1.447187
[TIMING ts=20260722-122613] omnivoice.session.postprocess_ms 7.057488
[TIMING ts=20260722-122613] session.wall_ms 739.888544
family=omnivoice
task=tts
mode=offline
audio_out=./outputs/single_infer/audiocpp_omnivoice_clone_mdwt_q8_0_atwt_native_step28.wav
  Completed at: 12:26:13
  Output: ./outputs/single_infer/audiocpp_omnivoice_clone_mdwt_q8_0_atwt_native_step28.wav

[147/375] weight_type=q8_0 | audio_tokenizer_weight_type=f32 | steps=28 -> audiocpp_omnivoice_clone_mdwt_q8_0_atwt_f32_step28.wav
  Started at: 12:26:13
[TRACE ts=20260722-122613] runtime.model.family omnivoice
[TRACE ts=20260722-122613] runtime.model.variant omnivoice
[TRACE ts=20260722-122613] runtime.model.root /home/ipt/kawshik/tts-testing/audio.cpp/models/OmniVoice
[TRACE ts=20260722-122613] runtime.model.discovered_config_count 6
[TRACE ts=20260722-122613] runtime.model.discovered_weight_count 2
[TRACE ts=20260722-122613] runtime.model.task_count 1
[TRACE ts=20260722-122613] runtime.model.language_count 1
[TRACE ts=20260722-122613] runtime.model.supports_speaker_reference 1
[TRACE ts=20260722-122613] runtime.model.supports_style_condition 1
[TRACE ts=20260722-122613] runtime.model.supports_timestamps 0
ggml_cuda_init: found 1 CUDA devices (Total VRAM: 24111 MiB):
  Device 0: NVIDIA GeForce RTX 4090, compute capability 8.9, VMM: yes, VRAM: 24111 MiB
ggml_backend_cuda_graph_compute: CUDA graph warmup complete
[TIMING ts=20260722-122623] omnivoice.reference.encode_ms 1.716694
[TIMING ts=20260722-122623] omnivoice.encoder.graph.rebuilt 1
[TIMING ts=20260722-122623] omnivoice.session.prompt_ms 2.877942
[TIMING ts=20260722-122623] omnivoice.session.generate_ms 690.908547
[TIMING ts=20260722-122623] omnivoice.generator.graph.rebuilt 1
[TIMING ts=20260722-122623] omnivoice.generator.graph.rebuild_ms 3.456624
[TIMING ts=20260722-122623] omnivoice.session.decode_ms 40.261417
[TIMING ts=20260722-122623] omnivoice.decoder.graph.rebuilt 1
[TIMING ts=20260722-122623] omnivoice.decoder.graph.rebuild_ms 1.681535
[TIMING ts=20260722-122623] omnivoice.session.postprocess_ms 8.613513
[TIMING ts=20260722-122623] session.wall_ms 744.63787
family=omnivoice
task=tts
mode=offline
audio_out=./outputs/single_infer/audiocpp_omnivoice_clone_mdwt_q8_0_atwt_f32_step28.wav
  Completed at: 12:26:23
  Output: ./outputs/single_infer/audiocpp_omnivoice_clone_mdwt_q8_0_atwt_f32_step28.wav

[148/375] weight_type=q8_0 | audio_tokenizer_weight_type=f16 | steps=28 -> audiocpp_omnivoice_clone_mdwt_q8_0_atwt_f16_step28.wav
  Started at: 12:26:23
[TRACE ts=20260722-122623] runtime.model.family omnivoice
[TRACE ts=20260722-122623] runtime.model.variant omnivoice
[TRACE ts=20260722-122623] runtime.model.root /home/ipt/kawshik/tts-testing/audio.cpp/models/OmniVoice
[TRACE ts=20260722-122623] runtime.model.discovered_config_count 6
[TRACE ts=20260722-122623] runtime.model.discovered_weight_count 2
[TRACE ts=20260722-122623] runtime.model.task_count 1
[TRACE ts=20260722-122623] runtime.model.language_count 1
[TRACE ts=20260722-122623] runtime.model.supports_speaker_reference 1
[TRACE ts=20260722-122623] runtime.model.supports_style_condition 1
[TRACE ts=20260722-122623] runtime.model.supports_timestamps 0
ggml_cuda_init: found 1 CUDA devices (Total VRAM: 24111 MiB):
  Device 0: NVIDIA GeForce RTX 4090, compute capability 8.9, VMM: yes, VRAM: 24111 MiB
ggml_backend_cuda_graph_compute: CUDA graph warmup complete
[TIMING ts=20260722-122633] omnivoice.reference.encode_ms 1.298884
[TIMING ts=20260722-122633] omnivoice.encoder.graph.rebuilt 1
[TIMING ts=20260722-122633] omnivoice.session.prompt_ms 2.954989
[TIMING ts=20260722-122633] omnivoice.session.generate_ms 608.089328
[TIMING ts=20260722-122633] omnivoice.generator.graph.rebuilt 1
[TIMING ts=20260722-122633] omnivoice.generator.graph.rebuild_ms 3.503601
[TIMING ts=20260722-122633] omnivoice.session.decode_ms 9.279288
[TIMING ts=20260722-122633] omnivoice.decoder.graph.rebuilt 1
[TIMING ts=20260722-122633] omnivoice.decoder.graph.rebuild_ms 1.315539
[TIMING ts=20260722-122633] omnivoice.session.postprocess_ms 6.974083
[TIMING ts=20260722-122633] session.wall_ms 628.822675
family=omnivoice
task=tts
mode=offline
audio_out=./outputs/single_infer/audiocpp_omnivoice_clone_mdwt_q8_0_atwt_f16_step28.wav
  Completed at: 12:26:33
  Output: ./outputs/single_infer/audiocpp_omnivoice_clone_mdwt_q8_0_atwt_f16_step28.wav

[149/375] weight_type=q8_0 | audio_tokenizer_weight_type=bf16 | steps=28 -> audiocpp_omnivoice_clone_mdwt_q8_0_atwt_bf16_step28.wav
  Started at: 12:26:33
[TRACE ts=20260722-122633] runtime.model.family omnivoice
[TRACE ts=20260722-122633] runtime.model.variant omnivoice
[TRACE ts=20260722-122633] runtime.model.root /home/ipt/kawshik/tts-testing/audio.cpp/models/OmniVoice
[TRACE ts=20260722-122633] runtime.model.discovered_config_count 6
[TRACE ts=20260722-122633] runtime.model.discovered_weight_count 2
[TRACE ts=20260722-122633] runtime.model.task_count 1
[TRACE ts=20260722-122633] runtime.model.language_count 1
[TRACE ts=20260722-122633] runtime.model.supports_speaker_reference 1
[TRACE ts=20260722-122633] runtime.model.supports_style_condition 1
[TRACE ts=20260722-122633] runtime.model.supports_timestamps 0
ggml_cuda_init: found 1 CUDA devices (Total VRAM: 24111 MiB):
  Device 0: NVIDIA GeForce RTX 4090, compute capability 8.9, VMM: yes, VRAM: 24111 MiB
ggml_backend_cuda_graph_compute: CUDA graph warmup complete
[TIMING ts=20260722-122643] omnivoice.reference.encode_ms 1.4302
[TIMING ts=20260722-122643] omnivoice.encoder.graph.rebuilt 1
[TIMING ts=20260722-122643] omnivoice.session.prompt_ms 3.305637
[TIMING ts=20260722-122643] omnivoice.session.generate_ms 603.112424
[TIMING ts=20260722-122643] omnivoice.generator.graph.rebuilt 1
[TIMING ts=20260722-122643] omnivoice.generator.graph.rebuild_ms 3.053017
[TIMING ts=20260722-122643] omnivoice.session.decode_ms 9.694709
[TIMING ts=20260722-122643] omnivoice.decoder.graph.rebuilt 1
[TIMING ts=20260722-122643] omnivoice.decoder.graph.rebuild_ms 1.502746
[TIMING ts=20260722-122643] omnivoice.session.postprocess_ms 7.127892
[TIMING ts=20260722-122643] session.wall_ms 624.883457
family=omnivoice
task=tts
mode=offline
audio_out=./outputs/single_infer/audiocpp_omnivoice_clone_mdwt_q8_0_atwt_bf16_step28.wav
  Completed at: 12:26:43
  Output: ./outputs/single_infer/audiocpp_omnivoice_clone_mdwt_q8_0_atwt_bf16_step28.wav

[150/375] weight_type=q8_0 | audio_tokenizer_weight_type=q8_0 | steps=28 -> audiocpp_omnivoice_clone_mdwt_q8_0_atwt_q8_0_step28.wav
  Started at: 12:26:43
[TRACE ts=20260722-122643] runtime.model.family omnivoice
[TRACE ts=20260722-122643] runtime.model.variant omnivoice
[TRACE ts=20260722-122643] runtime.model.root /home/ipt/kawshik/tts-testing/audio.cpp/models/OmniVoice
[TRACE ts=20260722-122643] runtime.model.discovered_config_count 6
[TRACE ts=20260722-122643] runtime.model.discovered_weight_count 2
[TRACE ts=20260722-122643] runtime.model.task_count 1
[TRACE ts=20260722-122643] runtime.model.language_count 1
[TRACE ts=20260722-122643] runtime.model.supports_speaker_reference 1
[TRACE ts=20260722-122643] runtime.model.supports_style_condition 1
[TRACE ts=20260722-122643] runtime.model.supports_timestamps 0
ggml_cuda_init: found 1 CUDA devices (Total VRAM: 24111 MiB):
  Device 0: NVIDIA GeForce RTX 4090, compute capability 8.9, VMM: yes, VRAM: 24111 MiB
ggml_backend_cuda_graph_compute: CUDA graph warmup complete
[TIMING ts=20260722-122653] omnivoice.reference.encode_ms 1.694376
[TIMING ts=20260722-122653] omnivoice.encoder.graph.rebuilt 1
[TIMING ts=20260722-122653] omnivoice.session.prompt_ms 4.173591
[TIMING ts=20260722-122653] omnivoice.session.generate_ms 622.942117
[TIMING ts=20260722-122653] omnivoice.generator.graph.rebuilt 1
[TIMING ts=20260722-122653] omnivoice.generator.graph.rebuild_ms 4.039939
[TIMING ts=20260722-122653] omnivoice.session.decode_ms 46.862816
[TIMING ts=20260722-122653] omnivoice.decoder.graph.rebuilt 1
[TIMING ts=20260722-122653] omnivoice.decoder.graph.rebuild_ms 1.575196
[TIMING ts=20260722-122653] omnivoice.session.postprocess_ms 7.882399
[TIMING ts=20260722-122653] session.wall_ms 683.81937
family=omnivoice
task=tts
mode=offline
audio_out=./outputs/single_infer/audiocpp_omnivoice_clone_mdwt_q8_0_atwt_q8_0_step28.wav
  Completed at: 12:26:54
  Output: ./outputs/single_infer/audiocpp_omnivoice_clone_mdwt_q8_0_atwt_q8_0_step28.wav

[151/375] weight_type=native | audio_tokenizer_weight_type=native | steps=32 -> audiocpp_omnivoice_clone_mdwt_native_atwt_native_step32.wav
  Started at: 12:26:54
[TRACE ts=20260722-122654] runtime.model.family omnivoice
[TRACE ts=20260722-122654] runtime.model.variant omnivoice
[TRACE ts=20260722-122654] runtime.model.root /home/ipt/kawshik/tts-testing/audio.cpp/models/OmniVoice
[TRACE ts=20260722-122654] runtime.model.discovered_config_count 6
[TRACE ts=20260722-122654] runtime.model.discovered_weight_count 2
[TRACE ts=20260722-122654] runtime.model.task_count 1
[TRACE ts=20260722-122654] runtime.model.language_count 1
[TRACE ts=20260722-122654] runtime.model.supports_speaker_reference 1
[TRACE ts=20260722-122654] runtime.model.supports_style_condition 1
[TRACE ts=20260722-122654] runtime.model.supports_timestamps 0
ggml_cuda_init: found 1 CUDA devices (Total VRAM: 24111 MiB):
  Device 0: NVIDIA GeForce RTX 4090, compute capability 8.9, VMM: yes, VRAM: 24111 MiB
ggml_backend_cuda_graph_compute: CUDA graph warmup complete
[TIMING ts=20260722-122658] omnivoice.reference.encode_ms 1.4986
[TIMING ts=20260722-122658] omnivoice.encoder.graph.rebuilt 1
[TIMING ts=20260722-122658] omnivoice.session.prompt_ms 2.537852
[TIMING ts=20260722-122658] omnivoice.session.generate_ms 846.370527
[TIMING ts=20260722-122658] omnivoice.generator.graph.rebuilt 1
[TIMING ts=20260722-122658] omnivoice.generator.graph.rebuild_ms 2.585648
[TIMING ts=20260722-122658] omnivoice.session.decode_ms 39.454546
[TIMING ts=20260722-122658] omnivoice.decoder.graph.rebuilt 1
[TIMING ts=20260722-122658] omnivoice.decoder.graph.rebuild_ms 1.408572
[TIMING ts=20260722-122658] omnivoice.session.postprocess_ms 7.049153
[TIMING ts=20260722-122658] session.wall_ms 897.120082
family=omnivoice
task=tts
mode=offline
audio_out=./outputs/single_infer/audiocpp_omnivoice_clone_mdwt_native_atwt_native_step32.wav
  Completed at: 12:26:58
  Output: ./outputs/single_infer/audiocpp_omnivoice_clone_mdwt_native_atwt_native_step32.wav

[152/375] weight_type=native | audio_tokenizer_weight_type=f32 | steps=32 -> audiocpp_omnivoice_clone_mdwt_native_atwt_f32_step32.wav
  Started at: 12:26:58
[TRACE ts=20260722-122658] runtime.model.family omnivoice
[TRACE ts=20260722-122658] runtime.model.variant omnivoice
[TRACE ts=20260722-122658] runtime.model.root /home/ipt/kawshik/tts-testing/audio.cpp/models/OmniVoice
[TRACE ts=20260722-122658] runtime.model.discovered_config_count 6
[TRACE ts=20260722-122658] runtime.model.discovered_weight_count 2
[TRACE ts=20260722-122658] runtime.model.task_count 1
[TRACE ts=20260722-122658] runtime.model.language_count 1
[TRACE ts=20260722-122658] runtime.model.supports_speaker_reference 1
[TRACE ts=20260722-122658] runtime.model.supports_style_condition 1
[TRACE ts=20260722-122658] runtime.model.supports_timestamps 0
ggml_cuda_init: found 1 CUDA devices (Total VRAM: 24111 MiB):
  Device 0: NVIDIA GeForce RTX 4090, compute capability 8.9, VMM: yes, VRAM: 24111 MiB
ggml_backend_cuda_graph_compute: CUDA graph warmup complete
[TIMING ts=20260722-122702] omnivoice.reference.encode_ms 1.69414
[TIMING ts=20260722-122702] omnivoice.encoder.graph.rebuilt 1
[TIMING ts=20260722-122702] omnivoice.session.prompt_ms 2.879326
[TIMING ts=20260722-122702] omnivoice.session.generate_ms 861.436983
[TIMING ts=20260722-122702] omnivoice.generator.graph.rebuilt 1
[TIMING ts=20260722-122702] omnivoice.generator.graph.rebuild_ms 2.980872
[TIMING ts=20260722-122702] omnivoice.session.decode_ms 33.962284
[TIMING ts=20260722-122702] omnivoice.decoder.graph.rebuilt 1
[TIMING ts=20260722-122702] omnivoice.decoder.graph.rebuild_ms 1.272272
[TIMING ts=20260722-122702] omnivoice.session.postprocess_ms 6.824976
[TIMING ts=20260722-122702] session.wall_ms 907.051364
family=omnivoice
task=tts
mode=offline
audio_out=./outputs/single_infer/audiocpp_omnivoice_clone_mdwt_native_atwt_f32_step32.wav
  Completed at: 12:27:02
  Output: ./outputs/single_infer/audiocpp_omnivoice_clone_mdwt_native_atwt_f32_step32.wav

[153/375] weight_type=native | audio_tokenizer_weight_type=f16 | steps=32 -> audiocpp_omnivoice_clone_mdwt_native_atwt_f16_step32.wav
  Started at: 12:27:02
[TRACE ts=20260722-122702] runtime.model.family omnivoice
[TRACE ts=20260722-122702] runtime.model.variant omnivoice
[TRACE ts=20260722-122702] runtime.model.root /home/ipt/kawshik/tts-testing/audio.cpp/models/OmniVoice
[TRACE ts=20260722-122702] runtime.model.discovered_config_count 6
[TRACE ts=20260722-122702] runtime.model.discovered_weight_count 2
[TRACE ts=20260722-122702] runtime.model.task_count 1
[TRACE ts=20260722-122702] runtime.model.language_count 1
[TRACE ts=20260722-122702] runtime.model.supports_speaker_reference 1
[TRACE ts=20260722-122702] runtime.model.supports_style_condition 1
[TRACE ts=20260722-122702] runtime.model.supports_timestamps 0
ggml_cuda_init: found 1 CUDA devices (Total VRAM: 24111 MiB):
  Device 0: NVIDIA GeForce RTX 4090, compute capability 8.9, VMM: yes, VRAM: 24111 MiB
ggml_backend_cuda_graph_compute: CUDA graph warmup complete
[TIMING ts=20260722-122706] omnivoice.reference.encode_ms 1.381483
[TIMING ts=20260722-122706] omnivoice.encoder.graph.rebuilt 1
[TIMING ts=20260722-122706] omnivoice.session.prompt_ms 3.263825
[TIMING ts=20260722-122706] omnivoice.session.generate_ms 853.895254
[TIMING ts=20260722-122706] omnivoice.generator.graph.rebuilt 1
[TIMING ts=20260722-122706] omnivoice.generator.graph.rebuild_ms 3.048845
[TIMING ts=20260722-122706] omnivoice.session.decode_ms 9.12202
[TIMING ts=20260722-122706] omnivoice.decoder.graph.rebuilt 1
[TIMING ts=20260722-122706] omnivoice.decoder.graph.rebuild_ms 1.292544
[TIMING ts=20260722-122706] omnivoice.session.postprocess_ms 7.066914
[TIMING ts=20260722-122706] session.wall_ms 874.937936
family=omnivoice
task=tts
mode=offline
audio_out=./outputs/single_infer/audiocpp_omnivoice_clone_mdwt_native_atwt_f16_step32.wav
  Completed at: 12:27:07
  Output: ./outputs/single_infer/audiocpp_omnivoice_clone_mdwt_native_atwt_f16_step32.wav

[154/375] weight_type=native | audio_tokenizer_weight_type=bf16 | steps=32 -> audiocpp_omnivoice_clone_mdwt_native_atwt_bf16_step32.wav
  Started at: 12:27:07
[TRACE ts=20260722-122707] runtime.model.family omnivoice
[TRACE ts=20260722-122707] runtime.model.variant omnivoice
[TRACE ts=20260722-122707] runtime.model.root /home/ipt/kawshik/tts-testing/audio.cpp/models/OmniVoice
[TRACE ts=20260722-122707] runtime.model.discovered_config_count 6
[TRACE ts=20260722-122707] runtime.model.discovered_weight_count 2
[TRACE ts=20260722-122707] runtime.model.task_count 1
[TRACE ts=20260722-122707] runtime.model.language_count 1
[TRACE ts=20260722-122707] runtime.model.supports_speaker_reference 1
[TRACE ts=20260722-122707] runtime.model.supports_style_condition 1
[TRACE ts=20260722-122707] runtime.model.supports_timestamps 0
ggml_cuda_init: found 1 CUDA devices (Total VRAM: 24111 MiB):
  Device 0: NVIDIA GeForce RTX 4090, compute capability 8.9, VMM: yes, VRAM: 24111 MiB
ggml_backend_cuda_graph_compute: CUDA graph warmup complete
[TIMING ts=20260722-122711] omnivoice.reference.encode_ms 1.704113
[TIMING ts=20260722-122711] omnivoice.encoder.graph.rebuilt 1
[TIMING ts=20260722-122711] omnivoice.session.prompt_ms 6.196091
[TIMING ts=20260722-122711] omnivoice.session.generate_ms 870.799315
[TIMING ts=20260722-122711] omnivoice.generator.graph.rebuilt 1
[TIMING ts=20260722-122711] omnivoice.generator.graph.rebuild_ms 3.668595
[TIMING ts=20260722-122711] omnivoice.session.decode_ms 10.477387
[TIMING ts=20260722-122711] omnivoice.decoder.graph.rebuilt 1
[TIMING ts=20260722-122711] omnivoice.decoder.graph.rebuild_ms 1.781347
[TIMING ts=20260722-122711] omnivoice.session.postprocess_ms 8.161134
[TIMING ts=20260722-122711] session.wall_ms 897.595934
family=omnivoice
task=tts
mode=offline
audio_out=./outputs/single_infer/audiocpp_omnivoice_clone_mdwt_native_atwt_bf16_step32.wav
  Completed at: 12:27:12
  Output: ./outputs/single_infer/audiocpp_omnivoice_clone_mdwt_native_atwt_bf16_step32.wav

[155/375] weight_type=native | audio_tokenizer_weight_type=q8_0 | steps=32 -> audiocpp_omnivoice_clone_mdwt_native_atwt_q8_0_step32.wav
  Started at: 12:27:12
[TRACE ts=20260722-122712] runtime.model.family omnivoice
[TRACE ts=20260722-122712] runtime.model.variant omnivoice
[TRACE ts=20260722-122712] runtime.model.root /home/ipt/kawshik/tts-testing/audio.cpp/models/OmniVoice
[TRACE ts=20260722-122712] runtime.model.discovered_config_count 6
[TRACE ts=20260722-122712] runtime.model.discovered_weight_count 2
[TRACE ts=20260722-122712] runtime.model.task_count 1
[TRACE ts=20260722-122712] runtime.model.language_count 1
[TRACE ts=20260722-122712] runtime.model.supports_speaker_reference 1
[TRACE ts=20260722-122712] runtime.model.supports_style_condition 1
[TRACE ts=20260722-122712] runtime.model.supports_timestamps 0
ggml_cuda_init: found 1 CUDA devices (Total VRAM: 24111 MiB):
  Device 0: NVIDIA GeForce RTX 4090, compute capability 8.9, VMM: yes, VRAM: 24111 MiB
ggml_backend_cuda_graph_compute: CUDA graph warmup complete
[TIMING ts=20260722-122717] omnivoice.reference.encode_ms 1.694271
[TIMING ts=20260722-122717] omnivoice.encoder.graph.rebuilt 1
[TIMING ts=20260722-122717] omnivoice.session.prompt_ms 6.429636
[TIMING ts=20260722-122717] omnivoice.session.generate_ms 877.825914
[TIMING ts=20260722-122717] omnivoice.generator.graph.rebuilt 1
[TIMING ts=20260722-122717] omnivoice.generator.graph.rebuild_ms 3.892711
[TIMING ts=20260722-122717] omnivoice.session.decode_ms 52.517473
[TIMING ts=20260722-122717] omnivoice.decoder.graph.rebuilt 1
[TIMING ts=20260722-122717] omnivoice.decoder.graph.rebuild_ms 1.833504
[TIMING ts=20260722-122717] omnivoice.session.postprocess_ms 8.906204
[TIMING ts=20260722-122717] session.wall_ms 947.661294
family=omnivoice
task=tts
mode=offline
audio_out=./outputs/single_infer/audiocpp_omnivoice_clone_mdwt_native_atwt_q8_0_step32.wav
  Completed at: 12:27:18
  Output: ./outputs/single_infer/audiocpp_omnivoice_clone_mdwt_native_atwt_q8_0_step32.wav

[156/375] weight_type=f32 | audio_tokenizer_weight_type=native | steps=32 -> audiocpp_omnivoice_clone_mdwt_f32_atwt_native_step32.wav
  Started at: 12:27:18
[TRACE ts=20260722-122718] runtime.model.family omnivoice
[TRACE ts=20260722-122718] runtime.model.variant omnivoice
[TRACE ts=20260722-122718] runtime.model.root /home/ipt/kawshik/tts-testing/audio.cpp/models/OmniVoice
[TRACE ts=20260722-122718] runtime.model.discovered_config_count 6
[TRACE ts=20260722-122718] runtime.model.discovered_weight_count 2
[TRACE ts=20260722-122718] runtime.model.task_count 1
[TRACE ts=20260722-122718] runtime.model.language_count 1
[TRACE ts=20260722-122718] runtime.model.supports_speaker_reference 1
[TRACE ts=20260722-122718] runtime.model.supports_style_condition 1
[TRACE ts=20260722-122718] runtime.model.supports_timestamps 0
ggml_cuda_init: found 1 CUDA devices (Total VRAM: 24111 MiB):
  Device 0: NVIDIA GeForce RTX 4090, compute capability 8.9, VMM: yes, VRAM: 24111 MiB
ggml_backend_cuda_graph_compute: CUDA graph warmup complete
[TIMING ts=20260722-122721] omnivoice.reference.encode_ms 1.548475
[TIMING ts=20260722-122721] omnivoice.encoder.graph.rebuilt 1
[TIMING ts=20260722-122721] omnivoice.session.prompt_ms 2.541586
[TIMING ts=20260722-122721] omnivoice.session.generate_ms 841.730777
[TIMING ts=20260722-122721] omnivoice.generator.graph.rebuilt 1
[TIMING ts=20260722-122721] omnivoice.generator.graph.rebuild_ms 2.612447
[TIMING ts=20260722-122721] omnivoice.session.decode_ms 39.807966
[TIMING ts=20260722-122721] omnivoice.decoder.graph.rebuilt 1
[TIMING ts=20260722-122721] omnivoice.decoder.graph.rebuild_ms 1.606734
[TIMING ts=20260722-122721] omnivoice.session.postprocess_ms 7.866324
[TIMING ts=20260722-122721] session.wall_ms 893.70847
family=omnivoice
task=tts
mode=offline
audio_out=./outputs/single_infer/audiocpp_omnivoice_clone_mdwt_f32_atwt_native_step32.wav
  Completed at: 12:27:21
  Output: ./outputs/single_infer/audiocpp_omnivoice_clone_mdwt_f32_atwt_native_step32.wav

[157/375] weight_type=f32 | audio_tokenizer_weight_type=f32 | steps=32 -> audiocpp_omnivoice_clone_mdwt_f32_atwt_f32_step32.wav
  Started at: 12:27:21
[TRACE ts=20260722-122722] runtime.model.family omnivoice
[TRACE ts=20260722-122722] runtime.model.variant omnivoice
[TRACE ts=20260722-122722] runtime.model.root /home/ipt/kawshik/tts-testing/audio.cpp/models/OmniVoice
[TRACE ts=20260722-122722] runtime.model.discovered_config_count 6
[TRACE ts=20260722-122722] runtime.model.discovered_weight_count 2
[TRACE ts=20260722-122722] runtime.model.task_count 1
[TRACE ts=20260722-122722] runtime.model.language_count 1
[TRACE ts=20260722-122722] runtime.model.supports_speaker_reference 1
[TRACE ts=20260722-122722] runtime.model.supports_style_condition 1
[TRACE ts=20260722-122722] runtime.model.supports_timestamps 0
ggml_cuda_init: found 1 CUDA devices (Total VRAM: 24111 MiB):
  Device 0: NVIDIA GeForce RTX 4090, compute capability 8.9, VMM: yes, VRAM: 24111 MiB
ggml_backend_cuda_graph_compute: CUDA graph warmup complete
[TIMING ts=20260722-122726] omnivoice.reference.encode_ms 1.721791
[TIMING ts=20260722-122726] omnivoice.encoder.graph.rebuilt 1
[TIMING ts=20260722-122726] omnivoice.session.prompt_ms 2.867651
[TIMING ts=20260722-122726] omnivoice.session.generate_ms 858.543044
[TIMING ts=20260722-122726] omnivoice.generator.graph.rebuilt 1
[TIMING ts=20260722-122726] omnivoice.generator.graph.rebuild_ms 3.009176
[TIMING ts=20260722-122726] omnivoice.session.decode_ms 41.024886
[TIMING ts=20260722-122726] omnivoice.decoder.graph.rebuilt 1
[TIMING ts=20260722-122726] omnivoice.decoder.graph.rebuild_ms 1.414286
[TIMING ts=20260722-122726] omnivoice.session.postprocess_ms 7.450393
[TIMING ts=20260722-122726] session.wall_ms 911.863941
family=omnivoice
task=tts
mode=offline
audio_out=./outputs/single_infer/audiocpp_omnivoice_clone_mdwt_f32_atwt_f32_step32.wav
  Completed at: 12:27:26
  Output: ./outputs/single_infer/audiocpp_omnivoice_clone_mdwt_f32_atwt_f32_step32.wav

[158/375] weight_type=f32 | audio_tokenizer_weight_type=f16 | steps=32 -> audiocpp_omnivoice_clone_mdwt_f32_atwt_f16_step32.wav
  Started at: 12:27:26
[TRACE ts=20260722-122726] runtime.model.family omnivoice
[TRACE ts=20260722-122726] runtime.model.variant omnivoice
[TRACE ts=20260722-122726] runtime.model.root /home/ipt/kawshik/tts-testing/audio.cpp/models/OmniVoice
[TRACE ts=20260722-122726] runtime.model.discovered_config_count 6
[TRACE ts=20260722-122726] runtime.model.discovered_weight_count 2
[TRACE ts=20260722-122726] runtime.model.task_count 1
[TRACE ts=20260722-122726] runtime.model.language_count 1
[TRACE ts=20260722-122726] runtime.model.supports_speaker_reference 1
[TRACE ts=20260722-122726] runtime.model.supports_style_condition 1
[TRACE ts=20260722-122726] runtime.model.supports_timestamps 0
ggml_cuda_init: found 1 CUDA devices (Total VRAM: 24111 MiB):
  Device 0: NVIDIA GeForce RTX 4090, compute capability 8.9, VMM: yes, VRAM: 24111 MiB
ggml_backend_cuda_graph_compute: CUDA graph warmup complete
[TIMING ts=20260722-122730] omnivoice.reference.encode_ms 1.422765
[TIMING ts=20260722-122730] omnivoice.encoder.graph.rebuilt 1
[TIMING ts=20260722-122730] omnivoice.session.prompt_ms 2.487906
[TIMING ts=20260722-122730] omnivoice.session.generate_ms 853.324597
[TIMING ts=20260722-122730] omnivoice.generator.graph.rebuilt 1
[TIMING ts=20260722-122730] omnivoice.generator.graph.rebuild_ms 2.842055
[TIMING ts=20260722-122730] omnivoice.session.decode_ms 9.326908
[TIMING ts=20260722-122730] omnivoice.decoder.graph.rebuilt 1
[TIMING ts=20260722-122730] omnivoice.decoder.graph.rebuild_ms 1.382528
[TIMING ts=20260722-122730] omnivoice.session.postprocess_ms 7.261341
[TIMING ts=20260722-122730] session.wall_ms 874.035638
family=omnivoice
task=tts
mode=offline
audio_out=./outputs/single_infer/audiocpp_omnivoice_clone_mdwt_f32_atwt_f16_step32.wav
  Completed at: 12:27:31
  Output: ./outputs/single_infer/audiocpp_omnivoice_clone_mdwt_f32_atwt_f16_step32.wav

[159/375] weight_type=f32 | audio_tokenizer_weight_type=bf16 | steps=32 -> audiocpp_omnivoice_clone_mdwt_f32_atwt_bf16_step32.wav
  Started at: 12:27:31
[TRACE ts=20260722-122731] runtime.model.family omnivoice
[TRACE ts=20260722-122731] runtime.model.variant omnivoice
[TRACE ts=20260722-122731] runtime.model.root /home/ipt/kawshik/tts-testing/audio.cpp/models/OmniVoice
[TRACE ts=20260722-122731] runtime.model.discovered_config_count 6
[TRACE ts=20260722-122731] runtime.model.discovered_weight_count 2
[TRACE ts=20260722-122731] runtime.model.task_count 1
[TRACE ts=20260722-122731] runtime.model.language_count 1
[TRACE ts=20260722-122731] runtime.model.supports_speaker_reference 1
[TRACE ts=20260722-122731] runtime.model.supports_style_condition 1
[TRACE ts=20260722-122731] runtime.model.supports_timestamps 0
ggml_cuda_init: found 1 CUDA devices (Total VRAM: 24111 MiB):
  Device 0: NVIDIA GeForce RTX 4090, compute capability 8.9, VMM: yes, VRAM: 24111 MiB
ggml_backend_cuda_graph_compute: CUDA graph warmup complete
[TIMING ts=20260722-122735] omnivoice.reference.encode_ms 1.70301
[TIMING ts=20260722-122735] omnivoice.encoder.graph.rebuilt 1
[TIMING ts=20260722-122735] omnivoice.session.prompt_ms 6.078215
[TIMING ts=20260722-122735] omnivoice.session.generate_ms 864.084996
[TIMING ts=20260722-122735] omnivoice.generator.graph.rebuilt 1
[TIMING ts=20260722-122735] omnivoice.generator.graph.rebuild_ms 3.667997
[TIMING ts=20260722-122735] omnivoice.session.decode_ms 9.218432
[TIMING ts=20260722-122735] omnivoice.decoder.graph.rebuilt 1
[TIMING ts=20260722-122735] omnivoice.decoder.graph.rebuild_ms 1.359196
[TIMING ts=20260722-122735] omnivoice.session.postprocess_ms 6.889112
[TIMING ts=20260722-122735] session.wall_ms 888.270356
family=omnivoice
task=tts
mode=offline
audio_out=./outputs/single_infer/audiocpp_omnivoice_clone_mdwt_f32_atwt_bf16_step32.wav
  Completed at: 12:27:35
  Output: ./outputs/single_infer/audiocpp_omnivoice_clone_mdwt_f32_atwt_bf16_step32.wav

[160/375] weight_type=f32 | audio_tokenizer_weight_type=q8_0 | steps=32 -> audiocpp_omnivoice_clone_mdwt_f32_atwt_q8_0_step32.wav
  Started at: 12:27:35
[TRACE ts=20260722-122736] runtime.model.family omnivoice
[TRACE ts=20260722-122736] runtime.model.variant omnivoice
[TRACE ts=20260722-122736] runtime.model.root /home/ipt/kawshik/tts-testing/audio.cpp/models/OmniVoice
[TRACE ts=20260722-122736] runtime.model.discovered_config_count 6
[TRACE ts=20260722-122736] runtime.model.discovered_weight_count 2
[TRACE ts=20260722-122736] runtime.model.task_count 1
[TRACE ts=20260722-122736] runtime.model.language_count 1
[TRACE ts=20260722-122736] runtime.model.supports_speaker_reference 1
[TRACE ts=20260722-122736] runtime.model.supports_style_condition 1
[TRACE ts=20260722-122736] runtime.model.supports_timestamps 0
ggml_cuda_init: found 1 CUDA devices (Total VRAM: 24111 MiB):
  Device 0: NVIDIA GeForce RTX 4090, compute capability 8.9, VMM: yes, VRAM: 24111 MiB
ggml_backend_cuda_graph_compute: CUDA graph warmup complete
[TIMING ts=20260722-122740] omnivoice.reference.encode_ms 1.702886
[TIMING ts=20260722-122740] omnivoice.encoder.graph.rebuilt 1
[TIMING ts=20260722-122740] omnivoice.session.prompt_ms 4.019525
[TIMING ts=20260722-122740] omnivoice.session.generate_ms 866.862273
[TIMING ts=20260722-122740] omnivoice.generator.graph.rebuilt 1
[TIMING ts=20260722-122740] omnivoice.generator.graph.rebuild_ms 3.819356
[TIMING ts=20260722-122740] omnivoice.session.decode_ms 42.854392
[TIMING ts=20260722-122740] omnivoice.decoder.graph.rebuilt 1
[TIMING ts=20260722-122740] omnivoice.decoder.graph.rebuild_ms 1.406207
[TIMING ts=20260722-122740] omnivoice.session.postprocess_ms 7.118395
[TIMING ts=20260722-122740] session.wall_ms 922.801552
family=omnivoice
task=tts
mode=offline
audio_out=./outputs/single_infer/audiocpp_omnivoice_clone_mdwt_f32_atwt_q8_0_step32.wav
  Completed at: 12:27:41
  Output: ./outputs/single_infer/audiocpp_omnivoice_clone_mdwt_f32_atwt_q8_0_step32.wav

[161/375] weight_type=f16 | audio_tokenizer_weight_type=native | steps=32 -> audiocpp_omnivoice_clone_mdwt_f16_atwt_native_step32.wav
  Started at: 12:27:41
[TRACE ts=20260722-122741] runtime.model.family omnivoice
[TRACE ts=20260722-122741] runtime.model.variant omnivoice
[TRACE ts=20260722-122741] runtime.model.root /home/ipt/kawshik/tts-testing/audio.cpp/models/OmniVoice
[TRACE ts=20260722-122741] runtime.model.discovered_config_count 6
[TRACE ts=20260722-122741] runtime.model.discovered_weight_count 2
[TRACE ts=20260722-122741] runtime.model.task_count 1
[TRACE ts=20260722-122741] runtime.model.language_count 1
[TRACE ts=20260722-122741] runtime.model.supports_speaker_reference 1
[TRACE ts=20260722-122741] runtime.model.supports_style_condition 1
[TRACE ts=20260722-122741] runtime.model.supports_timestamps 0
ggml_cuda_init: found 1 CUDA devices (Total VRAM: 24111 MiB):
  Device 0: NVIDIA GeForce RTX 4090, compute capability 8.9, VMM: yes, VRAM: 24111 MiB
ggml_backend_cuda_graph_compute: CUDA graph warmup complete
[TIMING ts=20260722-122750] omnivoice.reference.encode_ms 1.521612
[TIMING ts=20260722-122750] omnivoice.encoder.graph.rebuilt 1
[TIMING ts=20260722-122750] omnivoice.session.prompt_ms 2.581362
[TIMING ts=20260722-122750] omnivoice.session.generate_ms 723.196146
[TIMING ts=20260722-122750] omnivoice.generator.graph.rebuilt 1
[TIMING ts=20260722-122750] omnivoice.generator.graph.rebuild_ms 2.989674
[TIMING ts=20260722-122750] omnivoice.session.decode_ms 33.442917
[TIMING ts=20260722-122750] omnivoice.decoder.graph.rebuilt 1
[TIMING ts=20260722-122750] omnivoice.decoder.graph.rebuild_ms 1.439174
[TIMING ts=20260722-122750] omnivoice.session.postprocess_ms 7.099527
[TIMING ts=20260722-122750] session.wall_ms 768.069939
family=omnivoice
task=tts
mode=offline
audio_out=./outputs/single_infer/audiocpp_omnivoice_clone_mdwt_f16_atwt_native_step32.wav
  Completed at: 12:27:50
  Output: ./outputs/single_infer/audiocpp_omnivoice_clone_mdwt_f16_atwt_native_step32.wav

[162/375] weight_type=f16 | audio_tokenizer_weight_type=f32 | steps=32 -> audiocpp_omnivoice_clone_mdwt_f16_atwt_f32_step32.wav
  Started at: 12:27:50
[TRACE ts=20260722-122750] runtime.model.family omnivoice
[TRACE ts=20260722-122750] runtime.model.variant omnivoice
[TRACE ts=20260722-122750] runtime.model.root /home/ipt/kawshik/tts-testing/audio.cpp/models/OmniVoice
[TRACE ts=20260722-122750] runtime.model.discovered_config_count 6
[TRACE ts=20260722-122750] runtime.model.discovered_weight_count 2
[TRACE ts=20260722-122750] runtime.model.task_count 1
[TRACE ts=20260722-122750] runtime.model.language_count 1
[TRACE ts=20260722-122750] runtime.model.supports_speaker_reference 1
[TRACE ts=20260722-122750] runtime.model.supports_style_condition 1
[TRACE ts=20260722-122750] runtime.model.supports_timestamps 0
ggml_cuda_init: found 1 CUDA devices (Total VRAM: 24111 MiB):
  Device 0: NVIDIA GeForce RTX 4090, compute capability 8.9, VMM: yes, VRAM: 24111 MiB
ggml_backend_cuda_graph_compute: CUDA graph warmup complete
[TIMING ts=20260722-122800] omnivoice.reference.encode_ms 1.360643
[TIMING ts=20260722-122800] omnivoice.encoder.graph.rebuilt 1
[TIMING ts=20260722-122800] omnivoice.session.prompt_ms 2.511216
[TIMING ts=20260722-122800] omnivoice.session.generate_ms 710.82974
[TIMING ts=20260722-122800] omnivoice.generator.graph.rebuilt 1
[TIMING ts=20260722-122800] omnivoice.generator.graph.rebuild_ms 2.874748
[TIMING ts=20260722-122800] omnivoice.session.decode_ms 38.242876
[TIMING ts=20260722-122800] omnivoice.decoder.graph.rebuilt 1
[TIMING ts=20260722-122800] omnivoice.decoder.graph.rebuild_ms 1.568415
[TIMING ts=20260722-122800] omnivoice.session.postprocess_ms 8.555364
[TIMING ts=20260722-122800] session.wall_ms 761.720546
family=omnivoice
task=tts
mode=offline
audio_out=./outputs/single_infer/audiocpp_omnivoice_clone_mdwt_f16_atwt_f32_step32.wav
  Completed at: 12:28:00
  Output: ./outputs/single_infer/audiocpp_omnivoice_clone_mdwt_f16_atwt_f32_step32.wav

[163/375] weight_type=f16 | audio_tokenizer_weight_type=f16 | steps=32 -> audiocpp_omnivoice_clone_mdwt_f16_atwt_f16_step32.wav
  Started at: 12:28:00
[TRACE ts=20260722-122800] runtime.model.family omnivoice
[TRACE ts=20260722-122800] runtime.model.variant omnivoice
[TRACE ts=20260722-122800] runtime.model.root /home/ipt/kawshik/tts-testing/audio.cpp/models/OmniVoice
[TRACE ts=20260722-122800] runtime.model.discovered_config_count 6
[TRACE ts=20260722-122800] runtime.model.discovered_weight_count 2
[TRACE ts=20260722-122800] runtime.model.task_count 1
[TRACE ts=20260722-122800] runtime.model.language_count 1
[TRACE ts=20260722-122800] runtime.model.supports_speaker_reference 1
[TRACE ts=20260722-122800] runtime.model.supports_style_condition 1
[TRACE ts=20260722-122800] runtime.model.supports_timestamps 0
ggml_cuda_init: found 1 CUDA devices (Total VRAM: 24111 MiB):
  Device 0: NVIDIA GeForce RTX 4090, compute capability 8.9, VMM: yes, VRAM: 24111 MiB
ggml_backend_cuda_graph_compute: CUDA graph warmup complete
[TIMING ts=20260722-122810] omnivoice.reference.encode_ms 1.452203
[TIMING ts=20260722-122810] omnivoice.encoder.graph.rebuilt 1
[TIMING ts=20260722-122810] omnivoice.session.prompt_ms 2.540525
[TIMING ts=20260722-122810] omnivoice.session.generate_ms 668.432611
[TIMING ts=20260722-122810] omnivoice.generator.graph.rebuilt 1
[TIMING ts=20260722-122810] omnivoice.generator.graph.rebuild_ms 4.492277
[TIMING ts=20260722-122810] omnivoice.session.decode_ms 9.163854
[TIMING ts=20260722-122810] omnivoice.decoder.graph.rebuilt 1
[TIMING ts=20260722-122810] omnivoice.decoder.graph.rebuild_ms 1.299757
[TIMING ts=20260722-122810] omnivoice.session.postprocess_ms 7.117373
[TIMING ts=20260722-122810] session.wall_ms 688.92013
family=omnivoice
task=tts
mode=offline
audio_out=./outputs/single_infer/audiocpp_omnivoice_clone_mdwt_f16_atwt_f16_step32.wav
  Completed at: 12:28:10
  Output: ./outputs/single_infer/audiocpp_omnivoice_clone_mdwt_f16_atwt_f16_step32.wav

[164/375] weight_type=f16 | audio_tokenizer_weight_type=bf16 | steps=32 -> audiocpp_omnivoice_clone_mdwt_f16_atwt_bf16_step32.wav
  Started at: 12:28:10
[TRACE ts=20260722-122810] runtime.model.family omnivoice
[TRACE ts=20260722-122810] runtime.model.variant omnivoice
[TRACE ts=20260722-122810] runtime.model.root /home/ipt/kawshik/tts-testing/audio.cpp/models/OmniVoice
[TRACE ts=20260722-122810] runtime.model.discovered_config_count 6
[TRACE ts=20260722-122810] runtime.model.discovered_weight_count 2
[TRACE ts=20260722-122810] runtime.model.task_count 1
[TRACE ts=20260722-122810] runtime.model.language_count 1
[TRACE ts=20260722-122810] runtime.model.supports_speaker_reference 1
[TRACE ts=20260722-122810] runtime.model.supports_style_condition 1
[TRACE ts=20260722-122810] runtime.model.supports_timestamps 0
ggml_cuda_init: found 1 CUDA devices (Total VRAM: 24111 MiB):
  Device 0: NVIDIA GeForce RTX 4090, compute capability 8.9, VMM: yes, VRAM: 24111 MiB
ggml_backend_cuda_graph_compute: CUDA graph warmup complete
[TIMING ts=20260722-122820] omnivoice.reference.encode_ms 1.464954
[TIMING ts=20260722-122820] omnivoice.encoder.graph.rebuilt 1
[TIMING ts=20260722-122820] omnivoice.session.prompt_ms 3.583238
[TIMING ts=20260722-122820] omnivoice.session.generate_ms 666.400288
[TIMING ts=20260722-122820] omnivoice.generator.graph.rebuilt 1
[TIMING ts=20260722-122820] omnivoice.generator.graph.rebuild_ms 3.653549
[TIMING ts=20260722-122820] omnivoice.session.decode_ms 9.523093
[TIMING ts=20260722-122820] omnivoice.decoder.graph.rebuilt 1
[TIMING ts=20260722-122820] omnivoice.decoder.graph.rebuild_ms 1.487838
[TIMING ts=20260722-122820] omnivoice.session.postprocess_ms 7.196819
[TIMING ts=20260722-122820] session.wall_ms 689.088141
family=omnivoice
task=tts
mode=offline
audio_out=./outputs/single_infer/audiocpp_omnivoice_clone_mdwt_f16_atwt_bf16_step32.wav
  Completed at: 12:28:20
  Output: ./outputs/single_infer/audiocpp_omnivoice_clone_mdwt_f16_atwt_bf16_step32.wav

[165/375] weight_type=f16 | audio_tokenizer_weight_type=q8_0 | steps=32 -> audiocpp_omnivoice_clone_mdwt_f16_atwt_q8_0_step32.wav
  Started at: 12:28:20
[TRACE ts=20260722-122820] runtime.model.family omnivoice
[TRACE ts=20260722-122820] runtime.model.variant omnivoice
[TRACE ts=20260722-122820] runtime.model.root /home/ipt/kawshik/tts-testing/audio.cpp/models/OmniVoice
[TRACE ts=20260722-122820] runtime.model.discovered_config_count 6
[TRACE ts=20260722-122820] runtime.model.discovered_weight_count 2
[TRACE ts=20260722-122820] runtime.model.task_count 1
[TRACE ts=20260722-122820] runtime.model.language_count 1
[TRACE ts=20260722-122820] runtime.model.supports_speaker_reference 1
[TRACE ts=20260722-122820] runtime.model.supports_style_condition 1
[TRACE ts=20260722-122820] runtime.model.supports_timestamps 0
ggml_cuda_init: found 1 CUDA devices (Total VRAM: 24111 MiB):
  Device 0: NVIDIA GeForce RTX 4090, compute capability 8.9, VMM: yes, VRAM: 24111 MiB
ggml_backend_cuda_graph_compute: CUDA graph warmup complete
[TIMING ts=20260722-122831] omnivoice.reference.encode_ms 1.560684
[TIMING ts=20260722-122831] omnivoice.encoder.graph.rebuilt 1
[TIMING ts=20260722-122831] omnivoice.session.prompt_ms 3.513328
[TIMING ts=20260722-122831] omnivoice.session.generate_ms 667.009964
[TIMING ts=20260722-122831] omnivoice.generator.graph.rebuilt 1
[TIMING ts=20260722-122831] omnivoice.generator.graph.rebuild_ms 3.310543
[TIMING ts=20260722-122831] omnivoice.session.decode_ms 45.124379
[TIMING ts=20260722-122831] omnivoice.decoder.graph.rebuilt 1
[TIMING ts=20260722-122831] omnivoice.decoder.graph.rebuild_ms 1.392867
[TIMING ts=20260722-122831] omnivoice.session.postprocess_ms 7.448408
[TIMING ts=20260722-122831] session.wall_ms 724.914136
family=omnivoice
task=tts
mode=offline
audio_out=./outputs/single_infer/audiocpp_omnivoice_clone_mdwt_f16_atwt_q8_0_step32.wav
  Completed at: 12:28:31
  Output: ./outputs/single_infer/audiocpp_omnivoice_clone_mdwt_f16_atwt_q8_0_step32.wav

[166/375] weight_type=bf16 | audio_tokenizer_weight_type=native | steps=32 -> audiocpp_omnivoice_clone_mdwt_bf16_atwt_native_step32.wav
  Started at: 12:28:31
[TRACE ts=20260722-122831] runtime.model.family omnivoice
[TRACE ts=20260722-122831] runtime.model.variant omnivoice
[TRACE ts=20260722-122831] runtime.model.root /home/ipt/kawshik/tts-testing/audio.cpp/models/OmniVoice
[TRACE ts=20260722-122831] runtime.model.discovered_config_count 6
[TRACE ts=20260722-122831] runtime.model.discovered_weight_count 2
[TRACE ts=20260722-122831] runtime.model.task_count 1
[TRACE ts=20260722-122831] runtime.model.language_count 1
[TRACE ts=20260722-122831] runtime.model.supports_speaker_reference 1
[TRACE ts=20260722-122831] runtime.model.supports_style_condition 1
[TRACE ts=20260722-122831] runtime.model.supports_timestamps 0
ggml_cuda_init: found 1 CUDA devices (Total VRAM: 24111 MiB):
  Device 0: NVIDIA GeForce RTX 4090, compute capability 8.9, VMM: yes, VRAM: 24111 MiB
ggml_backend_cuda_graph_compute: CUDA graph warmup complete
[TIMING ts=20260722-122839] omnivoice.reference.encode_ms 1.350657
[TIMING ts=20260722-122839] omnivoice.encoder.graph.rebuilt 1
[TIMING ts=20260722-122839] omnivoice.session.prompt_ms 2.467774
[TIMING ts=20260722-122839] omnivoice.session.generate_ms 861.392419
[TIMING ts=20260722-122839] omnivoice.generator.graph.rebuilt 1
[TIMING ts=20260722-122839] omnivoice.generator.graph.rebuild_ms 2.73199
[TIMING ts=20260722-122839] omnivoice.session.decode_ms 36.74391
[TIMING ts=20260722-122839] omnivoice.decoder.graph.rebuilt 1
[TIMING ts=20260722-122839] omnivoice.decoder.graph.rebuild_ms 1.452653
[TIMING ts=20260722-122839] omnivoice.session.postprocess_ms 7.020732
[TIMING ts=20260722-122839] session.wall_ms 909.186586
family=omnivoice
task=tts
mode=offline
audio_out=./outputs/single_infer/audiocpp_omnivoice_clone_mdwt_bf16_atwt_native_step32.wav
  Completed at: 12:28:39
  Output: ./outputs/single_infer/audiocpp_omnivoice_clone_mdwt_bf16_atwt_native_step32.wav

[167/375] weight_type=bf16 | audio_tokenizer_weight_type=f32 | steps=32 -> audiocpp_omnivoice_clone_mdwt_bf16_atwt_f32_step32.wav
  Started at: 12:28:39
[TRACE ts=20260722-122839] runtime.model.family omnivoice
[TRACE ts=20260722-122839] runtime.model.variant omnivoice
[TRACE ts=20260722-122839] runtime.model.root /home/ipt/kawshik/tts-testing/audio.cpp/models/OmniVoice
[TRACE ts=20260722-122839] runtime.model.discovered_config_count 6
[TRACE ts=20260722-122839] runtime.model.discovered_weight_count 2
[TRACE ts=20260722-122839] runtime.model.task_count 1
[TRACE ts=20260722-122839] runtime.model.language_count 1
[TRACE ts=20260722-122839] runtime.model.supports_speaker_reference 1
[TRACE ts=20260722-122839] runtime.model.supports_style_condition 1
[TRACE ts=20260722-122839] runtime.model.supports_timestamps 0
ggml_cuda_init: found 1 CUDA devices (Total VRAM: 24111 MiB):
  Device 0: NVIDIA GeForce RTX 4090, compute capability 8.9, VMM: yes, VRAM: 24111 MiB
ggml_backend_cuda_graph_compute: CUDA graph warmup complete
[TIMING ts=20260722-122847] omnivoice.reference.encode_ms 1.451408
[TIMING ts=20260722-122847] omnivoice.encoder.graph.rebuilt 1
[TIMING ts=20260722-122847] omnivoice.session.prompt_ms 2.378182
[TIMING ts=20260722-122847] omnivoice.session.generate_ms 845.809192
[TIMING ts=20260722-122847] omnivoice.generator.graph.rebuilt 1
[TIMING ts=20260722-122847] omnivoice.generator.graph.rebuild_ms 2.881558
[TIMING ts=20260722-122847] omnivoice.session.decode_ms 36.627889
[TIMING ts=20260722-122847] omnivoice.decoder.graph.rebuilt 1
[TIMING ts=20260722-122847] omnivoice.decoder.graph.rebuild_ms 1.329003
[TIMING ts=20260722-122847] omnivoice.session.postprocess_ms 7.09902
[TIMING ts=20260722-122847] session.wall_ms 893.582857
family=omnivoice
task=tts
mode=offline
audio_out=./outputs/single_infer/audiocpp_omnivoice_clone_mdwt_bf16_atwt_f32_step32.wav
  Completed at: 12:28:47
  Output: ./outputs/single_infer/audiocpp_omnivoice_clone_mdwt_bf16_atwt_f32_step32.wav

[168/375] weight_type=bf16 | audio_tokenizer_weight_type=f16 | steps=32 -> audiocpp_omnivoice_clone_mdwt_bf16_atwt_f16_step32.wav
  Started at: 12:28:47
[TRACE ts=20260722-122847] runtime.model.family omnivoice
[TRACE ts=20260722-122847] runtime.model.variant omnivoice
[TRACE ts=20260722-122847] runtime.model.root /home/ipt/kawshik/tts-testing/audio.cpp/models/OmniVoice
[TRACE ts=20260722-122847] runtime.model.discovered_config_count 6
[TRACE ts=20260722-122847] runtime.model.discovered_weight_count 2
[TRACE ts=20260722-122847] runtime.model.task_count 1
[TRACE ts=20260722-122847] runtime.model.language_count 1
[TRACE ts=20260722-122847] runtime.model.supports_speaker_reference 1
[TRACE ts=20260722-122847] runtime.model.supports_style_condition 1
[TRACE ts=20260722-122847] runtime.model.supports_timestamps 0
ggml_cuda_init: found 1 CUDA devices (Total VRAM: 24111 MiB):
  Device 0: NVIDIA GeForce RTX 4090, compute capability 8.9, VMM: yes, VRAM: 24111 MiB
ggml_backend_cuda_graph_compute: CUDA graph warmup complete
[TIMING ts=20260722-122856] omnivoice.reference.encode_ms 1.521232
[TIMING ts=20260722-122856] omnivoice.encoder.graph.rebuilt 1
[TIMING ts=20260722-122856] omnivoice.session.prompt_ms 3.081578
[TIMING ts=20260722-122856] omnivoice.session.generate_ms 851.213632
[TIMING ts=20260722-122856] omnivoice.generator.graph.rebuilt 1
[TIMING ts=20260722-122856] omnivoice.generator.graph.rebuild_ms 3.306902
[TIMING ts=20260722-122856] omnivoice.session.decode_ms 9.008026
[TIMING ts=20260722-122856] omnivoice.decoder.graph.rebuilt 1
[TIMING ts=20260722-122856] omnivoice.decoder.graph.rebuild_ms 1.416693
[TIMING ts=20260722-122856] omnivoice.session.postprocess_ms 6.761007
[TIMING ts=20260722-122856] session.wall_ms 871.801668
family=omnivoice
task=tts
mode=offline
audio_out=./outputs/single_infer/audiocpp_omnivoice_clone_mdwt_bf16_atwt_f16_step32.wav
  Completed at: 12:28:56
  Output: ./outputs/single_infer/audiocpp_omnivoice_clone_mdwt_bf16_atwt_f16_step32.wav

[169/375] weight_type=bf16 | audio_tokenizer_weight_type=bf16 | steps=32 -> audiocpp_omnivoice_clone_mdwt_bf16_atwt_bf16_step32.wav
  Started at: 12:28:56
[TRACE ts=20260722-122856] runtime.model.family omnivoice
[TRACE ts=20260722-122856] runtime.model.variant omnivoice
[TRACE ts=20260722-122856] runtime.model.root /home/ipt/kawshik/tts-testing/audio.cpp/models/OmniVoice
[TRACE ts=20260722-122856] runtime.model.discovered_config_count 6
[TRACE ts=20260722-122856] runtime.model.discovered_weight_count 2
[TRACE ts=20260722-122856] runtime.model.task_count 1
[TRACE ts=20260722-122856] runtime.model.language_count 1
[TRACE ts=20260722-122856] runtime.model.supports_speaker_reference 1
[TRACE ts=20260722-122856] runtime.model.supports_style_condition 1
[TRACE ts=20260722-122856] runtime.model.supports_timestamps 0
ggml_cuda_init: found 1 CUDA devices (Total VRAM: 24111 MiB):
  Device 0: NVIDIA GeForce RTX 4090, compute capability 8.9, VMM: yes, VRAM: 24111 MiB
ggml_backend_cuda_graph_compute: CUDA graph warmup complete
[TIMING ts=20260722-122904] omnivoice.reference.encode_ms 1.399749
[TIMING ts=20260722-122904] omnivoice.encoder.graph.rebuilt 1
[TIMING ts=20260722-122904] omnivoice.session.prompt_ms 3.439746
[TIMING ts=20260722-122904] omnivoice.session.generate_ms 692.519666
[TIMING ts=20260722-122904] omnivoice.generator.graph.rebuilt 1
[TIMING ts=20260722-122904] omnivoice.generator.graph.rebuild_ms 3.107255
[TIMING ts=20260722-122904] omnivoice.session.decode_ms 9.269843
[TIMING ts=20260722-122904] omnivoice.decoder.graph.rebuilt 1
[TIMING ts=20260722-122904] omnivoice.decoder.graph.rebuild_ms 1.36437
[TIMING ts=20260722-122904] omnivoice.session.postprocess_ms 6.682545
[TIMING ts=20260722-122904] session.wall_ms 714.203842
family=omnivoice
task=tts
mode=offline
audio_out=./outputs/single_infer/audiocpp_omnivoice_clone_mdwt_bf16_atwt_bf16_step32.wav
  Completed at: 12:29:04
  Output: ./outputs/single_infer/audiocpp_omnivoice_clone_mdwt_bf16_atwt_bf16_step32.wav

[170/375] weight_type=bf16 | audio_tokenizer_weight_type=q8_0 | steps=32 -> audiocpp_omnivoice_clone_mdwt_bf16_atwt_q8_0_step32.wav
  Started at: 12:29:04
[TRACE ts=20260722-122904] runtime.model.family omnivoice
[TRACE ts=20260722-122904] runtime.model.variant omnivoice
[TRACE ts=20260722-122904] runtime.model.root /home/ipt/kawshik/tts-testing/audio.cpp/models/OmniVoice
[TRACE ts=20260722-122904] runtime.model.discovered_config_count 6
[TRACE ts=20260722-122904] runtime.model.discovered_weight_count 2
[TRACE ts=20260722-122904] runtime.model.task_count 1
[TRACE ts=20260722-122904] runtime.model.language_count 1
[TRACE ts=20260722-122904] runtime.model.supports_speaker_reference 1
[TRACE ts=20260722-122904] runtime.model.supports_style_condition 1
[TRACE ts=20260722-122904] runtime.model.supports_timestamps 0
ggml_cuda_init: found 1 CUDA devices (Total VRAM: 24111 MiB):
  Device 0: NVIDIA GeForce RTX 4090, compute capability 8.9, VMM: yes, VRAM: 24111 MiB
ggml_backend_cuda_graph_compute: CUDA graph warmup complete
[TIMING ts=20260722-122913] omnivoice.reference.encode_ms 1.46768
[TIMING ts=20260722-122913] omnivoice.encoder.graph.rebuilt 1
[TIMING ts=20260722-122913] omnivoice.session.prompt_ms 3.542968
[TIMING ts=20260722-122913] omnivoice.session.generate_ms 856.061408
[TIMING ts=20260722-122913] omnivoice.generator.graph.rebuilt 1
[TIMING ts=20260722-122913] omnivoice.generator.graph.rebuild_ms 3.391097
[TIMING ts=20260722-122913] omnivoice.session.decode_ms 43.443007
[TIMING ts=20260722-122913] omnivoice.decoder.graph.rebuilt 1
[TIMING ts=20260722-122913] omnivoice.decoder.graph.rebuild_ms 1.477109
[TIMING ts=20260722-122913] omnivoice.session.postprocess_ms 7.273968
[TIMING ts=20260722-122913] session.wall_ms 912.014431
family=omnivoice
task=tts
mode=offline
audio_out=./outputs/single_infer/audiocpp_omnivoice_clone_mdwt_bf16_atwt_q8_0_step32.wav
  Completed at: 12:29:14
  Output: ./outputs/single_infer/audiocpp_omnivoice_clone_mdwt_bf16_atwt_q8_0_step32.wav

[171/375] weight_type=q8_0 | audio_tokenizer_weight_type=native | steps=32 -> audiocpp_omnivoice_clone_mdwt_q8_0_atwt_native_step32.wav
  Started at: 12:29:14
[TRACE ts=20260722-122914] runtime.model.family omnivoice
[TRACE ts=20260722-122914] runtime.model.variant omnivoice
[TRACE ts=20260722-122914] runtime.model.root /home/ipt/kawshik/tts-testing/audio.cpp/models/OmniVoice
[TRACE ts=20260722-122914] runtime.model.discovered_config_count 6
[TRACE ts=20260722-122914] runtime.model.discovered_weight_count 2
[TRACE ts=20260722-122914] runtime.model.task_count 1
[TRACE ts=20260722-122914] runtime.model.language_count 1
[TRACE ts=20260722-122914] runtime.model.supports_speaker_reference 1
[TRACE ts=20260722-122914] runtime.model.supports_style_condition 1
[TRACE ts=20260722-122914] runtime.model.supports_timestamps 0
ggml_cuda_init: found 1 CUDA devices (Total VRAM: 24111 MiB):
  Device 0: NVIDIA GeForce RTX 4090, compute capability 8.9, VMM: yes, VRAM: 24111 MiB
ggml_backend_cuda_graph_compute: CUDA graph warmup complete
[TIMING ts=20260722-122923] omnivoice.reference.encode_ms 1.484999
[TIMING ts=20260722-122923] omnivoice.encoder.graph.rebuilt 1
[TIMING ts=20260722-122923] omnivoice.session.prompt_ms 2.33442
[TIMING ts=20260722-122923] omnivoice.session.generate_ms 739.309308
[TIMING ts=20260722-122923] omnivoice.generator.graph.rebuilt 1
[TIMING ts=20260722-122923] omnivoice.generator.graph.rebuild_ms 2.846592
[TIMING ts=20260722-122923] omnivoice.session.decode_ms 33.484626
[TIMING ts=20260722-122923] omnivoice.decoder.graph.rebuilt 1
[TIMING ts=20260722-122923] omnivoice.decoder.graph.rebuild_ms 1.43404
[TIMING ts=20260722-122923] omnivoice.session.postprocess_ms 6.904228
[TIMING ts=20260722-122923] session.wall_ms 783.723752
family=omnivoice
task=tts
mode=offline
audio_out=./outputs/single_infer/audiocpp_omnivoice_clone_mdwt_q8_0_atwt_native_step32.wav
  Completed at: 12:29:24
  Output: ./outputs/single_infer/audiocpp_omnivoice_clone_mdwt_q8_0_atwt_native_step32.wav

[172/375] weight_type=q8_0 | audio_tokenizer_weight_type=f32 | steps=32 -> audiocpp_omnivoice_clone_mdwt_q8_0_atwt_f32_step32.wav
  Started at: 12:29:24
[TRACE ts=20260722-122924] runtime.model.family omnivoice
[TRACE ts=20260722-122924] runtime.model.variant omnivoice
[TRACE ts=20260722-122924] runtime.model.root /home/ipt/kawshik/tts-testing/audio.cpp/models/OmniVoice
[TRACE ts=20260722-122924] runtime.model.discovered_config_count 6
[TRACE ts=20260722-122924] runtime.model.discovered_weight_count 2
[TRACE ts=20260722-122924] runtime.model.task_count 1
[TRACE ts=20260722-122924] runtime.model.language_count 1
[TRACE ts=20260722-122924] runtime.model.supports_speaker_reference 1
[TRACE ts=20260722-122924] runtime.model.supports_style_condition 1
[TRACE ts=20260722-122924] runtime.model.supports_timestamps 0
ggml_cuda_init: found 1 CUDA devices (Total VRAM: 24111 MiB):
  Device 0: NVIDIA GeForce RTX 4090, compute capability 8.9, VMM: yes, VRAM: 24111 MiB
ggml_backend_cuda_graph_compute: CUDA graph warmup complete
[TIMING ts=20260722-122933] omnivoice.reference.encode_ms 1.29903
[TIMING ts=20260722-122933] omnivoice.encoder.graph.rebuilt 1
[TIMING ts=20260722-122933] omnivoice.session.prompt_ms 2.402026
[TIMING ts=20260722-122933] omnivoice.session.generate_ms 729.018713
[TIMING ts=20260722-122933] omnivoice.generator.graph.rebuilt 1
[TIMING ts=20260722-122933] omnivoice.generator.graph.rebuild_ms 2.730112
[TIMING ts=20260722-122933] omnivoice.session.decode_ms 33.127921
[TIMING ts=20260722-122933] omnivoice.decoder.graph.rebuilt 1
[TIMING ts=20260722-122933] omnivoice.decoder.graph.rebuild_ms 1.31045
[TIMING ts=20260722-122933] omnivoice.session.postprocess_ms 6.969899
[TIMING ts=20260722-122933] session.wall_ms 773.036613
family=omnivoice
task=tts
mode=offline
audio_out=./outputs/single_infer/audiocpp_omnivoice_clone_mdwt_q8_0_atwt_f32_step32.wav
  Completed at: 12:29:33
  Output: ./outputs/single_infer/audiocpp_omnivoice_clone_mdwt_q8_0_atwt_f32_step32.wav

[173/375] weight_type=q8_0 | audio_tokenizer_weight_type=f16 | steps=32 -> audiocpp_omnivoice_clone_mdwt_q8_0_atwt_f16_step32.wav
  Started at: 12:29:33
[TRACE ts=20260722-122933] runtime.model.family omnivoice
[TRACE ts=20260722-122933] runtime.model.variant omnivoice
[TRACE ts=20260722-122933] runtime.model.root /home/ipt/kawshik/tts-testing/audio.cpp/models/OmniVoice
[TRACE ts=20260722-122933] runtime.model.discovered_config_count 6
[TRACE ts=20260722-122933] runtime.model.discovered_weight_count 2
[TRACE ts=20260722-122933] runtime.model.task_count 1
[TRACE ts=20260722-122933] runtime.model.language_count 1
[TRACE ts=20260722-122933] runtime.model.supports_speaker_reference 1
[TRACE ts=20260722-122933] runtime.model.supports_style_condition 1
[TRACE ts=20260722-122933] runtime.model.supports_timestamps 0
ggml_cuda_init: found 1 CUDA devices (Total VRAM: 24111 MiB):
  Device 0: NVIDIA GeForce RTX 4090, compute capability 8.9, VMM: yes, VRAM: 24111 MiB
ggml_backend_cuda_graph_compute: CUDA graph warmup complete
[TIMING ts=20260722-122943] omnivoice.reference.encode_ms 1.457699
[TIMING ts=20260722-122943] omnivoice.encoder.graph.rebuilt 1
[TIMING ts=20260722-122943] omnivoice.session.prompt_ms 3.0966
[TIMING ts=20260722-122943] omnivoice.session.generate_ms 693.813835
[TIMING ts=20260722-122943] omnivoice.generator.graph.rebuilt 1
[TIMING ts=20260722-122943] omnivoice.generator.graph.rebuild_ms 3.61347
[TIMING ts=20260722-122943] omnivoice.session.decode_ms 9.434737
[TIMING ts=20260722-122943] omnivoice.decoder.graph.rebuilt 1
[TIMING ts=20260722-122943] omnivoice.decoder.graph.rebuild_ms 1.410612
[TIMING ts=20260722-122943] omnivoice.session.postprocess_ms 6.919695
[TIMING ts=20260722-122943] session.wall_ms 714.928903
family=omnivoice
task=tts
mode=offline
audio_out=./outputs/single_infer/audiocpp_omnivoice_clone_mdwt_q8_0_atwt_f16_step32.wav
  Completed at: 12:29:43
  Output: ./outputs/single_infer/audiocpp_omnivoice_clone_mdwt_q8_0_atwt_f16_step32.wav

[174/375] weight_type=q8_0 | audio_tokenizer_weight_type=bf16 | steps=32 -> audiocpp_omnivoice_clone_mdwt_q8_0_atwt_bf16_step32.wav
  Started at: 12:29:43
[TRACE ts=20260722-122943] runtime.model.family omnivoice
[TRACE ts=20260722-122943] runtime.model.variant omnivoice
[TRACE ts=20260722-122943] runtime.model.root /home/ipt/kawshik/tts-testing/audio.cpp/models/OmniVoice
[TRACE ts=20260722-122943] runtime.model.discovered_config_count 6
[TRACE ts=20260722-122943] runtime.model.discovered_weight_count 2
[TRACE ts=20260722-122943] runtime.model.task_count 1
[TRACE ts=20260722-122943] runtime.model.language_count 1
[TRACE ts=20260722-122943] runtime.model.supports_speaker_reference 1
[TRACE ts=20260722-122943] runtime.model.supports_style_condition 1
[TRACE ts=20260722-122943] runtime.model.supports_timestamps 0
ggml_cuda_init: found 1 CUDA devices (Total VRAM: 24111 MiB):
  Device 0: NVIDIA GeForce RTX 4090, compute capability 8.9, VMM: yes, VRAM: 24111 MiB
ggml_backend_cuda_graph_compute: CUDA graph warmup complete
[TIMING ts=20260722-122954] omnivoice.reference.encode_ms 1.369263
[TIMING ts=20260722-122954] omnivoice.encoder.graph.rebuilt 1
[TIMING ts=20260722-122954] omnivoice.session.prompt_ms 3.423326
[TIMING ts=20260722-122954] omnivoice.session.generate_ms 689.195302
[TIMING ts=20260722-122954] omnivoice.generator.graph.rebuilt 1
[TIMING ts=20260722-122954] omnivoice.generator.graph.rebuild_ms 3.304718
[TIMING ts=20260722-122954] omnivoice.session.decode_ms 9.196267
[TIMING ts=20260722-122954] omnivoice.decoder.graph.rebuilt 1
[TIMING ts=20260722-122954] omnivoice.decoder.graph.rebuild_ms 1.306178
[TIMING ts=20260722-122954] omnivoice.session.postprocess_ms 7.239707
[TIMING ts=20260722-122954] session.wall_ms 711.401109
family=omnivoice
task=tts
mode=offline
audio_out=./outputs/single_infer/audiocpp_omnivoice_clone_mdwt_q8_0_atwt_bf16_step32.wav
  Completed at: 12:29:54
  Output: ./outputs/single_infer/audiocpp_omnivoice_clone_mdwt_q8_0_atwt_bf16_step32.wav

[175/375] weight_type=q8_0 | audio_tokenizer_weight_type=q8_0 | steps=32 -> audiocpp_omnivoice_clone_mdwt_q8_0_atwt_q8_0_step32.wav
  Started at: 12:29:54
[TRACE ts=20260722-122954] runtime.model.family omnivoice
[TRACE ts=20260722-122954] runtime.model.variant omnivoice
[TRACE ts=20260722-122954] runtime.model.root /home/ipt/kawshik/tts-testing/audio.cpp/models/OmniVoice
[TRACE ts=20260722-122954] runtime.model.discovered_config_count 6
[TRACE ts=20260722-122954] runtime.model.discovered_weight_count 2
[TRACE ts=20260722-122954] runtime.model.task_count 1
[TRACE ts=20260722-122954] runtime.model.language_count 1
[TRACE ts=20260722-122954] runtime.model.supports_speaker_reference 1
[TRACE ts=20260722-122954] runtime.model.supports_style_condition 1
[TRACE ts=20260722-122954] runtime.model.supports_timestamps 0
ggml_cuda_init: found 1 CUDA devices (Total VRAM: 24111 MiB):
  Device 0: NVIDIA GeForce RTX 4090, compute capability 8.9, VMM: yes, VRAM: 24111 MiB
ggml_backend_cuda_graph_compute: CUDA graph warmup complete
[TIMING ts=20260722-123005] omnivoice.reference.encode_ms 1.810588
[TIMING ts=20260722-123005] omnivoice.encoder.graph.rebuilt 1
[TIMING ts=20260722-123005] omnivoice.session.prompt_ms 3.613143
[TIMING ts=20260722-123005] omnivoice.session.generate_ms 688.084226
[TIMING ts=20260722-123005] omnivoice.generator.graph.rebuilt 1
[TIMING ts=20260722-123005] omnivoice.generator.graph.rebuild_ms 3.494233
[TIMING ts=20260722-123005] omnivoice.session.decode_ms 43.206038
[TIMING ts=20260722-123005] omnivoice.decoder.graph.rebuilt 1
[TIMING ts=20260722-123005] omnivoice.decoder.graph.rebuild_ms 1.408841
[TIMING ts=20260722-123005] omnivoice.session.postprocess_ms 7.020605
[TIMING ts=20260722-123005] session.wall_ms 743.982215
family=omnivoice
task=tts
mode=offline
audio_out=./outputs/single_infer/audiocpp_omnivoice_clone_mdwt_q8_0_atwt_q8_0_step32.wav
  Completed at: 12:30:05
  Output: ./outputs/single_infer/audiocpp_omnivoice_clone_mdwt_q8_0_atwt_q8_0_step32.wav

[176/375] weight_type=native | audio_tokenizer_weight_type=native | steps=36 -> audiocpp_omnivoice_clone_mdwt_native_atwt_native_step36.wav
  Started at: 12:30:05
[TRACE ts=20260722-123006] runtime.model.family omnivoice
[TRACE ts=20260722-123006] runtime.model.variant omnivoice
[TRACE ts=20260722-123006] runtime.model.root /home/ipt/kawshik/tts-testing/audio.cpp/models/OmniVoice
[TRACE ts=20260722-123006] runtime.model.discovered_config_count 6
[TRACE ts=20260722-123006] runtime.model.discovered_weight_count 2
[TRACE ts=20260722-123006] runtime.model.task_count 1
[TRACE ts=20260722-123006] runtime.model.language_count 1
[TRACE ts=20260722-123006] runtime.model.supports_speaker_reference 1
[TRACE ts=20260722-123006] runtime.model.supports_style_condition 1
[TRACE ts=20260722-123006] runtime.model.supports_timestamps 0
ggml_cuda_init: found 1 CUDA devices (Total VRAM: 24111 MiB):
  Device 0: NVIDIA GeForce RTX 4090, compute capability 8.9, VMM: yes, VRAM: 24111 MiB
ggml_backend_cuda_graph_compute: CUDA graph warmup complete
[TIMING ts=20260722-123009] omnivoice.reference.encode_ms 1.338762
[TIMING ts=20260722-123009] omnivoice.encoder.graph.rebuilt 1
[TIMING ts=20260722-123009] omnivoice.session.prompt_ms 2.348642
[TIMING ts=20260722-123009] omnivoice.session.generate_ms 954.829407
[TIMING ts=20260722-123009] omnivoice.generator.graph.rebuilt 1
[TIMING ts=20260722-123009] omnivoice.generator.graph.rebuild_ms 2.373544
[TIMING ts=20260722-123009] omnivoice.session.decode_ms 33.62735
[TIMING ts=20260722-123009] omnivoice.decoder.graph.rebuilt 1
[TIMING ts=20260722-123009] omnivoice.decoder.graph.rebuild_ms 1.368211
[TIMING ts=20260722-123009] omnivoice.session.postprocess_ms 6.281393
[TIMING ts=20260722-123009] session.wall_ms 998.65154
family=omnivoice
task=tts
mode=offline
audio_out=./outputs/single_infer/audiocpp_omnivoice_clone_mdwt_native_atwt_native_step36.wav
  Completed at: 12:30:10
  Output: ./outputs/single_infer/audiocpp_omnivoice_clone_mdwt_native_atwt_native_step36.wav

[177/375] weight_type=native | audio_tokenizer_weight_type=f32 | steps=36 -> audiocpp_omnivoice_clone_mdwt_native_atwt_f32_step36.wav
  Started at: 12:30:10
[TRACE ts=20260722-123010] runtime.model.family omnivoice
[TRACE ts=20260722-123010] runtime.model.variant omnivoice
[TRACE ts=20260722-123010] runtime.model.root /home/ipt/kawshik/tts-testing/audio.cpp/models/OmniVoice
[TRACE ts=20260722-123010] runtime.model.discovered_config_count 6
[TRACE ts=20260722-123010] runtime.model.discovered_weight_count 2
[TRACE ts=20260722-123010] runtime.model.task_count 1
[TRACE ts=20260722-123010] runtime.model.language_count 1
[TRACE ts=20260722-123010] runtime.model.supports_speaker_reference 1
[TRACE ts=20260722-123010] runtime.model.supports_style_condition 1
[TRACE ts=20260722-123010] runtime.model.supports_timestamps 0
ggml_cuda_init: found 1 CUDA devices (Total VRAM: 24111 MiB):
  Device 0: NVIDIA GeForce RTX 4090, compute capability 8.9, VMM: yes, VRAM: 24111 MiB
ggml_backend_cuda_graph_compute: CUDA graph warmup complete
[TIMING ts=20260722-123014] omnivoice.reference.encode_ms 1.7052
[TIMING ts=20260722-123014] omnivoice.encoder.graph.rebuilt 1
[TIMING ts=20260722-123014] omnivoice.session.prompt_ms 2.884467
[TIMING ts=20260722-123014] omnivoice.session.generate_ms 963.697738
[TIMING ts=20260722-123014] omnivoice.generator.graph.rebuilt 1
[TIMING ts=20260722-123014] omnivoice.generator.graph.rebuild_ms 3.04179
[TIMING ts=20260722-123014] omnivoice.session.decode_ms 38.732179
[TIMING ts=20260722-123014] omnivoice.decoder.graph.rebuilt 1
[TIMING ts=20260722-123014] omnivoice.decoder.graph.rebuild_ms 1.522537
[TIMING ts=20260722-123014] omnivoice.session.postprocess_ms 7.342644
[TIMING ts=20260722-123014] session.wall_ms 1014.619679
family=omnivoice
task=tts
mode=offline
audio_out=./outputs/single_infer/audiocpp_omnivoice_clone_mdwt_native_atwt_f32_step36.wav
  Completed at: 12:30:14
  Output: ./outputs/single_infer/audiocpp_omnivoice_clone_mdwt_native_atwt_f32_step36.wav

[178/375] weight_type=native | audio_tokenizer_weight_type=f16 | steps=36 -> audiocpp_omnivoice_clone_mdwt_native_atwt_f16_step36.wav
  Started at: 12:30:14
[TRACE ts=20260722-123014] runtime.model.family omnivoice
[TRACE ts=20260722-123014] runtime.model.variant omnivoice
[TRACE ts=20260722-123014] runtime.model.root /home/ipt/kawshik/tts-testing/audio.cpp/models/OmniVoice
[TRACE ts=20260722-123014] runtime.model.discovered_config_count 6
[TRACE ts=20260722-123014] runtime.model.discovered_weight_count 2
[TRACE ts=20260722-123014] runtime.model.task_count 1
[TRACE ts=20260722-123014] runtime.model.language_count 1
[TRACE ts=20260722-123014] runtime.model.supports_speaker_reference 1
[TRACE ts=20260722-123014] runtime.model.supports_style_condition 1
[TRACE ts=20260722-123014] runtime.model.supports_timestamps 0
ggml_cuda_init: found 1 CUDA devices (Total VRAM: 24111 MiB):
  Device 0: NVIDIA GeForce RTX 4090, compute capability 8.9, VMM: yes, VRAM: 24111 MiB
ggml_backend_cuda_graph_compute: CUDA graph warmup complete
[TIMING ts=20260722-123019] omnivoice.reference.encode_ms 1.694792
[TIMING ts=20260722-123019] omnivoice.encoder.graph.rebuilt 1
[TIMING ts=20260722-123019] omnivoice.session.prompt_ms 2.860467
[TIMING ts=20260722-123019] omnivoice.session.generate_ms 962.526336
[TIMING ts=20260722-123019] omnivoice.generator.graph.rebuilt 1
[TIMING ts=20260722-123019] omnivoice.generator.graph.rebuild_ms 3.782415
[TIMING ts=20260722-123019] omnivoice.session.decode_ms 10.076765
[TIMING ts=20260722-123019] omnivoice.decoder.graph.rebuilt 1
[TIMING ts=20260722-123019] omnivoice.decoder.graph.rebuild_ms 1.649967
[TIMING ts=20260722-123019] omnivoice.session.postprocess_ms 8.127621
[TIMING ts=20260722-123019] session.wall_ms 985.549229
family=omnivoice
task=tts
mode=offline
audio_out=./outputs/single_infer/audiocpp_omnivoice_clone_mdwt_native_atwt_f16_step36.wav
  Completed at: 12:30:19
  Output: ./outputs/single_infer/audiocpp_omnivoice_clone_mdwt_native_atwt_f16_step36.wav

[179/375] weight_type=native | audio_tokenizer_weight_type=bf16 | steps=36 -> audiocpp_omnivoice_clone_mdwt_native_atwt_bf16_step36.wav
  Started at: 12:30:19
[TRACE ts=20260722-123019] runtime.model.family omnivoice
[TRACE ts=20260722-123019] runtime.model.variant omnivoice
[TRACE ts=20260722-123019] runtime.model.root /home/ipt/kawshik/tts-testing/audio.cpp/models/OmniVoice
[TRACE ts=20260722-123019] runtime.model.discovered_config_count 6
[TRACE ts=20260722-123019] runtime.model.discovered_weight_count 2
[TRACE ts=20260722-123019] runtime.model.task_count 1
[TRACE ts=20260722-123019] runtime.model.language_count 1
[TRACE ts=20260722-123019] runtime.model.supports_speaker_reference 1
[TRACE ts=20260722-123019] runtime.model.supports_style_condition 1
[TRACE ts=20260722-123019] runtime.model.supports_timestamps 0
ggml_cuda_init: found 1 CUDA devices (Total VRAM: 24111 MiB):
  Device 0: NVIDIA GeForce RTX 4090, compute capability 8.9, VMM: yes, VRAM: 24111 MiB
ggml_backend_cuda_graph_compute: CUDA graph warmup complete
[TIMING ts=20260722-123024] omnivoice.reference.encode_ms 1.341282
[TIMING ts=20260722-123024] omnivoice.encoder.graph.rebuilt 1
[TIMING ts=20260722-123024] omnivoice.session.prompt_ms 3.343751
[TIMING ts=20260722-123024] omnivoice.session.generate_ms 956.801634
[TIMING ts=20260722-123024] omnivoice.generator.graph.rebuilt 1
[TIMING ts=20260722-123024] omnivoice.generator.graph.rebuild_ms 2.992199
[TIMING ts=20260722-123024] omnivoice.session.decode_ms 9.113758
[TIMING ts=20260722-123024] omnivoice.decoder.graph.rebuilt 1
[TIMING ts=20260722-123024] omnivoice.decoder.graph.rebuild_ms 1.396055
[TIMING ts=20260722-123024] omnivoice.session.postprocess_ms 6.692629
[TIMING ts=20260722-123024] session.wall_ms 977.506944
family=omnivoice
task=tts
mode=offline
audio_out=./outputs/single_infer/audiocpp_omnivoice_clone_mdwt_native_atwt_bf16_step36.wav
  Completed at: 12:30:24
  Output: ./outputs/single_infer/audiocpp_omnivoice_clone_mdwt_native_atwt_bf16_step36.wav

[180/375] weight_type=native | audio_tokenizer_weight_type=q8_0 | steps=36 -> audiocpp_omnivoice_clone_mdwt_native_atwt_q8_0_step36.wav
  Started at: 12:30:24
[TRACE ts=20260722-123024] runtime.model.family omnivoice
[TRACE ts=20260722-123024] runtime.model.variant omnivoice
[TRACE ts=20260722-123024] runtime.model.root /home/ipt/kawshik/tts-testing/audio.cpp/models/OmniVoice
[TRACE ts=20260722-123024] runtime.model.discovered_config_count 6
[TRACE ts=20260722-123024] runtime.model.discovered_weight_count 2
[TRACE ts=20260722-123024] runtime.model.task_count 1
[TRACE ts=20260722-123024] runtime.model.language_count 1
[TRACE ts=20260722-123024] runtime.model.supports_speaker_reference 1
[TRACE ts=20260722-123024] runtime.model.supports_style_condition 1
[TRACE ts=20260722-123024] runtime.model.supports_timestamps 0
ggml_cuda_init: found 1 CUDA devices (Total VRAM: 24111 MiB):
  Device 0: NVIDIA GeForce RTX 4090, compute capability 8.9, VMM: yes, VRAM: 24111 MiB
ggml_backend_cuda_graph_compute: CUDA graph warmup complete
[TIMING ts=20260722-123029] omnivoice.reference.encode_ms 1.498779
[TIMING ts=20260722-123029] omnivoice.encoder.graph.rebuilt 1
[TIMING ts=20260722-123029] omnivoice.session.prompt_ms 3.627666
[TIMING ts=20260722-123029] omnivoice.session.generate_ms 958.128789
[TIMING ts=20260722-123029] omnivoice.generator.graph.rebuilt 1
[TIMING ts=20260722-123029] omnivoice.generator.graph.rebuild_ms 3.425802
[TIMING ts=20260722-123029] omnivoice.session.decode_ms 43.083996
[TIMING ts=20260722-123029] omnivoice.decoder.graph.rebuilt 1
[TIMING ts=20260722-123029] omnivoice.decoder.graph.rebuild_ms 1.358115
[TIMING ts=20260722-123029] omnivoice.session.postprocess_ms 7.156268
[TIMING ts=20260722-123029] session.wall_ms 1013.715774
family=omnivoice
task=tts
mode=offline
audio_out=./outputs/single_infer/audiocpp_omnivoice_clone_mdwt_native_atwt_q8_0_step36.wav
  Completed at: 12:30:29
  Output: ./outputs/single_infer/audiocpp_omnivoice_clone_mdwt_native_atwt_q8_0_step36.wav

[181/375] weight_type=f32 | audio_tokenizer_weight_type=native | steps=36 -> audiocpp_omnivoice_clone_mdwt_f32_atwt_native_step36.wav
  Started at: 12:30:29
[TRACE ts=20260722-123029] runtime.model.family omnivoice
[TRACE ts=20260722-123029] runtime.model.variant omnivoice
[TRACE ts=20260722-123029] runtime.model.root /home/ipt/kawshik/tts-testing/audio.cpp/models/OmniVoice
[TRACE ts=20260722-123029] runtime.model.discovered_config_count 6
[TRACE ts=20260722-123029] runtime.model.discovered_weight_count 2
[TRACE ts=20260722-123029] runtime.model.task_count 1
[TRACE ts=20260722-123029] runtime.model.language_count 1
[TRACE ts=20260722-123029] runtime.model.supports_speaker_reference 1
[TRACE ts=20260722-123029] runtime.model.supports_style_condition 1
[TRACE ts=20260722-123029] runtime.model.supports_timestamps 0
ggml_cuda_init: found 1 CUDA devices (Total VRAM: 24111 MiB):
  Device 0: NVIDIA GeForce RTX 4090, compute capability 8.9, VMM: yes, VRAM: 24111 MiB
ggml_backend_cuda_graph_compute: CUDA graph warmup complete
[TIMING ts=20260722-123034] omnivoice.reference.encode_ms 1.445082
[TIMING ts=20260722-123034] omnivoice.encoder.graph.rebuilt 1
[TIMING ts=20260722-123034] omnivoice.session.prompt_ms 2.563136
[TIMING ts=20260722-123034] omnivoice.session.generate_ms 960.781569
[TIMING ts=20260722-123034] omnivoice.generator.graph.rebuilt 1
[TIMING ts=20260722-123034] omnivoice.generator.graph.rebuild_ms 2.669661
[TIMING ts=20260722-123034] omnivoice.session.decode_ms 39.054355
[TIMING ts=20260722-123034] omnivoice.decoder.graph.rebuilt 1
[TIMING ts=20260722-123034] omnivoice.decoder.graph.rebuild_ms 1.510947
[TIMING ts=20260722-123034] omnivoice.session.postprocess_ms 7.852647
[TIMING ts=20260722-123034] session.wall_ms 1011.918202
family=omnivoice
task=tts
mode=offline
audio_out=./outputs/single_infer/audiocpp_omnivoice_clone_mdwt_f32_atwt_native_step36.wav
  Completed at: 12:30:34
  Output: ./outputs/single_infer/audiocpp_omnivoice_clone_mdwt_f32_atwt_native_step36.wav

[182/375] weight_type=f32 | audio_tokenizer_weight_type=f32 | steps=36 -> audiocpp_omnivoice_clone_mdwt_f32_atwt_f32_step36.wav
  Started at: 12:30:34
[TRACE ts=20260722-123034] runtime.model.family omnivoice
[TRACE ts=20260722-123034] runtime.model.variant omnivoice
[TRACE ts=20260722-123034] runtime.model.root /home/ipt/kawshik/tts-testing/audio.cpp/models/OmniVoice
[TRACE ts=20260722-123034] runtime.model.discovered_config_count 6
[TRACE ts=20260722-123034] runtime.model.discovered_weight_count 2
[TRACE ts=20260722-123034] runtime.model.task_count 1
[TRACE ts=20260722-123034] runtime.model.language_count 1
[TRACE ts=20260722-123034] runtime.model.supports_speaker_reference 1
[TRACE ts=20260722-123034] runtime.model.supports_style_condition 1
[TRACE ts=20260722-123034] runtime.model.supports_timestamps 0
ggml_cuda_init: found 1 CUDA devices (Total VRAM: 24111 MiB):
  Device 0: NVIDIA GeForce RTX 4090, compute capability 8.9, VMM: yes, VRAM: 24111 MiB
ggml_backend_cuda_graph_compute: CUDA graph warmup complete
[TIMING ts=20260722-123038] omnivoice.reference.encode_ms 1.694392
[TIMING ts=20260722-123038] omnivoice.encoder.graph.rebuilt 1
[TIMING ts=20260722-123038] omnivoice.session.prompt_ms 2.956912
[TIMING ts=20260722-123038] omnivoice.session.generate_ms 984.907548
[TIMING ts=20260722-123038] omnivoice.generator.graph.rebuilt 1
[TIMING ts=20260722-123038] omnivoice.generator.graph.rebuild_ms 3.008968
[TIMING ts=20260722-123038] omnivoice.session.decode_ms 40.600381
[TIMING ts=20260722-123038] omnivoice.decoder.graph.rebuilt 1
[TIMING ts=20260722-123038] omnivoice.decoder.graph.rebuild_ms 1.578958
[TIMING ts=20260722-123038] omnivoice.session.postprocess_ms 7.836575
[TIMING ts=20260722-123038] session.wall_ms 1038.282588
family=omnivoice
task=tts
mode=offline
audio_out=./outputs/single_infer/audiocpp_omnivoice_clone_mdwt_f32_atwt_f32_step36.wav
  Completed at: 12:30:38
  Output: ./outputs/single_infer/audiocpp_omnivoice_clone_mdwt_f32_atwt_f32_step36.wav

[183/375] weight_type=f32 | audio_tokenizer_weight_type=f16 | steps=36 -> audiocpp_omnivoice_clone_mdwt_f32_atwt_f16_step36.wav
  Started at: 12:30:38
[TRACE ts=20260722-123038] runtime.model.family omnivoice
[TRACE ts=20260722-123038] runtime.model.variant omnivoice
[TRACE ts=20260722-123038] runtime.model.root /home/ipt/kawshik/tts-testing/audio.cpp/models/OmniVoice
[TRACE ts=20260722-123038] runtime.model.discovered_config_count 6
[TRACE ts=20260722-123038] runtime.model.discovered_weight_count 2
[TRACE ts=20260722-123038] runtime.model.task_count 1
[TRACE ts=20260722-123038] runtime.model.language_count 1
[TRACE ts=20260722-123038] runtime.model.supports_speaker_reference 1
[TRACE ts=20260722-123038] runtime.model.supports_style_condition 1
[TRACE ts=20260722-123038] runtime.model.supports_timestamps 0
ggml_cuda_init: found 1 CUDA devices (Total VRAM: 24111 MiB):
  Device 0: NVIDIA GeForce RTX 4090, compute capability 8.9, VMM: yes, VRAM: 24111 MiB
ggml_backend_cuda_graph_compute: CUDA graph warmup complete
[TIMING ts=20260722-123043] omnivoice.reference.encode_ms 1.510257
[TIMING ts=20260722-123043] omnivoice.encoder.graph.rebuilt 1
[TIMING ts=20260722-123043] omnivoice.session.prompt_ms 2.562823
[TIMING ts=20260722-123043] omnivoice.session.generate_ms 955.931591
[TIMING ts=20260722-123043] omnivoice.generator.graph.rebuilt 1
[TIMING ts=20260722-123043] omnivoice.generator.graph.rebuild_ms 3.444801
[TIMING ts=20260722-123043] omnivoice.session.decode_ms 8.840705
[TIMING ts=20260722-123043] omnivoice.decoder.graph.rebuilt 1
[TIMING ts=20260722-123043] omnivoice.decoder.graph.rebuild_ms 1.356016
[TIMING ts=20260722-123043] omnivoice.session.postprocess_ms 6.645468
[TIMING ts=20260722-123043] session.wall_ms 975.744628
family=omnivoice
task=tts
mode=offline
audio_out=./outputs/single_infer/audiocpp_omnivoice_clone_mdwt_f32_atwt_f16_step36.wav
  Completed at: 12:30:43
  Output: ./outputs/single_infer/audiocpp_omnivoice_clone_mdwt_f32_atwt_f16_step36.wav

[184/375] weight_type=f32 | audio_tokenizer_weight_type=bf16 | steps=36 -> audiocpp_omnivoice_clone_mdwt_f32_atwt_bf16_step36.wav
  Started at: 12:30:43
[TRACE ts=20260722-123043] runtime.model.family omnivoice
[TRACE ts=20260722-123043] runtime.model.variant omnivoice
[TRACE ts=20260722-123043] runtime.model.root /home/ipt/kawshik/tts-testing/audio.cpp/models/OmniVoice
[TRACE ts=20260722-123043] runtime.model.discovered_config_count 6
[TRACE ts=20260722-123043] runtime.model.discovered_weight_count 2
[TRACE ts=20260722-123043] runtime.model.task_count 1
[TRACE ts=20260722-123043] runtime.model.language_count 1
[TRACE ts=20260722-123043] runtime.model.supports_speaker_reference 1
[TRACE ts=20260722-123043] runtime.model.supports_style_condition 1
[TRACE ts=20260722-123043] runtime.model.supports_timestamps 0
ggml_cuda_init: found 1 CUDA devices (Total VRAM: 24111 MiB):
  Device 0: NVIDIA GeForce RTX 4090, compute capability 8.9, VMM: yes, VRAM: 24111 MiB
ggml_backend_cuda_graph_compute: CUDA graph warmup complete
[TIMING ts=20260722-123048] omnivoice.reference.encode_ms 1.694138
[TIMING ts=20260722-123048] omnivoice.encoder.graph.rebuilt 1
[TIMING ts=20260722-123048] omnivoice.session.prompt_ms 4.086305
[TIMING ts=20260722-123048] omnivoice.session.generate_ms 967.94126
[TIMING ts=20260722-123048] omnivoice.generator.graph.rebuilt 1
[TIMING ts=20260722-123048] omnivoice.generator.graph.rebuild_ms 3.633705
[TIMING ts=20260722-123048] omnivoice.session.decode_ms 9.991594
[TIMING ts=20260722-123048] omnivoice.decoder.graph.rebuilt 1
[TIMING ts=20260722-123048] omnivoice.decoder.graph.rebuild_ms 1.66325
[TIMING ts=20260722-123048] omnivoice.session.postprocess_ms 8.136006
[TIMING ts=20260722-123048] session.wall_ms 992.103897
family=omnivoice
task=tts
mode=offline
audio_out=./outputs/single_infer/audiocpp_omnivoice_clone_mdwt_f32_atwt_bf16_step36.wav
  Completed at: 12:30:48
  Output: ./outputs/single_infer/audiocpp_omnivoice_clone_mdwt_f32_atwt_bf16_step36.wav

[185/375] weight_type=f32 | audio_tokenizer_weight_type=q8_0 | steps=36 -> audiocpp_omnivoice_clone_mdwt_f32_atwt_q8_0_step36.wav
  Started at: 12:30:48
[TRACE ts=20260722-123048] runtime.model.family omnivoice
[TRACE ts=20260722-123048] runtime.model.variant omnivoice
[TRACE ts=20260722-123048] runtime.model.root /home/ipt/kawshik/tts-testing/audio.cpp/models/OmniVoice
[TRACE ts=20260722-123048] runtime.model.discovered_config_count 6
[TRACE ts=20260722-123048] runtime.model.discovered_weight_count 2
[TRACE ts=20260722-123048] runtime.model.task_count 1
[TRACE ts=20260722-123048] runtime.model.language_count 1
[TRACE ts=20260722-123048] runtime.model.supports_speaker_reference 1
[TRACE ts=20260722-123048] runtime.model.supports_style_condition 1
[TRACE ts=20260722-123048] runtime.model.supports_timestamps 0
ggml_cuda_init: found 1 CUDA devices (Total VRAM: 24111 MiB):
  Device 0: NVIDIA GeForce RTX 4090, compute capability 8.9, VMM: yes, VRAM: 24111 MiB
ggml_backend_cuda_graph_compute: CUDA graph warmup complete
[TIMING ts=20260722-123053] omnivoice.reference.encode_ms 1.498565
[TIMING ts=20260722-123053] omnivoice.encoder.graph.rebuilt 1
[TIMING ts=20260722-123053] omnivoice.session.prompt_ms 3.64952
[TIMING ts=20260722-123053] omnivoice.session.generate_ms 959.517028
[TIMING ts=20260722-123053] omnivoice.generator.graph.rebuilt 1
[TIMING ts=20260722-123053] omnivoice.generator.graph.rebuild_ms 3.470533
[TIMING ts=20260722-123053] omnivoice.session.decode_ms 42.896524
[TIMING ts=20260722-123053] omnivoice.decoder.graph.rebuilt 1
[TIMING ts=20260722-123053] omnivoice.decoder.graph.rebuild_ms 1.316127
[TIMING ts=20260722-123053] omnivoice.session.postprocess_ms 7.211614
[TIMING ts=20260722-123053] session.wall_ms 1014.99177
family=omnivoice
task=tts
mode=offline
audio_out=./outputs/single_infer/audiocpp_omnivoice_clone_mdwt_f32_atwt_q8_0_step36.wav
  Completed at: 12:30:53
  Output: ./outputs/single_infer/audiocpp_omnivoice_clone_mdwt_f32_atwt_q8_0_step36.wav

[186/375] weight_type=f16 | audio_tokenizer_weight_type=native | steps=36 -> audiocpp_omnivoice_clone_mdwt_f16_atwt_native_step36.wav
  Started at: 12:30:53
[TRACE ts=20260722-123054] runtime.model.family omnivoice
[TRACE ts=20260722-123054] runtime.model.variant omnivoice
[TRACE ts=20260722-123054] runtime.model.root /home/ipt/kawshik/tts-testing/audio.cpp/models/OmniVoice
[TRACE ts=20260722-123054] runtime.model.discovered_config_count 6
[TRACE ts=20260722-123054] runtime.model.discovered_weight_count 2
[TRACE ts=20260722-123054] runtime.model.task_count 1
[TRACE ts=20260722-123054] runtime.model.language_count 1
[TRACE ts=20260722-123054] runtime.model.supports_speaker_reference 1
[TRACE ts=20260722-123054] runtime.model.supports_style_condition 1
[TRACE ts=20260722-123054] runtime.model.supports_timestamps 0
ggml_cuda_init: found 1 CUDA devices (Total VRAM: 24111 MiB):
  Device 0: NVIDIA GeForce RTX 4090, compute capability 8.9, VMM: yes, VRAM: 24111 MiB
ggml_backend_cuda_graph_compute: CUDA graph warmup complete
[TIMING ts=20260722-123102] omnivoice.reference.encode_ms 1.397452
[TIMING ts=20260722-123102] omnivoice.encoder.graph.rebuilt 1
[TIMING ts=20260722-123102] omnivoice.session.prompt_ms 2.374291
[TIMING ts=20260722-123102] omnivoice.session.generate_ms 775.811773
[TIMING ts=20260722-123102] omnivoice.generator.graph.rebuilt 1
[TIMING ts=20260722-123102] omnivoice.generator.graph.rebuild_ms 2.82149
[TIMING ts=20260722-123102] omnivoice.session.decode_ms 32.675287
[TIMING ts=20260722-123102] omnivoice.decoder.graph.rebuilt 1
[TIMING ts=20260722-123102] omnivoice.decoder.graph.rebuild_ms 1.358173
[TIMING ts=20260722-123102] omnivoice.session.postprocess_ms 7.047141
[TIMING ts=20260722-123102] session.wall_ms 819.521258
family=omnivoice
task=tts
mode=offline
audio_out=./outputs/single_infer/audiocpp_omnivoice_clone_mdwt_f16_atwt_native_step36.wav
  Completed at: 12:31:02
  Output: ./outputs/single_infer/audiocpp_omnivoice_clone_mdwt_f16_atwt_native_step36.wav

[187/375] weight_type=f16 | audio_tokenizer_weight_type=f32 | steps=36 -> audiocpp_omnivoice_clone_mdwt_f16_atwt_f32_step36.wav
  Started at: 12:31:02
[TRACE ts=20260722-123103] runtime.model.family omnivoice
[TRACE ts=20260722-123103] runtime.model.variant omnivoice
[TRACE ts=20260722-123103] runtime.model.root /home/ipt/kawshik/tts-testing/audio.cpp/models/OmniVoice
[TRACE ts=20260722-123103] runtime.model.discovered_config_count 6
[TRACE ts=20260722-123103] runtime.model.discovered_weight_count 2
[TRACE ts=20260722-123103] runtime.model.task_count 1
[TRACE ts=20260722-123103] runtime.model.language_count 1
[TRACE ts=20260722-123103] runtime.model.supports_speaker_reference 1
[TRACE ts=20260722-123103] runtime.model.supports_style_condition 1
[TRACE ts=20260722-123103] runtime.model.supports_timestamps 0
ggml_cuda_init: found 1 CUDA devices (Total VRAM: 24111 MiB):
  Device 0: NVIDIA GeForce RTX 4090, compute capability 8.9, VMM: yes, VRAM: 24111 MiB
ggml_backend_cuda_graph_compute: CUDA graph warmup complete
[TIMING ts=20260722-123111] omnivoice.reference.encode_ms 1.517393
[TIMING ts=20260722-123111] omnivoice.encoder.graph.rebuilt 1
[TIMING ts=20260722-123111] omnivoice.session.prompt_ms 2.548649
[TIMING ts=20260722-123111] omnivoice.session.generate_ms 781.031829
[TIMING ts=20260722-123111] omnivoice.generator.graph.rebuilt 1
[TIMING ts=20260722-123111] omnivoice.generator.graph.rebuild_ms 2.990465
[TIMING ts=20260722-123111] omnivoice.session.decode_ms 33.745839
[TIMING ts=20260722-123111] omnivoice.decoder.graph.rebuilt 1
[TIMING ts=20260722-123111] omnivoice.decoder.graph.rebuild_ms 1.494745
[TIMING ts=20260722-123111] omnivoice.session.postprocess_ms 7.022947
[TIMING ts=20260722-123111] session.wall_ms 826.08224
family=omnivoice
task=tts
mode=offline
audio_out=./outputs/single_infer/audiocpp_omnivoice_clone_mdwt_f16_atwt_f32_step36.wav
  Completed at: 12:31:12
  Output: ./outputs/single_infer/audiocpp_omnivoice_clone_mdwt_f16_atwt_f32_step36.wav

[188/375] weight_type=f16 | audio_tokenizer_weight_type=f16 | steps=36 -> audiocpp_omnivoice_clone_mdwt_f16_atwt_f16_step36.wav
  Started at: 12:31:12
[TRACE ts=20260722-123112] runtime.model.family omnivoice
[TRACE ts=20260722-123112] runtime.model.variant omnivoice
[TRACE ts=20260722-123112] runtime.model.root /home/ipt/kawshik/tts-testing/audio.cpp/models/OmniVoice
[TRACE ts=20260722-123112] runtime.model.discovered_config_count 6
[TRACE ts=20260722-123112] runtime.model.discovered_weight_count 2
[TRACE ts=20260722-123112] runtime.model.task_count 1
[TRACE ts=20260722-123112] runtime.model.language_count 1
[TRACE ts=20260722-123112] runtime.model.supports_speaker_reference 1
[TRACE ts=20260722-123112] runtime.model.supports_style_condition 1
[TRACE ts=20260722-123112] runtime.model.supports_timestamps 0
ggml_cuda_init: found 1 CUDA devices (Total VRAM: 24111 MiB):
  Device 0: NVIDIA GeForce RTX 4090, compute capability 8.9, VMM: yes, VRAM: 24111 MiB
ggml_backend_cuda_graph_compute: CUDA graph warmup complete
[TIMING ts=20260722-123121] omnivoice.reference.encode_ms 1.481127
[TIMING ts=20260722-123121] omnivoice.encoder.graph.rebuilt 1
[TIMING ts=20260722-123121] omnivoice.session.prompt_ms 2.847806
[TIMING ts=20260722-123121] omnivoice.session.generate_ms 731.775503
[TIMING ts=20260722-123121] omnivoice.generator.graph.rebuilt 1
[TIMING ts=20260722-123121] omnivoice.generator.graph.rebuild_ms 3.308913
[TIMING ts=20260722-123121] omnivoice.session.decode_ms 9.047265
[TIMING ts=20260722-123121] omnivoice.decoder.graph.rebuilt 1
[TIMING ts=20260722-123121] omnivoice.decoder.graph.rebuild_ms 1.358789
[TIMING ts=20260722-123121] omnivoice.session.postprocess_ms 6.940437
[TIMING ts=20260722-123121] session.wall_ms 752.306042
family=omnivoice
task=tts
mode=offline
audio_out=./outputs/single_infer/audiocpp_omnivoice_clone_mdwt_f16_atwt_f16_step36.wav
  Completed at: 12:31:22
  Output: ./outputs/single_infer/audiocpp_omnivoice_clone_mdwt_f16_atwt_f16_step36.wav

[189/375] weight_type=f16 | audio_tokenizer_weight_type=bf16 | steps=36 -> audiocpp_omnivoice_clone_mdwt_f16_atwt_bf16_step36.wav
  Started at: 12:31:22
[TRACE ts=20260722-123122] runtime.model.family omnivoice
[TRACE ts=20260722-123122] runtime.model.variant omnivoice
[TRACE ts=20260722-123122] runtime.model.root /home/ipt/kawshik/tts-testing/audio.cpp/models/OmniVoice
[TRACE ts=20260722-123122] runtime.model.discovered_config_count 6
[TRACE ts=20260722-123122] runtime.model.discovered_weight_count 2
[TRACE ts=20260722-123122] runtime.model.task_count 1
[TRACE ts=20260722-123122] runtime.model.language_count 1
[TRACE ts=20260722-123122] runtime.model.supports_speaker_reference 1
[TRACE ts=20260722-123122] runtime.model.supports_style_condition 1
[TRACE ts=20260722-123122] runtime.model.supports_timestamps 0
ggml_cuda_init: found 1 CUDA devices (Total VRAM: 24111 MiB):
  Device 0: NVIDIA GeForce RTX 4090, compute capability 8.9, VMM: yes, VRAM: 24111 MiB
ggml_backend_cuda_graph_compute: CUDA graph warmup complete
[TIMING ts=20260722-123131] omnivoice.reference.encode_ms 1.350299
[TIMING ts=20260722-123131] omnivoice.encoder.graph.rebuilt 1
[TIMING ts=20260722-123131] omnivoice.session.prompt_ms 3.36219
[TIMING ts=20260722-123131] omnivoice.session.generate_ms 723.91365
[TIMING ts=20260722-123131] omnivoice.generator.graph.rebuilt 1
[TIMING ts=20260722-123131] omnivoice.generator.graph.rebuild_ms 3.096035
[TIMING ts=20260722-123131] omnivoice.session.decode_ms 8.950545
[TIMING ts=20260722-123131] omnivoice.decoder.graph.rebuilt 1
[TIMING ts=20260722-123131] omnivoice.decoder.graph.rebuild_ms 1.294984
[TIMING ts=20260722-123131] omnivoice.session.postprocess_ms 6.64808
[TIMING ts=20260722-123131] session.wall_ms 744.43398
family=omnivoice
task=tts
mode=offline
audio_out=./outputs/single_infer/audiocpp_omnivoice_clone_mdwt_f16_atwt_bf16_step36.wav
  Completed at: 12:31:31
  Output: ./outputs/single_infer/audiocpp_omnivoice_clone_mdwt_f16_atwt_bf16_step36.wav

[190/375] weight_type=f16 | audio_tokenizer_weight_type=q8_0 | steps=36 -> audiocpp_omnivoice_clone_mdwt_f16_atwt_q8_0_step36.wav
  Started at: 12:31:31
[TRACE ts=20260722-123131] runtime.model.family omnivoice
[TRACE ts=20260722-123131] runtime.model.variant omnivoice
[TRACE ts=20260722-123131] runtime.model.root /home/ipt/kawshik/tts-testing/audio.cpp/models/OmniVoice
[TRACE ts=20260722-123131] runtime.model.discovered_config_count 6
[TRACE ts=20260722-123131] runtime.model.discovered_weight_count 2
[TRACE ts=20260722-123131] runtime.model.task_count 1
[TRACE ts=20260722-123131] runtime.model.language_count 1
[TRACE ts=20260722-123131] runtime.model.supports_speaker_reference 1
[TRACE ts=20260722-123131] runtime.model.supports_style_condition 1
[TRACE ts=20260722-123131] runtime.model.supports_timestamps 0
ggml_cuda_init: found 1 CUDA devices (Total VRAM: 24111 MiB):
  Device 0: NVIDIA GeForce RTX 4090, compute capability 8.9, VMM: yes, VRAM: 24111 MiB
ggml_backend_cuda_graph_compute: CUDA graph warmup complete
[TIMING ts=20260722-123141] omnivoice.reference.encode_ms 1.396512
[TIMING ts=20260722-123141] omnivoice.encoder.graph.rebuilt 1
[TIMING ts=20260722-123141] omnivoice.session.prompt_ms 3.454695
[TIMING ts=20260722-123141] omnivoice.session.generate_ms 732.337525
[TIMING ts=20260722-123141] omnivoice.generator.graph.rebuilt 1
[TIMING ts=20260722-123141] omnivoice.generator.graph.rebuild_ms 3.29915
[TIMING ts=20260722-123141] omnivoice.session.decode_ms 43.254205
[TIMING ts=20260722-123141] omnivoice.decoder.graph.rebuilt 1
[TIMING ts=20260722-123141] omnivoice.decoder.graph.rebuild_ms 1.331821
[TIMING ts=20260722-123141] omnivoice.session.postprocess_ms 7.583918
[TIMING ts=20260722-123141] session.wall_ms 788.925062
family=omnivoice
task=tts
mode=offline
audio_out=./outputs/single_infer/audiocpp_omnivoice_clone_mdwt_f16_atwt_q8_0_step36.wav
  Completed at: 12:31:41
  Output: ./outputs/single_infer/audiocpp_omnivoice_clone_mdwt_f16_atwt_q8_0_step36.wav

[191/375] weight_type=bf16 | audio_tokenizer_weight_type=native | steps=36 -> audiocpp_omnivoice_clone_mdwt_bf16_atwt_native_step36.wav
  Started at: 12:31:41
[TRACE ts=20260722-123141] runtime.model.family omnivoice
[TRACE ts=20260722-123141] runtime.model.variant omnivoice
[TRACE ts=20260722-123141] runtime.model.root /home/ipt/kawshik/tts-testing/audio.cpp/models/OmniVoice
[TRACE ts=20260722-123141] runtime.model.discovered_config_count 6
[TRACE ts=20260722-123141] runtime.model.discovered_weight_count 2
[TRACE ts=20260722-123141] runtime.model.task_count 1
[TRACE ts=20260722-123141] runtime.model.language_count 1
[TRACE ts=20260722-123141] runtime.model.supports_speaker_reference 1
[TRACE ts=20260722-123141] runtime.model.supports_style_condition 1
[TRACE ts=20260722-123141] runtime.model.supports_timestamps 0
ggml_cuda_init: found 1 CUDA devices (Total VRAM: 24111 MiB):
  Device 0: NVIDIA GeForce RTX 4090, compute capability 8.9, VMM: yes, VRAM: 24111 MiB
ggml_backend_cuda_graph_compute: CUDA graph warmup complete
[TIMING ts=20260722-123149] omnivoice.reference.encode_ms 1.430708
[TIMING ts=20260722-123149] omnivoice.encoder.graph.rebuilt 1
[TIMING ts=20260722-123149] omnivoice.session.prompt_ms 2.395192
[TIMING ts=20260722-123149] omnivoice.session.generate_ms 982.435936
[TIMING ts=20260722-123149] omnivoice.generator.graph.rebuilt 1
[TIMING ts=20260722-123149] omnivoice.generator.graph.rebuild_ms 2.762188
[TIMING ts=20260722-123149] omnivoice.session.decode_ms 35.987051
[TIMING ts=20260722-123149] omnivoice.decoder.graph.rebuilt 1
[TIMING ts=20260722-123149] omnivoice.decoder.graph.rebuild_ms 1.463221
[TIMING ts=20260722-123149] omnivoice.session.postprocess_ms 7.00486
[TIMING ts=20260722-123149] session.wall_ms 1029.466922
family=omnivoice
task=tts
mode=offline
audio_out=./outputs/single_infer/audiocpp_omnivoice_clone_mdwt_bf16_atwt_native_step36.wav
  Completed at: 12:31:50
  Output: ./outputs/single_infer/audiocpp_omnivoice_clone_mdwt_bf16_atwt_native_step36.wav

[192/375] weight_type=bf16 | audio_tokenizer_weight_type=f32 | steps=36 -> audiocpp_omnivoice_clone_mdwt_bf16_atwt_f32_step36.wav
  Started at: 12:31:50
[TRACE ts=20260722-123150] runtime.model.family omnivoice
[TRACE ts=20260722-123150] runtime.model.variant omnivoice
[TRACE ts=20260722-123150] runtime.model.root /home/ipt/kawshik/tts-testing/audio.cpp/models/OmniVoice
[TRACE ts=20260722-123150] runtime.model.discovered_config_count 6
[TRACE ts=20260722-123150] runtime.model.discovered_weight_count 2
[TRACE ts=20260722-123150] runtime.model.task_count 1
[TRACE ts=20260722-123150] runtime.model.language_count 1
[TRACE ts=20260722-123150] runtime.model.supports_speaker_reference 1
[TRACE ts=20260722-123150] runtime.model.supports_style_condition 1
[TRACE ts=20260722-123150] runtime.model.supports_timestamps 0
ggml_cuda_init: found 1 CUDA devices (Total VRAM: 24111 MiB):
  Device 0: NVIDIA GeForce RTX 4090, compute capability 8.9, VMM: yes, VRAM: 24111 MiB
ggml_backend_cuda_graph_compute: CUDA graph warmup complete
[TIMING ts=20260722-123158] omnivoice.reference.encode_ms 1.694781
[TIMING ts=20260722-123158] omnivoice.encoder.graph.rebuilt 1
[TIMING ts=20260722-123158] omnivoice.session.prompt_ms 2.929356
[TIMING ts=20260722-123158] omnivoice.session.generate_ms 965.246279
[TIMING ts=20260722-123158] omnivoice.generator.graph.rebuilt 1
[TIMING ts=20260722-123158] omnivoice.generator.graph.rebuild_ms 3.454461
[TIMING ts=20260722-123158] omnivoice.session.decode_ms 43.098311
[TIMING ts=20260722-123158] omnivoice.decoder.graph.rebuilt 1
[TIMING ts=20260722-123158] omnivoice.decoder.graph.rebuild_ms 1.593355
[TIMING ts=20260722-123158] omnivoice.session.postprocess_ms 8.818242
[TIMING ts=20260722-123158] session.wall_ms 1022.079811
family=omnivoice
task=tts
mode=offline
audio_out=./outputs/single_infer/audiocpp_omnivoice_clone_mdwt_bf16_atwt_f32_step36.wav
  Completed at: 12:31:58
  Output: ./outputs/single_infer/audiocpp_omnivoice_clone_mdwt_bf16_atwt_f32_step36.wav

[193/375] weight_type=bf16 | audio_tokenizer_weight_type=f16 | steps=36 -> audiocpp_omnivoice_clone_mdwt_bf16_atwt_f16_step36.wav
  Started at: 12:31:58
[TRACE ts=20260722-123158] runtime.model.family omnivoice
[TRACE ts=20260722-123158] runtime.model.variant omnivoice
[TRACE ts=20260722-123158] runtime.model.root /home/ipt/kawshik/tts-testing/audio.cpp/models/OmniVoice
[TRACE ts=20260722-123158] runtime.model.discovered_config_count 6
[TRACE ts=20260722-123158] runtime.model.discovered_weight_count 2
[TRACE ts=20260722-123158] runtime.model.task_count 1
[TRACE ts=20260722-123158] runtime.model.language_count 1
[TRACE ts=20260722-123158] runtime.model.supports_speaker_reference 1
[TRACE ts=20260722-123158] runtime.model.supports_style_condition 1
[TRACE ts=20260722-123158] runtime.model.supports_timestamps 0
ggml_cuda_init: found 1 CUDA devices (Total VRAM: 24111 MiB):
  Device 0: NVIDIA GeForce RTX 4090, compute capability 8.9, VMM: yes, VRAM: 24111 MiB
ggml_backend_cuda_graph_compute: CUDA graph warmup complete
[TIMING ts=20260722-123207] omnivoice.reference.encode_ms 1.314829
[TIMING ts=20260722-123207] omnivoice.encoder.graph.rebuilt 1
[TIMING ts=20260722-123207] omnivoice.session.prompt_ms 2.866089
[TIMING ts=20260722-123207] omnivoice.session.generate_ms 942.081175
[TIMING ts=20260722-123207] omnivoice.generator.graph.rebuilt 1
[TIMING ts=20260722-123207] omnivoice.generator.graph.rebuild_ms 3.174858
[TIMING ts=20260722-123207] omnivoice.session.decode_ms 11.729415
[TIMING ts=20260722-123207] omnivoice.decoder.graph.rebuilt 1
[TIMING ts=20260722-123207] omnivoice.decoder.graph.rebuild_ms 2.328804
[TIMING ts=20260722-123207] omnivoice.session.postprocess_ms 7.111312
[TIMING ts=20260722-123207] session.wall_ms 965.311653
family=omnivoice
task=tts
mode=offline
audio_out=./outputs/single_infer/audiocpp_omnivoice_clone_mdwt_bf16_atwt_f16_step36.wav
  Completed at: 12:32:07
  Output: ./outputs/single_infer/audiocpp_omnivoice_clone_mdwt_bf16_atwt_f16_step36.wav

[194/375] weight_type=bf16 | audio_tokenizer_weight_type=bf16 | steps=36 -> audiocpp_omnivoice_clone_mdwt_bf16_atwt_bf16_step36.wav
  Started at: 12:32:07
[TRACE ts=20260722-123207] runtime.model.family omnivoice
[TRACE ts=20260722-123207] runtime.model.variant omnivoice
[TRACE ts=20260722-123207] runtime.model.root /home/ipt/kawshik/tts-testing/audio.cpp/models/OmniVoice
[TRACE ts=20260722-123207] runtime.model.discovered_config_count 6
[TRACE ts=20260722-123207] runtime.model.discovered_weight_count 2
[TRACE ts=20260722-123207] runtime.model.task_count 1
[TRACE ts=20260722-123207] runtime.model.language_count 1
[TRACE ts=20260722-123207] runtime.model.supports_speaker_reference 1
[TRACE ts=20260722-123207] runtime.model.supports_style_condition 1
[TRACE ts=20260722-123207] runtime.model.supports_timestamps 0
ggml_cuda_init: found 1 CUDA devices (Total VRAM: 24111 MiB):
  Device 0: NVIDIA GeForce RTX 4090, compute capability 8.9, VMM: yes, VRAM: 24111 MiB
ggml_backend_cuda_graph_compute: CUDA graph warmup complete
[TIMING ts=20260722-123216] omnivoice.reference.encode_ms 1.499238
[TIMING ts=20260722-123216] omnivoice.encoder.graph.rebuilt 1
[TIMING ts=20260722-123216] omnivoice.session.prompt_ms 3.561554
[TIMING ts=20260722-123216] omnivoice.session.generate_ms 786.198879
[TIMING ts=20260722-123216] omnivoice.generator.graph.rebuilt 1
[TIMING ts=20260722-123216] omnivoice.generator.graph.rebuild_ms 3.327433
[TIMING ts=20260722-123216] omnivoice.session.decode_ms 9.662716
[TIMING ts=20260722-123216] omnivoice.decoder.graph.rebuilt 1
[TIMING ts=20260722-123216] omnivoice.decoder.graph.rebuild_ms 1.400191
[TIMING ts=20260722-123216] omnivoice.session.postprocess_ms 6.775077
[TIMING ts=20260722-123216] session.wall_ms 807.912919
family=omnivoice
task=tts
mode=offline
audio_out=./outputs/single_infer/audiocpp_omnivoice_clone_mdwt_bf16_atwt_bf16_step36.wav
  Completed at: 12:32:17
  Output: ./outputs/single_infer/audiocpp_omnivoice_clone_mdwt_bf16_atwt_bf16_step36.wav

[195/375] weight_type=bf16 | audio_tokenizer_weight_type=q8_0 | steps=36 -> audiocpp_omnivoice_clone_mdwt_bf16_atwt_q8_0_step36.wav
  Started at: 12:32:17
[TRACE ts=20260722-123217] runtime.model.family omnivoice
[TRACE ts=20260722-123217] runtime.model.variant omnivoice
[TRACE ts=20260722-123217] runtime.model.root /home/ipt/kawshik/tts-testing/audio.cpp/models/OmniVoice
[TRACE ts=20260722-123217] runtime.model.discovered_config_count 6
[TRACE ts=20260722-123217] runtime.model.discovered_weight_count 2
[TRACE ts=20260722-123217] runtime.model.task_count 1
[TRACE ts=20260722-123217] runtime.model.language_count 1
[TRACE ts=20260722-123217] runtime.model.supports_speaker_reference 1
[TRACE ts=20260722-123217] runtime.model.supports_style_condition 1
[TRACE ts=20260722-123217] runtime.model.supports_timestamps 0
ggml_cuda_init: found 1 CUDA devices (Total VRAM: 24111 MiB):
  Device 0: NVIDIA GeForce RTX 4090, compute capability 8.9, VMM: yes, VRAM: 24111 MiB
ggml_backend_cuda_graph_compute: CUDA graph warmup complete
[TIMING ts=20260722-123226] omnivoice.reference.encode_ms 1.521288
[TIMING ts=20260722-123226] omnivoice.encoder.graph.rebuilt 1
[TIMING ts=20260722-123226] omnivoice.session.prompt_ms 3.533084
[TIMING ts=20260722-123226] omnivoice.session.generate_ms 945.24773
[TIMING ts=20260722-123226] omnivoice.generator.graph.rebuilt 1
[TIMING ts=20260722-123226] omnivoice.generator.graph.rebuild_ms 3.458082
[TIMING ts=20260722-123226] omnivoice.session.decode_ms 43.197899
[TIMING ts=20260722-123226] omnivoice.decoder.graph.rebuilt 1
[TIMING ts=20260722-123226] omnivoice.decoder.graph.rebuild_ms 1.371431
[TIMING ts=20260722-123226] omnivoice.session.postprocess_ms 7.799809
[TIMING ts=20260722-123226] session.wall_ms 1001.550054
family=omnivoice
task=tts
mode=offline
audio_out=./outputs/single_infer/audiocpp_omnivoice_clone_mdwt_bf16_atwt_q8_0_step36.wav
  Completed at: 12:32:26
  Output: ./outputs/single_infer/audiocpp_omnivoice_clone_mdwt_bf16_atwt_q8_0_step36.wav

[196/375] weight_type=q8_0 | audio_tokenizer_weight_type=native | steps=36 -> audiocpp_omnivoice_clone_mdwt_q8_0_atwt_native_step36.wav
  Started at: 12:32:26
[TRACE ts=20260722-123226] runtime.model.family omnivoice
[TRACE ts=20260722-123226] runtime.model.variant omnivoice
[TRACE ts=20260722-123226] runtime.model.root /home/ipt/kawshik/tts-testing/audio.cpp/models/OmniVoice
[TRACE ts=20260722-123226] runtime.model.discovered_config_count 6
[TRACE ts=20260722-123226] runtime.model.discovered_weight_count 2
[TRACE ts=20260722-123226] runtime.model.task_count 1
[TRACE ts=20260722-123226] runtime.model.language_count 1
[TRACE ts=20260722-123226] runtime.model.supports_speaker_reference 1
[TRACE ts=20260722-123226] runtime.model.supports_style_condition 1
[TRACE ts=20260722-123226] runtime.model.supports_timestamps 0
ggml_cuda_init: found 1 CUDA devices (Total VRAM: 24111 MiB):
  Device 0: NVIDIA GeForce RTX 4090, compute capability 8.9, VMM: yes, VRAM: 24111 MiB
ggml_backend_cuda_graph_compute: CUDA graph warmup complete
[TIMING ts=20260722-123236] omnivoice.reference.encode_ms 1.483043
[TIMING ts=20260722-123236] omnivoice.encoder.graph.rebuilt 1
[TIMING ts=20260722-123236] omnivoice.session.prompt_ms 2.443392
[TIMING ts=20260722-123236] omnivoice.session.generate_ms 824.838057
[TIMING ts=20260722-123236] omnivoice.generator.graph.rebuilt 1
[TIMING ts=20260722-123236] omnivoice.generator.graph.rebuild_ms 2.751083
[TIMING ts=20260722-123236] omnivoice.session.decode_ms 42.931309
[TIMING ts=20260722-123236] omnivoice.decoder.graph.rebuilt 1
[TIMING ts=20260722-123236] omnivoice.decoder.graph.rebuild_ms 7.82916
[TIMING ts=20260722-123236] omnivoice.session.postprocess_ms 7.342133
[TIMING ts=20260722-123236] session.wall_ms 879.247749
family=omnivoice
task=tts
mode=offline
audio_out=./outputs/single_infer/audiocpp_omnivoice_clone_mdwt_q8_0_atwt_native_step36.wav
  Completed at: 12:32:36
  Output: ./outputs/single_infer/audiocpp_omnivoice_clone_mdwt_q8_0_atwt_native_step36.wav

[197/375] weight_type=q8_0 | audio_tokenizer_weight_type=f32 | steps=36 -> audiocpp_omnivoice_clone_mdwt_q8_0_atwt_f32_step36.wav
  Started at: 12:32:36
[TRACE ts=20260722-123236] runtime.model.family omnivoice
[TRACE ts=20260722-123236] runtime.model.variant omnivoice
[TRACE ts=20260722-123236] runtime.model.root /home/ipt/kawshik/tts-testing/audio.cpp/models/OmniVoice
[TRACE ts=20260722-123236] runtime.model.discovered_config_count 6
[TRACE ts=20260722-123236] runtime.model.discovered_weight_count 2
[TRACE ts=20260722-123236] runtime.model.task_count 1
[TRACE ts=20260722-123236] runtime.model.language_count 1
[TRACE ts=20260722-123236] runtime.model.supports_speaker_reference 1
[TRACE ts=20260722-123236] runtime.model.supports_style_condition 1
[TRACE ts=20260722-123236] runtime.model.supports_timestamps 0
ggml_cuda_init: found 1 CUDA devices (Total VRAM: 24111 MiB):
  Device 0: NVIDIA GeForce RTX 4090, compute capability 8.9, VMM: yes, VRAM: 24111 MiB
ggml_backend_cuda_graph_compute: CUDA graph warmup complete
[TIMING ts=20260722-123247] omnivoice.reference.encode_ms 1.72175
[TIMING ts=20260722-123247] omnivoice.encoder.graph.rebuilt 1
[TIMING ts=20260722-123247] omnivoice.session.prompt_ms 3.57502
[TIMING ts=20260722-123247] omnivoice.session.generate_ms 872.051538
[TIMING ts=20260722-123247] omnivoice.generator.graph.rebuilt 1
[TIMING ts=20260722-123247] omnivoice.generator.graph.rebuild_ms 3.365542
[TIMING ts=20260722-123247] omnivoice.session.decode_ms 39.021251
[TIMING ts=20260722-123247] omnivoice.decoder.graph.rebuilt 1
[TIMING ts=20260722-123247] omnivoice.decoder.graph.rebuild_ms 1.704682
[TIMING ts=20260722-123247] omnivoice.session.postprocess_ms 8.881673
[TIMING ts=20260722-123247] session.wall_ms 926.268776
family=omnivoice
task=tts
mode=offline
audio_out=./outputs/single_infer/audiocpp_omnivoice_clone_mdwt_q8_0_atwt_f32_step36.wav
  Completed at: 12:32:47
  Output: ./outputs/single_infer/audiocpp_omnivoice_clone_mdwt_q8_0_atwt_f32_step36.wav

[198/375] weight_type=q8_0 | audio_tokenizer_weight_type=f16 | steps=36 -> audiocpp_omnivoice_clone_mdwt_q8_0_atwt_f16_step36.wav
  Started at: 12:32:47
[TRACE ts=20260722-123247] runtime.model.family omnivoice
[TRACE ts=20260722-123247] runtime.model.variant omnivoice
[TRACE ts=20260722-123247] runtime.model.root /home/ipt/kawshik/tts-testing/audio.cpp/models/OmniVoice
[TRACE ts=20260722-123247] runtime.model.discovered_config_count 6
[TRACE ts=20260722-123247] runtime.model.discovered_weight_count 2
[TRACE ts=20260722-123247] runtime.model.task_count 1
[TRACE ts=20260722-123247] runtime.model.language_count 1
[TRACE ts=20260722-123247] runtime.model.supports_speaker_reference 1
[TRACE ts=20260722-123247] runtime.model.supports_style_condition 1
[TRACE ts=20260722-123247] runtime.model.supports_timestamps 0
ggml_cuda_init: found 1 CUDA devices (Total VRAM: 24111 MiB):
  Device 0: NVIDIA GeForce RTX 4090, compute capability 8.9, VMM: yes, VRAM: 24111 MiB
ggml_backend_cuda_graph_compute: CUDA graph warmup complete
[TIMING ts=20260722-123258] omnivoice.reference.encode_ms 1.337877
[TIMING ts=20260722-123258] omnivoice.encoder.graph.rebuilt 1
[TIMING ts=20260722-123258] omnivoice.session.prompt_ms 2.847471
[TIMING ts=20260722-123258] omnivoice.session.generate_ms 775.518564
[TIMING ts=20260722-123258] omnivoice.generator.graph.rebuilt 1
[TIMING ts=20260722-123258] omnivoice.generator.graph.rebuild_ms 3.186281
[TIMING ts=20260722-123258] omnivoice.session.decode_ms 9.765991
[TIMING ts=20260722-123258] omnivoice.decoder.graph.rebuilt 1
[TIMING ts=20260722-123258] omnivoice.decoder.graph.rebuild_ms 1.392079
[TIMING ts=20260722-123258] omnivoice.session.postprocess_ms 7.314683
[TIMING ts=20260722-123258] session.wall_ms 796.998847
family=omnivoice
task=tts
mode=offline
audio_out=./outputs/single_infer/audiocpp_omnivoice_clone_mdwt_q8_0_atwt_f16_step36.wav
  Completed at: 12:32:58
  Output: ./outputs/single_infer/audiocpp_omnivoice_clone_mdwt_q8_0_atwt_f16_step36.wav

[199/375] weight_type=q8_0 | audio_tokenizer_weight_type=bf16 | steps=36 -> audiocpp_omnivoice_clone_mdwt_q8_0_atwt_bf16_step36.wav
  Started at: 12:32:58
[TRACE ts=20260722-123258] runtime.model.family omnivoice
[TRACE ts=20260722-123258] runtime.model.variant omnivoice
[TRACE ts=20260722-123258] runtime.model.root /home/ipt/kawshik/tts-testing/audio.cpp/models/OmniVoice
[TRACE ts=20260722-123258] runtime.model.discovered_config_count 6
[TRACE ts=20260722-123258] runtime.model.discovered_weight_count 2
[TRACE ts=20260722-123258] runtime.model.task_count 1
[TRACE ts=20260722-123258] runtime.model.language_count 1
[TRACE ts=20260722-123258] runtime.model.supports_speaker_reference 1
[TRACE ts=20260722-123258] runtime.model.supports_style_condition 1
[TRACE ts=20260722-123258] runtime.model.supports_timestamps 0
ggml_cuda_init: found 1 CUDA devices (Total VRAM: 24111 MiB):
  Device 0: NVIDIA GeForce RTX 4090, compute capability 8.9, VMM: yes, VRAM: 24111 MiB
ggml_backend_cuda_graph_compute: CUDA graph warmup complete
[TIMING ts=20260722-123308] omnivoice.reference.encode_ms 1.535153
[TIMING ts=20260722-123308] omnivoice.encoder.graph.rebuilt 1
[TIMING ts=20260722-123308] omnivoice.session.prompt_ms 3.47435
[TIMING ts=20260722-123308] omnivoice.session.generate_ms 775.057923
[TIMING ts=20260722-123308] omnivoice.generator.graph.rebuilt 1
[TIMING ts=20260722-123308] omnivoice.generator.graph.rebuild_ms 3.255982
[TIMING ts=20260722-123308] omnivoice.session.decode_ms 9.827433
[TIMING ts=20260722-123308] omnivoice.decoder.graph.rebuilt 1
[TIMING ts=20260722-123308] omnivoice.decoder.graph.rebuild_ms 1.484242
[TIMING ts=20260722-123308] omnivoice.session.postprocess_ms 7.01331
[TIMING ts=20260722-123308] session.wall_ms 797.139607
family=omnivoice
task=tts
mode=offline
audio_out=./outputs/single_infer/audiocpp_omnivoice_clone_mdwt_q8_0_atwt_bf16_step36.wav
  Completed at: 12:33:08
  Output: ./outputs/single_infer/audiocpp_omnivoice_clone_mdwt_q8_0_atwt_bf16_step36.wav

[200/375] weight_type=q8_0 | audio_tokenizer_weight_type=q8_0 | steps=36 -> audiocpp_omnivoice_clone_mdwt_q8_0_atwt_q8_0_step36.wav
  Started at: 12:33:08
[TRACE ts=20260722-123308] runtime.model.family omnivoice
[TRACE ts=20260722-123308] runtime.model.variant omnivoice
[TRACE ts=20260722-123308] runtime.model.root /home/ipt/kawshik/tts-testing/audio.cpp/models/OmniVoice
[TRACE ts=20260722-123308] runtime.model.discovered_config_count 6
[TRACE ts=20260722-123308] runtime.model.discovered_weight_count 2
[TRACE ts=20260722-123308] runtime.model.task_count 1
[TRACE ts=20260722-123308] runtime.model.language_count 1
[TRACE ts=20260722-123308] runtime.model.supports_speaker_reference 1
[TRACE ts=20260722-123308] runtime.model.supports_style_condition 1
[TRACE ts=20260722-123308] runtime.model.supports_timestamps 0
ggml_cuda_init: found 1 CUDA devices (Total VRAM: 24111 MiB):
  Device 0: NVIDIA GeForce RTX 4090, compute capability 8.9, VMM: yes, VRAM: 24111 MiB
ggml_backend_cuda_graph_compute: CUDA graph warmup complete
[TIMING ts=20260722-123319] omnivoice.reference.encode_ms 1.537413
[TIMING ts=20260722-123319] omnivoice.encoder.graph.rebuilt 1
[TIMING ts=20260722-123319] omnivoice.session.prompt_ms 3.727023
[TIMING ts=20260722-123319] omnivoice.session.generate_ms 768.165823
[TIMING ts=20260722-123319] omnivoice.generator.graph.rebuilt 1
[TIMING ts=20260722-123319] omnivoice.generator.graph.rebuild_ms 3.545483
[TIMING ts=20260722-123319] omnivoice.session.decode_ms 43.713909
[TIMING ts=20260722-123319] omnivoice.decoder.graph.rebuilt 1
[TIMING ts=20260722-123319] omnivoice.decoder.graph.rebuild_ms 1.527022
[TIMING ts=20260722-123319] omnivoice.session.postprocess_ms 7.00722
[TIMING ts=20260722-123319] session.wall_ms 825.071996
family=omnivoice
task=tts
mode=offline
audio_out=./outputs/single_infer/audiocpp_omnivoice_clone_mdwt_q8_0_atwt_q8_0_step36.wav
  Completed at: 12:33:20
  Output: ./outputs/single_infer/audiocpp_omnivoice_clone_mdwt_q8_0_atwt_q8_0_step36.wav

[201/375] weight_type=native | audio_tokenizer_weight_type=native | steps=40 -> audiocpp_omnivoice_clone_mdwt_native_atwt_native_step40.wav
  Started at: 12:33:20
[TRACE ts=20260722-123320] runtime.model.family omnivoice
[TRACE ts=20260722-123320] runtime.model.variant omnivoice
[TRACE ts=20260722-123320] runtime.model.root /home/ipt/kawshik/tts-testing/audio.cpp/models/OmniVoice
[TRACE ts=20260722-123320] runtime.model.discovered_config_count 6
[TRACE ts=20260722-123320] runtime.model.discovered_weight_count 2
[TRACE ts=20260722-123320] runtime.model.task_count 1
[TRACE ts=20260722-123320] runtime.model.language_count 1
[TRACE ts=20260722-123320] runtime.model.supports_speaker_reference 1
[TRACE ts=20260722-123320] runtime.model.supports_style_condition 1
[TRACE ts=20260722-123320] runtime.model.supports_timestamps 0
ggml_cuda_init: found 1 CUDA devices (Total VRAM: 24111 MiB):
  Device 0: NVIDIA GeForce RTX 4090, compute capability 8.9, VMM: yes, VRAM: 24111 MiB
ggml_backend_cuda_graph_compute: CUDA graph warmup complete
[TIMING ts=20260722-123324] omnivoice.reference.encode_ms 1.726034
[TIMING ts=20260722-123324] omnivoice.encoder.graph.rebuilt 1
[TIMING ts=20260722-123324] omnivoice.session.prompt_ms 3.951356
[TIMING ts=20260722-123324] omnivoice.session.generate_ms 1079.750925
[TIMING ts=20260722-123324] omnivoice.generator.graph.rebuilt 1
[TIMING ts=20260722-123324] omnivoice.generator.graph.rebuild_ms 3.050025
[TIMING ts=20260722-123324] omnivoice.session.decode_ms 42.09842
[TIMING ts=20260722-123324] omnivoice.decoder.graph.rebuilt 1
[TIMING ts=20260722-123324] omnivoice.decoder.graph.rebuild_ms 1.519413
[TIMING ts=20260722-123324] omnivoice.session.postprocess_ms 7.509821
[TIMING ts=20260722-123324] session.wall_ms 1135.293696
family=omnivoice
task=tts
mode=offline
audio_out=./outputs/single_infer/audiocpp_omnivoice_clone_mdwt_native_atwt_native_step40.wav
  Completed at: 12:33:24
  Output: ./outputs/single_infer/audiocpp_omnivoice_clone_mdwt_native_atwt_native_step40.wav

[202/375] weight_type=native | audio_tokenizer_weight_type=f32 | steps=40 -> audiocpp_omnivoice_clone_mdwt_native_atwt_f32_step40.wav
  Started at: 12:33:24
[TRACE ts=20260722-123324] runtime.model.family omnivoice
[TRACE ts=20260722-123324] runtime.model.variant omnivoice
[TRACE ts=20260722-123324] runtime.model.root /home/ipt/kawshik/tts-testing/audio.cpp/models/OmniVoice
[TRACE ts=20260722-123324] runtime.model.discovered_config_count 6
[TRACE ts=20260722-123324] runtime.model.discovered_weight_count 2
[TRACE ts=20260722-123324] runtime.model.task_count 1
[TRACE ts=20260722-123324] runtime.model.language_count 1
[TRACE ts=20260722-123324] runtime.model.supports_speaker_reference 1
[TRACE ts=20260722-123324] runtime.model.supports_style_condition 1
[TRACE ts=20260722-123324] runtime.model.supports_timestamps 0
ggml_cuda_init: found 1 CUDA devices (Total VRAM: 24111 MiB):
  Device 0: NVIDIA GeForce RTX 4090, compute capability 8.9, VMM: yes, VRAM: 24111 MiB
ggml_backend_cuda_graph_compute: CUDA graph warmup complete
[TIMING ts=20260722-123328] omnivoice.reference.encode_ms 1.694204
[TIMING ts=20260722-123328] omnivoice.encoder.graph.rebuilt 1
[TIMING ts=20260722-123328] omnivoice.session.prompt_ms 2.863282
[TIMING ts=20260722-123328] omnivoice.session.generate_ms 1076.897851
[TIMING ts=20260722-123328] omnivoice.generator.graph.rebuilt 1
[TIMING ts=20260722-123328] omnivoice.generator.graph.rebuild_ms 2.994572
[TIMING ts=20260722-123328] omnivoice.session.decode_ms 34.358994
[TIMING ts=20260722-123328] omnivoice.decoder.graph.rebuilt 1
[TIMING ts=20260722-123328] omnivoice.decoder.graph.rebuild_ms 1.409948
[TIMING ts=20260722-123328] omnivoice.session.postprocess_ms 6.911678
[TIMING ts=20260722-123328] session.wall_ms 1122.984263
family=omnivoice
task=tts
mode=offline
audio_out=./outputs/single_infer/audiocpp_omnivoice_clone_mdwt_native_atwt_f32_step40.wav
  Completed at: 12:33:28
  Output: ./outputs/single_infer/audiocpp_omnivoice_clone_mdwt_native_atwt_f32_step40.wav

[203/375] weight_type=native | audio_tokenizer_weight_type=f16 | steps=40 -> audiocpp_omnivoice_clone_mdwt_native_atwt_f16_step40.wav
  Started at: 12:33:28
[TRACE ts=20260722-123329] runtime.model.family omnivoice
[TRACE ts=20260722-123329] runtime.model.variant omnivoice
[TRACE ts=20260722-123329] runtime.model.root /home/ipt/kawshik/tts-testing/audio.cpp/models/OmniVoice
[TRACE ts=20260722-123329] runtime.model.discovered_config_count 6
[TRACE ts=20260722-123329] runtime.model.discovered_weight_count 2
[TRACE ts=20260722-123329] runtime.model.task_count 1
[TRACE ts=20260722-123329] runtime.model.language_count 1
[TRACE ts=20260722-123329] runtime.model.supports_speaker_reference 1
[TRACE ts=20260722-123329] runtime.model.supports_style_condition 1
[TRACE ts=20260722-123329] runtime.model.supports_timestamps 0
ggml_cuda_init: found 1 CUDA devices (Total VRAM: 24111 MiB):
  Device 0: NVIDIA GeForce RTX 4090, compute capability 8.9, VMM: yes, VRAM: 24111 MiB
ggml_backend_cuda_graph_compute: CUDA graph warmup complete
[TIMING ts=20260722-123334] omnivoice.reference.encode_ms 1.69435
[TIMING ts=20260722-123334] omnivoice.encoder.graph.rebuilt 1
[TIMING ts=20260722-123334] omnivoice.session.prompt_ms 5.123172
[TIMING ts=20260722-123334] omnivoice.session.generate_ms 1077.83134
[TIMING ts=20260722-123334] omnivoice.generator.graph.rebuilt 1
[TIMING ts=20260722-123334] omnivoice.generator.graph.rebuild_ms 3.790429
[TIMING ts=20260722-123334] omnivoice.session.decode_ms 9.392191
[TIMING ts=20260722-123334] omnivoice.decoder.graph.rebuilt 1
[TIMING ts=20260722-123334] omnivoice.decoder.graph.rebuild_ms 1.403639
[TIMING ts=20260722-123334] omnivoice.session.postprocess_ms 7.169716
[TIMING ts=20260722-123334] session.wall_ms 1101.475634
family=omnivoice
task=tts
mode=offline
audio_out=./outputs/single_infer/audiocpp_omnivoice_clone_mdwt_native_atwt_f16_step40.wav
  Completed at: 12:33:34
  Output: ./outputs/single_infer/audiocpp_omnivoice_clone_mdwt_native_atwt_f16_step40.wav

[204/375] weight_type=native | audio_tokenizer_weight_type=bf16 | steps=40 -> audiocpp_omnivoice_clone_mdwt_native_atwt_bf16_step40.wav
  Started at: 12:33:34
[TRACE ts=20260722-123334] runtime.model.family omnivoice
[TRACE ts=20260722-123334] runtime.model.variant omnivoice
[TRACE ts=20260722-123334] runtime.model.root /home/ipt/kawshik/tts-testing/audio.cpp/models/OmniVoice
[TRACE ts=20260722-123334] runtime.model.discovered_config_count 6
[TRACE ts=20260722-123334] runtime.model.discovered_weight_count 2
[TRACE ts=20260722-123334] runtime.model.task_count 1
[TRACE ts=20260722-123334] runtime.model.language_count 1
[TRACE ts=20260722-123334] runtime.model.supports_speaker_reference 1
[TRACE ts=20260722-123334] runtime.model.supports_style_condition 1
[TRACE ts=20260722-123334] runtime.model.supports_timestamps 0
ggml_cuda_init: found 1 CUDA devices (Total VRAM: 24111 MiB):
  Device 0: NVIDIA GeForce RTX 4090, compute capability 8.9, VMM: yes, VRAM: 24111 MiB
ggml_backend_cuda_graph_compute: CUDA graph warmup complete
[TIMING ts=20260722-123339] omnivoice.reference.encode_ms 1.299014
[TIMING ts=20260722-123339] omnivoice.encoder.graph.rebuilt 1
[TIMING ts=20260722-123339] omnivoice.session.prompt_ms 3.223386
[TIMING ts=20260722-123339] omnivoice.session.generate_ms 1066.769997
[TIMING ts=20260722-123339] omnivoice.generator.graph.rebuilt 1
[TIMING ts=20260722-123339] omnivoice.generator.graph.rebuild_ms 2.928288
[TIMING ts=20260722-123339] omnivoice.session.decode_ms 9.732252
[TIMING ts=20260722-123339] omnivoice.decoder.graph.rebuilt 1
[TIMING ts=20260722-123339] omnivoice.decoder.graph.rebuild_ms 1.448403
[TIMING ts=20260722-123339] omnivoice.session.postprocess_ms 7.32821
[TIMING ts=20260722-123339] session.wall_ms 1088.565329
family=omnivoice
task=tts
mode=offline
audio_out=./outputs/single_infer/audiocpp_omnivoice_clone_mdwt_native_atwt_bf16_step40.wav
  Completed at: 12:33:39
  Output: ./outputs/single_infer/audiocpp_omnivoice_clone_mdwt_native_atwt_bf16_step40.wav

[205/375] weight_type=native | audio_tokenizer_weight_type=q8_0 | steps=40 -> audiocpp_omnivoice_clone_mdwt_native_atwt_q8_0_step40.wav
  Started at: 12:33:39
[TRACE ts=20260722-123339] runtime.model.family omnivoice
[TRACE ts=20260722-123339] runtime.model.variant omnivoice
[TRACE ts=20260722-123339] runtime.model.root /home/ipt/kawshik/tts-testing/audio.cpp/models/OmniVoice
[TRACE ts=20260722-123339] runtime.model.discovered_config_count 6
[TRACE ts=20260722-123339] runtime.model.discovered_weight_count 2
[TRACE ts=20260722-123339] runtime.model.task_count 1
[TRACE ts=20260722-123339] runtime.model.language_count 1
[TRACE ts=20260722-123339] runtime.model.supports_speaker_reference 1
[TRACE ts=20260722-123339] runtime.model.supports_style_condition 1
[TRACE ts=20260722-123339] runtime.model.supports_timestamps 0
ggml_cuda_init: found 1 CUDA devices (Total VRAM: 24111 MiB):
  Device 0: NVIDIA GeForce RTX 4090, compute capability 8.9, VMM: yes, VRAM: 24111 MiB
ggml_backend_cuda_graph_compute: CUDA graph warmup complete
[TIMING ts=20260722-123344] omnivoice.reference.encode_ms 1.719765
[TIMING ts=20260722-123344] omnivoice.encoder.graph.rebuilt 1
[TIMING ts=20260722-123344] omnivoice.session.prompt_ms 4.084515
[TIMING ts=20260722-123344] omnivoice.session.generate_ms 1076.417307
[TIMING ts=20260722-123344] omnivoice.generator.graph.rebuilt 1
[TIMING ts=20260722-123344] omnivoice.generator.graph.rebuild_ms 8.122466
[TIMING ts=20260722-123344] omnivoice.session.decode_ms 43.491424
[TIMING ts=20260722-123344] omnivoice.decoder.graph.rebuilt 1
[TIMING ts=20260722-123344] omnivoice.decoder.graph.rebuild_ms 1.264868
[TIMING ts=20260722-123344] omnivoice.session.postprocess_ms 7.705746
[TIMING ts=20260722-123344] session.wall_ms 1133.692468
family=omnivoice
task=tts
mode=offline
audio_out=./outputs/single_infer/audiocpp_omnivoice_clone_mdwt_native_atwt_q8_0_step40.wav
  Completed at: 12:33:44
  Output: ./outputs/single_infer/audiocpp_omnivoice_clone_mdwt_native_atwt_q8_0_step40.wav

[206/375] weight_type=f32 | audio_tokenizer_weight_type=native | steps=40 -> audiocpp_omnivoice_clone_mdwt_f32_atwt_native_step40.wav
  Started at: 12:33:44
[TRACE ts=20260722-123344] runtime.model.family omnivoice
[TRACE ts=20260722-123344] runtime.model.variant omnivoice
[TRACE ts=20260722-123344] runtime.model.root /home/ipt/kawshik/tts-testing/audio.cpp/models/OmniVoice
[TRACE ts=20260722-123344] runtime.model.discovered_config_count 6
[TRACE ts=20260722-123344] runtime.model.discovered_weight_count 2
[TRACE ts=20260722-123344] runtime.model.task_count 1
[TRACE ts=20260722-123344] runtime.model.language_count 1
[TRACE ts=20260722-123344] runtime.model.supports_speaker_reference 1
[TRACE ts=20260722-123344] runtime.model.supports_style_condition 1
[TRACE ts=20260722-123344] runtime.model.supports_timestamps 0
ggml_cuda_init: found 1 CUDA devices (Total VRAM: 24111 MiB):
  Device 0: NVIDIA GeForce RTX 4090, compute capability 8.9, VMM: yes, VRAM: 24111 MiB
ggml_backend_cuda_graph_compute: CUDA graph warmup complete
[TIMING ts=20260722-123348] omnivoice.reference.encode_ms 1.71893
[TIMING ts=20260722-123348] omnivoice.encoder.graph.rebuilt 1
[TIMING ts=20260722-123348] omnivoice.session.prompt_ms 2.861519
[TIMING ts=20260722-123348] omnivoice.session.generate_ms 1069.226172
[TIMING ts=20260722-123348] omnivoice.generator.graph.rebuilt 1
[TIMING ts=20260722-123348] omnivoice.generator.graph.rebuild_ms 2.966123
[TIMING ts=20260722-123348] omnivoice.session.decode_ms 37.410143
[TIMING ts=20260722-123348] omnivoice.decoder.graph.rebuilt 1
[TIMING ts=20260722-123348] omnivoice.decoder.graph.rebuild_ms 1.586481
[TIMING ts=20260722-123348] omnivoice.session.postprocess_ms 6.407752
[TIMING ts=20260722-123348] session.wall_ms 1117.884342
family=omnivoice
task=tts
mode=offline
audio_out=./outputs/single_infer/audiocpp_omnivoice_clone_mdwt_f32_atwt_native_step40.wav
  Completed at: 12:33:48
  Output: ./outputs/single_infer/audiocpp_omnivoice_clone_mdwt_f32_atwt_native_step40.wav

[207/375] weight_type=f32 | audio_tokenizer_weight_type=f32 | steps=40 -> audiocpp_omnivoice_clone_mdwt_f32_atwt_f32_step40.wav
  Started at: 12:33:48
[TRACE ts=20260722-123348] runtime.model.family omnivoice
[TRACE ts=20260722-123348] runtime.model.variant omnivoice
[TRACE ts=20260722-123348] runtime.model.root /home/ipt/kawshik/tts-testing/audio.cpp/models/OmniVoice
[TRACE ts=20260722-123348] runtime.model.discovered_config_count 6
[TRACE ts=20260722-123348] runtime.model.discovered_weight_count 2
[TRACE ts=20260722-123348] runtime.model.task_count 1
[TRACE ts=20260722-123348] runtime.model.language_count 1
[TRACE ts=20260722-123348] runtime.model.supports_speaker_reference 1
[TRACE ts=20260722-123348] runtime.model.supports_style_condition 1
[TRACE ts=20260722-123348] runtime.model.supports_timestamps 0
ggml_cuda_init: found 1 CUDA devices (Total VRAM: 24111 MiB):
  Device 0: NVIDIA GeForce RTX 4090, compute capability 8.9, VMM: yes, VRAM: 24111 MiB
ggml_backend_cuda_graph_compute: CUDA graph warmup complete
[TIMING ts=20260722-123352] omnivoice.reference.encode_ms 1.694249
[TIMING ts=20260722-123352] omnivoice.encoder.graph.rebuilt 1
[TIMING ts=20260722-123352] omnivoice.session.prompt_ms 2.883072
[TIMING ts=20260722-123352] omnivoice.session.generate_ms 1066.514658
[TIMING ts=20260722-123352] omnivoice.generator.graph.rebuilt 1
[TIMING ts=20260722-123352] omnivoice.generator.graph.rebuild_ms 3.019064
[TIMING ts=20260722-123352] omnivoice.session.decode_ms 32.731469
[TIMING ts=20260722-123352] omnivoice.decoder.graph.rebuilt 1
[TIMING ts=20260722-123352] omnivoice.decoder.graph.rebuild_ms 1.367002
[TIMING ts=20260722-123352] omnivoice.session.postprocess_ms 6.318083
[TIMING ts=20260722-123352] session.wall_ms 1110.403958
family=omnivoice
task=tts
mode=offline
audio_out=./outputs/single_infer/audiocpp_omnivoice_clone_mdwt_f32_atwt_f32_step40.wav
  Completed at: 12:33:53
  Output: ./outputs/single_infer/audiocpp_omnivoice_clone_mdwt_f32_atwt_f32_step40.wav

[208/375] weight_type=f32 | audio_tokenizer_weight_type=f16 | steps=40 -> audiocpp_omnivoice_clone_mdwt_f32_atwt_f16_step40.wav
  Started at: 12:33:53
[TRACE ts=20260722-123353] runtime.model.family omnivoice
[TRACE ts=20260722-123353] runtime.model.variant omnivoice
[TRACE ts=20260722-123353] runtime.model.root /home/ipt/kawshik/tts-testing/audio.cpp/models/OmniVoice
[TRACE ts=20260722-123353] runtime.model.discovered_config_count 6
[TRACE ts=20260722-123353] runtime.model.discovered_weight_count 2
[TRACE ts=20260722-123353] runtime.model.task_count 1
[TRACE ts=20260722-123353] runtime.model.language_count 1
[TRACE ts=20260722-123353] runtime.model.supports_speaker_reference 1
[TRACE ts=20260722-123353] runtime.model.supports_style_condition 1
[TRACE ts=20260722-123353] runtime.model.supports_timestamps 0
ggml_cuda_init: found 1 CUDA devices (Total VRAM: 24111 MiB):
  Device 0: NVIDIA GeForce RTX 4090, compute capability 8.9, VMM: yes, VRAM: 24111 MiB
ggml_backend_cuda_graph_compute: CUDA graph warmup complete
[TIMING ts=20260722-123358] omnivoice.reference.encode_ms 1.498643
[TIMING ts=20260722-123358] omnivoice.encoder.graph.rebuilt 1
[TIMING ts=20260722-123358] omnivoice.session.prompt_ms 2.9003
[TIMING ts=20260722-123358] omnivoice.session.generate_ms 1072.609741
[TIMING ts=20260722-123358] omnivoice.generator.graph.rebuilt 1
[TIMING ts=20260722-123358] omnivoice.generator.graph.rebuild_ms 3.333247
[TIMING ts=20260722-123358] omnivoice.session.decode_ms 11.839969
[TIMING ts=20260722-123358] omnivoice.decoder.graph.rebuilt 1
[TIMING ts=20260722-123358] omnivoice.decoder.graph.rebuild_ms 2.523424
[TIMING ts=20260722-123358] omnivoice.session.postprocess_ms 6.954453
[TIMING ts=20260722-123358] session.wall_ms 1096.04951
family=omnivoice
task=tts
mode=offline
audio_out=./outputs/single_infer/audiocpp_omnivoice_clone_mdwt_f32_atwt_f16_step40.wav
  Completed at: 12:33:58
  Output: ./outputs/single_infer/audiocpp_omnivoice_clone_mdwt_f32_atwt_f16_step40.wav

[209/375] weight_type=f32 | audio_tokenizer_weight_type=bf16 | steps=40 -> audiocpp_omnivoice_clone_mdwt_f32_atwt_bf16_step40.wav
  Started at: 12:33:58
[TRACE ts=20260722-123358] runtime.model.family omnivoice
[TRACE ts=20260722-123358] runtime.model.variant omnivoice
[TRACE ts=20260722-123358] runtime.model.root /home/ipt/kawshik/tts-testing/audio.cpp/models/OmniVoice
[TRACE ts=20260722-123358] runtime.model.discovered_config_count 6
[TRACE ts=20260722-123358] runtime.model.discovered_weight_count 2
[TRACE ts=20260722-123358] runtime.model.task_count 1
[TRACE ts=20260722-123358] runtime.model.language_count 1
[TRACE ts=20260722-123358] runtime.model.supports_speaker_reference 1
[TRACE ts=20260722-123358] runtime.model.supports_style_condition 1
[TRACE ts=20260722-123358] runtime.model.supports_timestamps 0
ggml_cuda_init: found 1 CUDA devices (Total VRAM: 24111 MiB):
  Device 0: NVIDIA GeForce RTX 4090, compute capability 8.9, VMM: yes, VRAM: 24111 MiB
ggml_backend_cuda_graph_compute: CUDA graph warmup complete
[TIMING ts=20260722-123403] omnivoice.reference.encode_ms 1.694188
[TIMING ts=20260722-123403] omnivoice.encoder.graph.rebuilt 1
[TIMING ts=20260722-123403] omnivoice.session.prompt_ms 4.113695
[TIMING ts=20260722-123403] omnivoice.session.generate_ms 1073.57701
[TIMING ts=20260722-123403] omnivoice.generator.graph.rebuilt 1
[TIMING ts=20260722-123403] omnivoice.generator.graph.rebuild_ms 3.709713
[TIMING ts=20260722-123403] omnivoice.session.decode_ms 9.618455
[TIMING ts=20260722-123403] omnivoice.decoder.graph.rebuilt 1
[TIMING ts=20260722-123403] omnivoice.decoder.graph.rebuild_ms 1.489273
[TIMING ts=20260722-123403] omnivoice.session.postprocess_ms 7.115622
[TIMING ts=20260722-123403] session.wall_ms 1096.376875
family=omnivoice
task=tts
mode=offline
audio_out=./outputs/single_infer/audiocpp_omnivoice_clone_mdwt_f32_atwt_bf16_step40.wav
  Completed at: 12:34:03
  Output: ./outputs/single_infer/audiocpp_omnivoice_clone_mdwt_f32_atwt_bf16_step40.wav

[210/375] weight_type=f32 | audio_tokenizer_weight_type=q8_0 | steps=40 -> audiocpp_omnivoice_clone_mdwt_f32_atwt_q8_0_step40.wav
  Started at: 12:34:03
[TRACE ts=20260722-123403] runtime.model.family omnivoice
[TRACE ts=20260722-123403] runtime.model.variant omnivoice
[TRACE ts=20260722-123403] runtime.model.root /home/ipt/kawshik/tts-testing/audio.cpp/models/OmniVoice
[TRACE ts=20260722-123403] runtime.model.discovered_config_count 6
[TRACE ts=20260722-123403] runtime.model.discovered_weight_count 2
[TRACE ts=20260722-123403] runtime.model.task_count 1
[TRACE ts=20260722-123403] runtime.model.language_count 1
[TRACE ts=20260722-123403] runtime.model.supports_speaker_reference 1
[TRACE ts=20260722-123403] runtime.model.supports_style_condition 1
[TRACE ts=20260722-123403] runtime.model.supports_timestamps 0
ggml_cuda_init: found 1 CUDA devices (Total VRAM: 24111 MiB):
  Device 0: NVIDIA GeForce RTX 4090, compute capability 8.9, VMM: yes, VRAM: 24111 MiB
ggml_backend_cuda_graph_compute: CUDA graph warmup complete
[TIMING ts=20260722-123408] omnivoice.reference.encode_ms 1.704834
[TIMING ts=20260722-123408] omnivoice.encoder.graph.rebuilt 1
[TIMING ts=20260722-123408] omnivoice.session.prompt_ms 4.19182
[TIMING ts=20260722-123408] omnivoice.session.generate_ms 1070.988232
[TIMING ts=20260722-123408] omnivoice.generator.graph.rebuilt 1
[TIMING ts=20260722-123408] omnivoice.generator.graph.rebuild_ms 3.923733
[TIMING ts=20260722-123408] omnivoice.session.decode_ms 47.503746
[TIMING ts=20260722-123408] omnivoice.decoder.graph.rebuilt 1
[TIMING ts=20260722-123408] omnivoice.decoder.graph.rebuild_ms 1.365115
[TIMING ts=20260722-123408] omnivoice.session.postprocess_ms 7.317619
[TIMING ts=20260722-123408] session.wall_ms 1131.971292
family=omnivoice
task=tts
mode=offline
audio_out=./outputs/single_infer/audiocpp_omnivoice_clone_mdwt_f32_atwt_q8_0_step40.wav
  Completed at: 12:34:09
  Output: ./outputs/single_infer/audiocpp_omnivoice_clone_mdwt_f32_atwt_q8_0_step40.wav

[211/375] weight_type=f16 | audio_tokenizer_weight_type=native | steps=40 -> audiocpp_omnivoice_clone_mdwt_f16_atwt_native_step40.wav
  Started at: 12:34:09
[TRACE ts=20260722-123409] runtime.model.family omnivoice
[TRACE ts=20260722-123409] runtime.model.variant omnivoice
[TRACE ts=20260722-123409] runtime.model.root /home/ipt/kawshik/tts-testing/audio.cpp/models/OmniVoice
[TRACE ts=20260722-123409] runtime.model.discovered_config_count 6
[TRACE ts=20260722-123409] runtime.model.discovered_weight_count 2
[TRACE ts=20260722-123409] runtime.model.task_count 1
[TRACE ts=20260722-123409] runtime.model.language_count 1
[TRACE ts=20260722-123409] runtime.model.supports_speaker_reference 1
[TRACE ts=20260722-123409] runtime.model.supports_style_condition 1
[TRACE ts=20260722-123409] runtime.model.supports_timestamps 0
ggml_cuda_init: found 1 CUDA devices (Total VRAM: 24111 MiB):
  Device 0: NVIDIA GeForce RTX 4090, compute capability 8.9, VMM: yes, VRAM: 24111 MiB
ggml_backend_cuda_graph_compute: CUDA graph warmup complete
[TIMING ts=20260722-123418] omnivoice.reference.encode_ms 1.694277
[TIMING ts=20260722-123418] omnivoice.encoder.graph.rebuilt 1
[TIMING ts=20260722-123418] omnivoice.session.prompt_ms 2.890476
[TIMING ts=20260722-123418] omnivoice.session.generate_ms 865.308836
[TIMING ts=20260722-123418] omnivoice.generator.graph.rebuilt 1
[TIMING ts=20260722-123418] omnivoice.generator.graph.rebuild_ms 3.291808
[TIMING ts=20260722-123418] omnivoice.session.decode_ms 38.213793
[TIMING ts=20260722-123418] omnivoice.decoder.graph.rebuilt 1
[TIMING ts=20260722-123418] omnivoice.decoder.graph.rebuild_ms 1.546678
[TIMING ts=20260722-123418] omnivoice.session.postprocess_ms 8.530395
[TIMING ts=20260722-123418] session.wall_ms 916.862014
family=omnivoice
task=tts
mode=offline
audio_out=./outputs/single_infer/audiocpp_omnivoice_clone_mdwt_f16_atwt_native_step40.wav
  Completed at: 12:34:18
  Output: ./outputs/single_infer/audiocpp_omnivoice_clone_mdwt_f16_atwt_native_step40.wav

[212/375] weight_type=f16 | audio_tokenizer_weight_type=f32 | steps=40 -> audiocpp_omnivoice_clone_mdwt_f16_atwt_f32_step40.wav
  Started at: 12:34:18
[TRACE ts=20260722-123418] runtime.model.family omnivoice
[TRACE ts=20260722-123418] runtime.model.variant omnivoice
[TRACE ts=20260722-123418] runtime.model.root /home/ipt/kawshik/tts-testing/audio.cpp/models/OmniVoice
[TRACE ts=20260722-123418] runtime.model.discovered_config_count 6
[TRACE ts=20260722-123418] runtime.model.discovered_weight_count 2
[TRACE ts=20260722-123418] runtime.model.task_count 1
[TRACE ts=20260722-123418] runtime.model.language_count 1
[TRACE ts=20260722-123418] runtime.model.supports_speaker_reference 1
[TRACE ts=20260722-123418] runtime.model.supports_style_condition 1
[TRACE ts=20260722-123418] runtime.model.supports_timestamps 0
ggml_cuda_init: found 1 CUDA devices (Total VRAM: 24111 MiB):
  Device 0: NVIDIA GeForce RTX 4090, compute capability 8.9, VMM: yes, VRAM: 24111 MiB
ggml_backend_cuda_graph_compute: CUDA graph warmup complete
[TIMING ts=20260722-123427] omnivoice.reference.encode_ms 1.445467
[TIMING ts=20260722-123427] omnivoice.encoder.graph.rebuilt 1
[TIMING ts=20260722-123427] omnivoice.session.prompt_ms 2.440776
[TIMING ts=20260722-123427] omnivoice.session.generate_ms 858.410794
[TIMING ts=20260722-123427] omnivoice.generator.graph.rebuilt 1
[TIMING ts=20260722-123427] omnivoice.generator.graph.rebuild_ms 2.787195
[TIMING ts=20260722-123427] omnivoice.session.decode_ms 33.410771
[TIMING ts=20260722-123427] omnivoice.decoder.graph.rebuilt 1
[TIMING ts=20260722-123427] omnivoice.decoder.graph.rebuild_ms 1.35311
[TIMING ts=20260722-123427] omnivoice.session.postprocess_ms 6.937399
[TIMING ts=20260722-123427] session.wall_ms 902.864671
family=omnivoice
task=tts
mode=offline
audio_out=./outputs/single_infer/audiocpp_omnivoice_clone_mdwt_f16_atwt_f32_step40.wav
  Completed at: 12:34:27
  Output: ./outputs/single_infer/audiocpp_omnivoice_clone_mdwt_f16_atwt_f32_step40.wav

[213/375] weight_type=f16 | audio_tokenizer_weight_type=f16 | steps=40 -> audiocpp_omnivoice_clone_mdwt_f16_atwt_f16_step40.wav
  Started at: 12:34:27
[TRACE ts=20260722-123427] runtime.model.family omnivoice
[TRACE ts=20260722-123427] runtime.model.variant omnivoice
[TRACE ts=20260722-123427] runtime.model.root /home/ipt/kawshik/tts-testing/audio.cpp/models/OmniVoice
[TRACE ts=20260722-123427] runtime.model.discovered_config_count 6
[TRACE ts=20260722-123427] runtime.model.discovered_weight_count 2
[TRACE ts=20260722-123427] runtime.model.task_count 1
[TRACE ts=20260722-123427] runtime.model.language_count 1
[TRACE ts=20260722-123427] runtime.model.supports_speaker_reference 1
[TRACE ts=20260722-123427] runtime.model.supports_style_condition 1
[TRACE ts=20260722-123427] runtime.model.supports_timestamps 0
ggml_cuda_init: found 1 CUDA devices (Total VRAM: 24111 MiB):
  Device 0: NVIDIA GeForce RTX 4090, compute capability 8.9, VMM: yes, VRAM: 24111 MiB
ggml_backend_cuda_graph_compute: CUDA graph warmup complete
[TIMING ts=20260722-123437] omnivoice.reference.encode_ms 1.50943
[TIMING ts=20260722-123437] omnivoice.encoder.graph.rebuilt 1
[TIMING ts=20260722-123437] omnivoice.session.prompt_ms 3.102289
[TIMING ts=20260722-123437] omnivoice.session.generate_ms 808.055292
[TIMING ts=20260722-123437] omnivoice.generator.graph.rebuilt 1
[TIMING ts=20260722-123437] omnivoice.generator.graph.rebuild_ms 3.188646
[TIMING ts=20260722-123437] omnivoice.session.decode_ms 9.738731
[TIMING ts=20260722-123437] omnivoice.decoder.graph.rebuilt 1
[TIMING ts=20260722-123437] omnivoice.decoder.graph.rebuild_ms 1.588038
[TIMING ts=20260722-123437] omnivoice.session.postprocess_ms 8.403659
[TIMING ts=20260722-123437] session.wall_ms 831.025652
family=omnivoice
task=tts
mode=offline
audio_out=./outputs/single_infer/audiocpp_omnivoice_clone_mdwt_f16_atwt_f16_step40.wav
  Completed at: 12:34:37
  Output: ./outputs/single_infer/audiocpp_omnivoice_clone_mdwt_f16_atwt_f16_step40.wav

[214/375] weight_type=f16 | audio_tokenizer_weight_type=bf16 | steps=40 -> audiocpp_omnivoice_clone_mdwt_f16_atwt_bf16_step40.wav
  Started at: 12:34:37
[TRACE ts=20260722-123437] runtime.model.family omnivoice
[TRACE ts=20260722-123437] runtime.model.variant omnivoice
[TRACE ts=20260722-123437] runtime.model.root /home/ipt/kawshik/tts-testing/audio.cpp/models/OmniVoice
[TRACE ts=20260722-123437] runtime.model.discovered_config_count 6
[TRACE ts=20260722-123437] runtime.model.discovered_weight_count 2
[TRACE ts=20260722-123437] runtime.model.task_count 1
[TRACE ts=20260722-123437] runtime.model.language_count 1
[TRACE ts=20260722-123437] runtime.model.supports_speaker_reference 1
[TRACE ts=20260722-123437] runtime.model.supports_style_condition 1
[TRACE ts=20260722-123437] runtime.model.supports_timestamps 0
ggml_cuda_init: found 1 CUDA devices (Total VRAM: 24111 MiB):
  Device 0: NVIDIA GeForce RTX 4090, compute capability 8.9, VMM: yes, VRAM: 24111 MiB
ggml_backend_cuda_graph_compute: CUDA graph warmup complete
[TIMING ts=20260722-123446] omnivoice.reference.encode_ms 1.46474
[TIMING ts=20260722-123446] omnivoice.encoder.graph.rebuilt 1
[TIMING ts=20260722-123446] omnivoice.session.prompt_ms 3.566654
[TIMING ts=20260722-123446] omnivoice.session.generate_ms 812.114006
[TIMING ts=20260722-123446] omnivoice.generator.graph.rebuilt 1
[TIMING ts=20260722-123446] omnivoice.generator.graph.rebuild_ms 3.361903
[TIMING ts=20260722-123446] omnivoice.session.decode_ms 9.751433
[TIMING ts=20260722-123446] omnivoice.decoder.graph.rebuilt 1
[TIMING ts=20260722-123446] omnivoice.decoder.graph.rebuild_ms 1.479779
[TIMING ts=20260722-123446] omnivoice.session.postprocess_ms 6.986521
[TIMING ts=20260722-123446] session.wall_ms 834.123548
family=omnivoice
task=tts
mode=offline
audio_out=./outputs/single_infer/audiocpp_omnivoice_clone_mdwt_f16_atwt_bf16_step40.wav
  Completed at: 12:34:47
  Output: ./outputs/single_infer/audiocpp_omnivoice_clone_mdwt_f16_atwt_bf16_step40.wav

[215/375] weight_type=f16 | audio_tokenizer_weight_type=q8_0 | steps=40 -> audiocpp_omnivoice_clone_mdwt_f16_atwt_q8_0_step40.wav
  Started at: 12:34:47
[TRACE ts=20260722-123447] runtime.model.family omnivoice
[TRACE ts=20260722-123447] runtime.model.variant omnivoice
[TRACE ts=20260722-123447] runtime.model.root /home/ipt/kawshik/tts-testing/audio.cpp/models/OmniVoice
[TRACE ts=20260722-123447] runtime.model.discovered_config_count 6
[TRACE ts=20260722-123447] runtime.model.discovered_weight_count 2
[TRACE ts=20260722-123447] runtime.model.task_count 1
[TRACE ts=20260722-123447] runtime.model.language_count 1
[TRACE ts=20260722-123447] runtime.model.supports_speaker_reference 1
[TRACE ts=20260722-123447] runtime.model.supports_style_condition 1
[TRACE ts=20260722-123447] runtime.model.supports_timestamps 0
ggml_cuda_init: found 1 CUDA devices (Total VRAM: 24111 MiB):
  Device 0: NVIDIA GeForce RTX 4090, compute capability 8.9, VMM: yes, VRAM: 24111 MiB
ggml_backend_cuda_graph_compute: CUDA graph warmup complete
[TIMING ts=20260722-123457] omnivoice.reference.encode_ms 1.694063
[TIMING ts=20260722-123457] omnivoice.encoder.graph.rebuilt 1
[TIMING ts=20260722-123457] omnivoice.session.prompt_ms 3.960735
[TIMING ts=20260722-123457] omnivoice.session.generate_ms 802.679536
[TIMING ts=20260722-123457] omnivoice.generator.graph.rebuilt 1
[TIMING ts=20260722-123457] omnivoice.generator.graph.rebuild_ms 3.739549
[TIMING ts=20260722-123457] omnivoice.session.decode_ms 43.771729
[TIMING ts=20260722-123457] omnivoice.decoder.graph.rebuilt 1
[TIMING ts=20260722-123457] omnivoice.decoder.graph.rebuild_ms 1.481069
[TIMING ts=20260722-123457] omnivoice.session.postprocess_ms 7.160136
[TIMING ts=20260722-123457] session.wall_ms 859.513341
family=omnivoice
task=tts
mode=offline
audio_out=./outputs/single_infer/audiocpp_omnivoice_clone_mdwt_f16_atwt_q8_0_step40.wav
  Completed at: 12:34:57
  Output: ./outputs/single_infer/audiocpp_omnivoice_clone_mdwt_f16_atwt_q8_0_step40.wav

[216/375] weight_type=bf16 | audio_tokenizer_weight_type=native | steps=40 -> audiocpp_omnivoice_clone_mdwt_bf16_atwt_native_step40.wav
  Started at: 12:34:57
[TRACE ts=20260722-123457] runtime.model.family omnivoice
[TRACE ts=20260722-123457] runtime.model.variant omnivoice
[TRACE ts=20260722-123457] runtime.model.root /home/ipt/kawshik/tts-testing/audio.cpp/models/OmniVoice
[TRACE ts=20260722-123457] runtime.model.discovered_config_count 6
[TRACE ts=20260722-123457] runtime.model.discovered_weight_count 2
[TRACE ts=20260722-123457] runtime.model.task_count 1
[TRACE ts=20260722-123457] runtime.model.language_count 1
[TRACE ts=20260722-123457] runtime.model.supports_speaker_reference 1
[TRACE ts=20260722-123457] runtime.model.supports_style_condition 1
[TRACE ts=20260722-123457] runtime.model.supports_timestamps 0
ggml_cuda_init: found 1 CUDA devices (Total VRAM: 24111 MiB):
  Device 0: NVIDIA GeForce RTX 4090, compute capability 8.9, VMM: yes, VRAM: 24111 MiB
ggml_backend_cuda_graph_compute: CUDA graph warmup complete
[TIMING ts=20260722-123505] omnivoice.reference.encode_ms 1.631147
[TIMING ts=20260722-123505] omnivoice.encoder.graph.rebuilt 1
[TIMING ts=20260722-123505] omnivoice.session.prompt_ms 2.741394
[TIMING ts=20260722-123505] omnivoice.session.generate_ms 1017.899875
[TIMING ts=20260722-123505] omnivoice.generator.graph.rebuilt 1
[TIMING ts=20260722-123505] omnivoice.generator.graph.rebuild_ms 2.988798
[TIMING ts=20260722-123505] omnivoice.session.decode_ms 36.935339
[TIMING ts=20260722-123505] omnivoice.decoder.graph.rebuilt 1
[TIMING ts=20260722-123505] omnivoice.decoder.graph.rebuild_ms 1.485617
[TIMING ts=20260722-123505] omnivoice.session.postprocess_ms 6.972413
[TIMING ts=20260722-123505] session.wall_ms 1066.52095
family=omnivoice
task=tts
mode=offline
audio_out=./outputs/single_infer/audiocpp_omnivoice_clone_mdwt_bf16_atwt_native_step40.wav
  Completed at: 12:35:05
  Output: ./outputs/single_infer/audiocpp_omnivoice_clone_mdwt_bf16_atwt_native_step40.wav

[217/375] weight_type=bf16 | audio_tokenizer_weight_type=f32 | steps=40 -> audiocpp_omnivoice_clone_mdwt_bf16_atwt_f32_step40.wav
  Started at: 12:35:05
[TRACE ts=20260722-123505] runtime.model.family omnivoice
[TRACE ts=20260722-123505] runtime.model.variant omnivoice
[TRACE ts=20260722-123505] runtime.model.root /home/ipt/kawshik/tts-testing/audio.cpp/models/OmniVoice
[TRACE ts=20260722-123505] runtime.model.discovered_config_count 6
[TRACE ts=20260722-123505] runtime.model.discovered_weight_count 2
[TRACE ts=20260722-123505] runtime.model.task_count 1
[TRACE ts=20260722-123505] runtime.model.language_count 1
[TRACE ts=20260722-123505] runtime.model.supports_speaker_reference 1
[TRACE ts=20260722-123505] runtime.model.supports_style_condition 1
[TRACE ts=20260722-123505] runtime.model.supports_timestamps 0
ggml_cuda_init: found 1 CUDA devices (Total VRAM: 24111 MiB):
  Device 0: NVIDIA GeForce RTX 4090, compute capability 8.9, VMM: yes, VRAM: 24111 MiB
ggml_backend_cuda_graph_compute: CUDA graph warmup complete
[TIMING ts=20260722-123513] omnivoice.reference.encode_ms 1.298874
[TIMING ts=20260722-123513] omnivoice.encoder.graph.rebuilt 1
[TIMING ts=20260722-123513] omnivoice.session.prompt_ms 2.380815
[TIMING ts=20260722-123513] omnivoice.session.generate_ms 987.113736
[TIMING ts=20260722-123513] omnivoice.generator.graph.rebuilt 1
[TIMING ts=20260722-123513] omnivoice.generator.graph.rebuild_ms 2.715671
[TIMING ts=20260722-123513] omnivoice.session.decode_ms 36.837944
[TIMING ts=20260722-123513] omnivoice.decoder.graph.rebuilt 1
[TIMING ts=20260722-123513] omnivoice.decoder.graph.rebuild_ms 1.311321
[TIMING ts=20260722-123513] omnivoice.session.postprocess_ms 7.213121
[TIMING ts=20260722-123513] session.wall_ms 1035.052297
family=omnivoice
task=tts
mode=offline
audio_out=./outputs/single_infer/audiocpp_omnivoice_clone_mdwt_bf16_atwt_f32_step40.wav
  Completed at: 12:35:13
  Output: ./outputs/single_infer/audiocpp_omnivoice_clone_mdwt_bf16_atwt_f32_step40.wav

[218/375] weight_type=bf16 | audio_tokenizer_weight_type=f16 | steps=40 -> audiocpp_omnivoice_clone_mdwt_bf16_atwt_f16_step40.wav
  Started at: 12:35:13
[TRACE ts=20260722-123513] runtime.model.family omnivoice
[TRACE ts=20260722-123513] runtime.model.variant omnivoice
[TRACE ts=20260722-123513] runtime.model.root /home/ipt/kawshik/tts-testing/audio.cpp/models/OmniVoice
[TRACE ts=20260722-123513] runtime.model.discovered_config_count 6
[TRACE ts=20260722-123513] runtime.model.discovered_weight_count 2
[TRACE ts=20260722-123513] runtime.model.task_count 1
[TRACE ts=20260722-123513] runtime.model.language_count 1
[TRACE ts=20260722-123513] runtime.model.supports_speaker_reference 1
[TRACE ts=20260722-123513] runtime.model.supports_style_condition 1
[TRACE ts=20260722-123513] runtime.model.supports_timestamps 0
ggml_cuda_init: found 1 CUDA devices (Total VRAM: 24111 MiB):
  Device 0: NVIDIA GeForce RTX 4090, compute capability 8.9, VMM: yes, VRAM: 24111 MiB
ggml_backend_cuda_graph_compute: CUDA graph warmup complete
[TIMING ts=20260722-123522] omnivoice.reference.encode_ms 1.298789
[TIMING ts=20260722-123522] omnivoice.encoder.graph.rebuilt 1
[TIMING ts=20260722-123522] omnivoice.session.prompt_ms 5.208624
[TIMING ts=20260722-123522] omnivoice.session.generate_ms 1012.896985
[TIMING ts=20260722-123522] omnivoice.generator.graph.rebuilt 1
[TIMING ts=20260722-123522] omnivoice.generator.graph.rebuild_ms 3.039974
[TIMING ts=20260722-123522] omnivoice.session.decode_ms 9.767419
[TIMING ts=20260722-123522] omnivoice.decoder.graph.rebuilt 1
[TIMING ts=20260722-123522] omnivoice.decoder.graph.rebuild_ms 1.558445
[TIMING ts=20260722-123522] omnivoice.session.postprocess_ms 8.312955
[TIMING ts=20260722-123522] session.wall_ms 1037.696952
family=omnivoice
task=tts
mode=offline
audio_out=./outputs/single_infer/audiocpp_omnivoice_clone_mdwt_bf16_atwt_f16_step40.wav
  Completed at: 12:35:23
  Output: ./outputs/single_infer/audiocpp_omnivoice_clone_mdwt_bf16_atwt_f16_step40.wav

[219/375] weight_type=bf16 | audio_tokenizer_weight_type=bf16 | steps=40 -> audiocpp_omnivoice_clone_mdwt_bf16_atwt_bf16_step40.wav
  Started at: 12:35:23
[TRACE ts=20260722-123523] runtime.model.family omnivoice
[TRACE ts=20260722-123523] runtime.model.variant omnivoice
[TRACE ts=20260722-123523] runtime.model.root /home/ipt/kawshik/tts-testing/audio.cpp/models/OmniVoice
[TRACE ts=20260722-123523] runtime.model.discovered_config_count 6
[TRACE ts=20260722-123523] runtime.model.discovered_weight_count 2
[TRACE ts=20260722-123523] runtime.model.task_count 1
[TRACE ts=20260722-123523] runtime.model.language_count 1
[TRACE ts=20260722-123523] runtime.model.supports_speaker_reference 1
[TRACE ts=20260722-123523] runtime.model.supports_style_condition 1
[TRACE ts=20260722-123523] runtime.model.supports_timestamps 0
ggml_cuda_init: found 1 CUDA devices (Total VRAM: 24111 MiB):
  Device 0: NVIDIA GeForce RTX 4090, compute capability 8.9, VMM: yes, VRAM: 24111 MiB
ggml_backend_cuda_graph_compute: CUDA graph warmup complete
[TIMING ts=20260722-123531] omnivoice.reference.encode_ms 1.446832
[TIMING ts=20260722-123531] omnivoice.encoder.graph.rebuilt 1
[TIMING ts=20260722-123531] omnivoice.session.prompt_ms 5.745256
[TIMING ts=20260722-123531] omnivoice.session.generate_ms 862.165253
[TIMING ts=20260722-123531] omnivoice.generator.graph.rebuilt 1
[TIMING ts=20260722-123531] omnivoice.generator.graph.rebuild_ms 3.555163
[TIMING ts=20260722-123531] omnivoice.session.decode_ms 9.628786
[TIMING ts=20260722-123531] omnivoice.decoder.graph.rebuilt 1
[TIMING ts=20260722-123531] omnivoice.decoder.graph.rebuild_ms 1.353888
[TIMING ts=20260722-123531] omnivoice.session.postprocess_ms 7.004564
[TIMING ts=20260722-123531] session.wall_ms 886.988934
family=omnivoice
task=tts
mode=offline
audio_out=./outputs/single_infer/audiocpp_omnivoice_clone_mdwt_bf16_atwt_bf16_step40.wav
  Completed at: 12:35:31
  Output: ./outputs/single_infer/audiocpp_omnivoice_clone_mdwt_bf16_atwt_bf16_step40.wav

[220/375] weight_type=bf16 | audio_tokenizer_weight_type=q8_0 | steps=40 -> audiocpp_omnivoice_clone_mdwt_bf16_atwt_q8_0_step40.wav
  Started at: 12:35:31
[TRACE ts=20260722-123532] runtime.model.family omnivoice
[TRACE ts=20260722-123532] runtime.model.variant omnivoice
[TRACE ts=20260722-123532] runtime.model.root /home/ipt/kawshik/tts-testing/audio.cpp/models/OmniVoice
[TRACE ts=20260722-123532] runtime.model.discovered_config_count 6
[TRACE ts=20260722-123532] runtime.model.discovered_weight_count 2
[TRACE ts=20260722-123532] runtime.model.task_count 1
[TRACE ts=20260722-123532] runtime.model.language_count 1
[TRACE ts=20260722-123532] runtime.model.supports_speaker_reference 1
[TRACE ts=20260722-123532] runtime.model.supports_style_condition 1
[TRACE ts=20260722-123532] runtime.model.supports_timestamps 0
ggml_cuda_init: found 1 CUDA devices (Total VRAM: 24111 MiB):
  Device 0: NVIDIA GeForce RTX 4090, compute capability 8.9, VMM: yes, VRAM: 24111 MiB
ggml_backend_cuda_graph_compute: CUDA graph warmup complete
[TIMING ts=20260722-123540] omnivoice.reference.encode_ms 1.506269
[TIMING ts=20260722-123540] omnivoice.encoder.graph.rebuilt 1
[TIMING ts=20260722-123540] omnivoice.session.prompt_ms 3.489579
[TIMING ts=20260722-123540] omnivoice.session.generate_ms 1020.006199
[TIMING ts=20260722-123540] omnivoice.generator.graph.rebuilt 1
[TIMING ts=20260722-123540] omnivoice.generator.graph.rebuild_ms 3.410517
[TIMING ts=20260722-123540] omnivoice.session.decode_ms 50.071005
[TIMING ts=20260722-123540] omnivoice.decoder.graph.rebuilt 1
[TIMING ts=20260722-123540] omnivoice.decoder.graph.rebuild_ms 1.699202
[TIMING ts=20260722-123540] omnivoice.session.postprocess_ms 8.830759
[TIMING ts=20260722-123540] session.wall_ms 1084.146821
family=omnivoice
task=tts
mode=offline
audio_out=./outputs/single_infer/audiocpp_omnivoice_clone_mdwt_bf16_atwt_q8_0_step40.wav
  Completed at: 12:35:40
  Output: ./outputs/single_infer/audiocpp_omnivoice_clone_mdwt_bf16_atwt_q8_0_step40.wav

[221/375] weight_type=q8_0 | audio_tokenizer_weight_type=native | steps=40 -> audiocpp_omnivoice_clone_mdwt_q8_0_atwt_native_step40.wav
  Started at: 12:35:40
[TRACE ts=20260722-123540] runtime.model.family omnivoice
[TRACE ts=20260722-123540] runtime.model.variant omnivoice
[TRACE ts=20260722-123540] runtime.model.root /home/ipt/kawshik/tts-testing/audio.cpp/models/OmniVoice
[TRACE ts=20260722-123540] runtime.model.discovered_config_count 6
[TRACE ts=20260722-123540] runtime.model.discovered_weight_count 2
[TRACE ts=20260722-123540] runtime.model.task_count 1
[TRACE ts=20260722-123540] runtime.model.language_count 1
[TRACE ts=20260722-123540] runtime.model.supports_speaker_reference 1
[TRACE ts=20260722-123540] runtime.model.supports_style_condition 1
[TRACE ts=20260722-123540] runtime.model.supports_timestamps 0
ggml_cuda_init: found 1 CUDA devices (Total VRAM: 24111 MiB):
  Device 0: NVIDIA GeForce RTX 4090, compute capability 8.9, VMM: yes, VRAM: 24111 MiB
ggml_backend_cuda_graph_compute: CUDA graph warmup complete
[TIMING ts=20260722-123551] omnivoice.reference.encode_ms 1.501962
[TIMING ts=20260722-123551] omnivoice.encoder.graph.rebuilt 1
[TIMING ts=20260722-123551] omnivoice.session.prompt_ms 5.039022
[TIMING ts=20260722-123551] omnivoice.session.generate_ms 949.467252
[TIMING ts=20260722-123551] omnivoice.generator.graph.rebuilt 1
[TIMING ts=20260722-123551] omnivoice.generator.graph.rebuild_ms 3.079286
[TIMING ts=20260722-123551] omnivoice.session.decode_ms 54.795374
[TIMING ts=20260722-123551] omnivoice.decoder.graph.rebuilt 1
[TIMING ts=20260722-123551] omnivoice.decoder.graph.rebuild_ms 1.667629
[TIMING ts=20260722-123551] omnivoice.session.postprocess_ms 9.816393
[TIMING ts=20260722-123551] session.wall_ms 1020.861567
family=omnivoice
task=tts
mode=offline
audio_out=./outputs/single_infer/audiocpp_omnivoice_clone_mdwt_q8_0_atwt_native_step40.wav
  Completed at: 12:35:51
  Output: ./outputs/single_infer/audiocpp_omnivoice_clone_mdwt_q8_0_atwt_native_step40.wav

[222/375] weight_type=q8_0 | audio_tokenizer_weight_type=f32 | steps=40 -> audiocpp_omnivoice_clone_mdwt_q8_0_atwt_f32_step40.wav
  Started at: 12:35:51
[TRACE ts=20260722-123551] runtime.model.family omnivoice
[TRACE ts=20260722-123551] runtime.model.variant omnivoice
[TRACE ts=20260722-123551] runtime.model.root /home/ipt/kawshik/tts-testing/audio.cpp/models/OmniVoice
[TRACE ts=20260722-123551] runtime.model.discovered_config_count 6
[TRACE ts=20260722-123551] runtime.model.discovered_weight_count 2
[TRACE ts=20260722-123551] runtime.model.task_count 1
[TRACE ts=20260722-123551] runtime.model.language_count 1
[TRACE ts=20260722-123551] runtime.model.supports_speaker_reference 1
[TRACE ts=20260722-123551] runtime.model.supports_style_condition 1
[TRACE ts=20260722-123551] runtime.model.supports_timestamps 0
ggml_cuda_init: found 1 CUDA devices (Total VRAM: 24111 MiB):
  Device 0: NVIDIA GeForce RTX 4090, compute capability 8.9, VMM: yes, VRAM: 24111 MiB
ggml_backend_cuda_graph_compute: CUDA graph warmup complete
[TIMING ts=20260722-123601] omnivoice.reference.encode_ms 1.544132
[TIMING ts=20260722-123601] omnivoice.encoder.graph.rebuilt 1
[TIMING ts=20260722-123601] omnivoice.session.prompt_ms 2.558319
[TIMING ts=20260722-123601] omnivoice.session.generate_ms 890.514664
[TIMING ts=20260722-123601] omnivoice.generator.graph.rebuilt 1
[TIMING ts=20260722-123601] omnivoice.generator.graph.rebuild_ms 2.8172
[TIMING ts=20260722-123601] omnivoice.session.decode_ms 33.129514
[TIMING ts=20260722-123601] omnivoice.decoder.graph.rebuilt 1
[TIMING ts=20260722-123601] omnivoice.decoder.graph.rebuild_ms 1.411679
[TIMING ts=20260722-123601] omnivoice.session.postprocess_ms 6.773338
[TIMING ts=20260722-123601] session.wall_ms 934.750186
family=omnivoice
task=tts
mode=offline
audio_out=./outputs/single_infer/audiocpp_omnivoice_clone_mdwt_q8_0_atwt_f32_step40.wav
  Completed at: 12:36:01
  Output: ./outputs/single_infer/audiocpp_omnivoice_clone_mdwt_q8_0_atwt_f32_step40.wav

[223/375] weight_type=q8_0 | audio_tokenizer_weight_type=f16 | steps=40 -> audiocpp_omnivoice_clone_mdwt_q8_0_atwt_f16_step40.wav
  Started at: 12:36:01
[TRACE ts=20260722-123601] runtime.model.family omnivoice
[TRACE ts=20260722-123601] runtime.model.variant omnivoice
[TRACE ts=20260722-123601] runtime.model.root /home/ipt/kawshik/tts-testing/audio.cpp/models/OmniVoice
[TRACE ts=20260722-123601] runtime.model.discovered_config_count 6
[TRACE ts=20260722-123601] runtime.model.discovered_weight_count 2
[TRACE ts=20260722-123601] runtime.model.task_count 1
[TRACE ts=20260722-123601] runtime.model.language_count 1
[TRACE ts=20260722-123601] runtime.model.supports_speaker_reference 1
[TRACE ts=20260722-123601] runtime.model.supports_style_condition 1
[TRACE ts=20260722-123601] runtime.model.supports_timestamps 0
ggml_cuda_init: found 1 CUDA devices (Total VRAM: 24111 MiB):
  Device 0: NVIDIA GeForce RTX 4090, compute capability 8.9, VMM: yes, VRAM: 24111 MiB
ggml_backend_cuda_graph_compute: CUDA graph warmup complete
[TIMING ts=20260722-123613] omnivoice.reference.encode_ms 1.709478
[TIMING ts=20260722-123613] omnivoice.encoder.graph.rebuilt 1
[TIMING ts=20260722-123613] omnivoice.session.prompt_ms 5.853474
[TIMING ts=20260722-123613] omnivoice.session.generate_ms 868.857379
[TIMING ts=20260722-123613] omnivoice.generator.graph.rebuilt 1
[TIMING ts=20260722-123613] omnivoice.generator.graph.rebuild_ms 3.967927
[TIMING ts=20260722-123613] omnivoice.session.decode_ms 9.271772
[TIMING ts=20260722-123613] omnivoice.decoder.graph.rebuilt 1
[TIMING ts=20260722-123613] omnivoice.decoder.graph.rebuild_ms 1.389741
[TIMING ts=20260722-123613] omnivoice.session.postprocess_ms 7.020514
[TIMING ts=20260722-123613] session.wall_ms 892.988876
family=omnivoice
task=tts
mode=offline
audio_out=./outputs/single_infer/audiocpp_omnivoice_clone_mdwt_q8_0_atwt_f16_step40.wav
  Completed at: 12:36:13
  Output: ./outputs/single_infer/audiocpp_omnivoice_clone_mdwt_q8_0_atwt_f16_step40.wav

[224/375] weight_type=q8_0 | audio_tokenizer_weight_type=bf16 | steps=40 -> audiocpp_omnivoice_clone_mdwt_q8_0_atwt_bf16_step40.wav
  Started at: 12:36:13
[TRACE ts=20260722-123613] runtime.model.family omnivoice
[TRACE ts=20260722-123613] runtime.model.variant omnivoice
[TRACE ts=20260722-123613] runtime.model.root /home/ipt/kawshik/tts-testing/audio.cpp/models/OmniVoice
[TRACE ts=20260722-123613] runtime.model.discovered_config_count 6
[TRACE ts=20260722-123613] runtime.model.discovered_weight_count 2
[TRACE ts=20260722-123613] runtime.model.task_count 1
[TRACE ts=20260722-123613] runtime.model.language_count 1
[TRACE ts=20260722-123613] runtime.model.supports_speaker_reference 1
[TRACE ts=20260722-123613] runtime.model.supports_style_condition 1
[TRACE ts=20260722-123613] runtime.model.supports_timestamps 0
ggml_cuda_init: found 1 CUDA devices (Total VRAM: 24111 MiB):
  Device 0: NVIDIA GeForce RTX 4090, compute capability 8.9, VMM: yes, VRAM: 24111 MiB
ggml_backend_cuda_graph_compute: CUDA graph warmup complete
[TIMING ts=20260722-123624] omnivoice.reference.encode_ms 1.329149
[TIMING ts=20260722-123624] omnivoice.encoder.graph.rebuilt 1
[TIMING ts=20260722-123624] omnivoice.session.prompt_ms 3.314671
[TIMING ts=20260722-123624] omnivoice.session.generate_ms 852.267805
[TIMING ts=20260722-123624] omnivoice.generator.graph.rebuilt 1
[TIMING ts=20260722-123624] omnivoice.generator.graph.rebuild_ms 3.127268
[TIMING ts=20260722-123624] omnivoice.session.decode_ms 13.71121
[TIMING ts=20260722-123624] omnivoice.decoder.graph.rebuilt 1
[TIMING ts=20260722-123624] omnivoice.decoder.graph.rebuild_ms 5.370105
[TIMING ts=20260722-123624] omnivoice.session.postprocess_ms 7.907215
[TIMING ts=20260722-123624] session.wall_ms 878.741595
family=omnivoice
task=tts
mode=offline
audio_out=./outputs/single_infer/audiocpp_omnivoice_clone_mdwt_q8_0_atwt_bf16_step40.wav
  Completed at: 12:36:24
  Output: ./outputs/single_infer/audiocpp_omnivoice_clone_mdwt_q8_0_atwt_bf16_step40.wav

[225/375] weight_type=q8_0 | audio_tokenizer_weight_type=q8_0 | steps=40 -> audiocpp_omnivoice_clone_mdwt_q8_0_atwt_q8_0_step40.wav
  Started at: 12:36:24
[TRACE ts=20260722-123624] runtime.model.family omnivoice
[TRACE ts=20260722-123624] runtime.model.variant omnivoice
[TRACE ts=20260722-123624] runtime.model.root /home/ipt/kawshik/tts-testing/audio.cpp/models/OmniVoice
[TRACE ts=20260722-123624] runtime.model.discovered_config_count 6
[TRACE ts=20260722-123624] runtime.model.discovered_weight_count 2
[TRACE ts=20260722-123624] runtime.model.task_count 1
[TRACE ts=20260722-123624] runtime.model.language_count 1
[TRACE ts=20260722-123624] runtime.model.supports_speaker_reference 1
[TRACE ts=20260722-123624] runtime.model.supports_style_condition 1
[TRACE ts=20260722-123624] runtime.model.supports_timestamps 0
ggml_cuda_init: found 1 CUDA devices (Total VRAM: 24111 MiB):
  Device 0: NVIDIA GeForce RTX 4090, compute capability 8.9, VMM: yes, VRAM: 24111 MiB
ggml_backend_cuda_graph_compute: CUDA graph warmup complete
[TIMING ts=20260722-123635] omnivoice.reference.encode_ms 1.469477
[TIMING ts=20260722-123635] omnivoice.encoder.graph.rebuilt 1
[TIMING ts=20260722-123635] omnivoice.session.prompt_ms 3.306706
[TIMING ts=20260722-123635] omnivoice.session.generate_ms 847.593663
[TIMING ts=20260722-123635] omnivoice.generator.graph.rebuilt 1
[TIMING ts=20260722-123635] omnivoice.generator.graph.rebuild_ms 3.173896
[TIMING ts=20260722-123635] omnivoice.session.decode_ms 45.234685
[TIMING ts=20260722-123635] omnivoice.decoder.graph.rebuilt 1
[TIMING ts=20260722-123635] omnivoice.decoder.graph.rebuild_ms 1.410465
[TIMING ts=20260722-123635] omnivoice.session.postprocess_ms 7.853204
[TIMING ts=20260722-123635] session.wall_ms 905.705166
family=omnivoice
task=tts
mode=offline
audio_out=./outputs/single_infer/audiocpp_omnivoice_clone_mdwt_q8_0_atwt_q8_0_step40.wav
  Completed at: 12:36:35
  Output: ./outputs/single_infer/audiocpp_omnivoice_clone_mdwt_q8_0_atwt_q8_0_step40.wav

[226/375] weight_type=native | audio_tokenizer_weight_type=native | steps=44 -> audiocpp_omnivoice_clone_mdwt_native_atwt_native_step44.wav
  Started at: 12:36:35
[TRACE ts=20260722-123635] runtime.model.family omnivoice
[TRACE ts=20260722-123635] runtime.model.variant omnivoice
[TRACE ts=20260722-123635] runtime.model.root /home/ipt/kawshik/tts-testing/audio.cpp/models/OmniVoice
[TRACE ts=20260722-123635] runtime.model.discovered_config_count 6
[TRACE ts=20260722-123635] runtime.model.discovered_weight_count 2
[TRACE ts=20260722-123635] runtime.model.task_count 1
[TRACE ts=20260722-123635] runtime.model.language_count 1
[TRACE ts=20260722-123635] runtime.model.supports_speaker_reference 1
[TRACE ts=20260722-123635] runtime.model.supports_style_condition 1
[TRACE ts=20260722-123635] runtime.model.supports_timestamps 0
ggml_cuda_init: found 1 CUDA devices (Total VRAM: 24111 MiB):
  Device 0: NVIDIA GeForce RTX 4090, compute capability 8.9, VMM: yes, VRAM: 24111 MiB
ggml_backend_cuda_graph_compute: CUDA graph warmup complete
[TIMING ts=20260722-123639] omnivoice.reference.encode_ms 1.498619
[TIMING ts=20260722-123639] omnivoice.encoder.graph.rebuilt 1
[TIMING ts=20260722-123639] omnivoice.session.prompt_ms 2.565701
[TIMING ts=20260722-123639] omnivoice.session.generate_ms 1158.642682
[TIMING ts=20260722-123639] omnivoice.generator.graph.rebuilt 1
[TIMING ts=20260722-123639] omnivoice.generator.graph.rebuild_ms 2.644102
[TIMING ts=20260722-123639] omnivoice.session.decode_ms 40.176858
[TIMING ts=20260722-123639] omnivoice.decoder.graph.rebuilt 1
[TIMING ts=20260722-123639] omnivoice.decoder.graph.rebuild_ms 1.581224
[TIMING ts=20260722-123639] omnivoice.session.postprocess_ms 7.84793
[TIMING ts=20260722-123639] session.wall_ms 1210.949848
family=omnivoice
task=tts
mode=offline
audio_out=./outputs/single_infer/audiocpp_omnivoice_clone_mdwt_native_atwt_native_step44.wav
  Completed at: 12:36:39
  Output: ./outputs/single_infer/audiocpp_omnivoice_clone_mdwt_native_atwt_native_step44.wav

[227/375] weight_type=native | audio_tokenizer_weight_type=f32 | steps=44 -> audiocpp_omnivoice_clone_mdwt_native_atwt_f32_step44.wav
  Started at: 12:36:39
[TRACE ts=20260722-123639] runtime.model.family omnivoice
[TRACE ts=20260722-123639] runtime.model.variant omnivoice
[TRACE ts=20260722-123639] runtime.model.root /home/ipt/kawshik/tts-testing/audio.cpp/models/OmniVoice
[TRACE ts=20260722-123639] runtime.model.discovered_config_count 6
[TRACE ts=20260722-123639] runtime.model.discovered_weight_count 2
[TRACE ts=20260722-123639] runtime.model.task_count 1
[TRACE ts=20260722-123639] runtime.model.language_count 1
[TRACE ts=20260722-123639] runtime.model.supports_speaker_reference 1
[TRACE ts=20260722-123639] runtime.model.supports_style_condition 1
[TRACE ts=20260722-123639] runtime.model.supports_timestamps 0
ggml_cuda_init: found 1 CUDA devices (Total VRAM: 24111 MiB):
  Device 0: NVIDIA GeForce RTX 4090, compute capability 8.9, VMM: yes, VRAM: 24111 MiB
ggml_backend_cuda_graph_compute: CUDA graph warmup complete
[TIMING ts=20260722-123643] omnivoice.reference.encode_ms 1.772536
[TIMING ts=20260722-123643] omnivoice.encoder.graph.rebuilt 1
[TIMING ts=20260722-123643] omnivoice.session.prompt_ms 3.045149
[TIMING ts=20260722-123643] omnivoice.session.generate_ms 1192.082274
[TIMING ts=20260722-123643] omnivoice.generator.graph.rebuilt 1
[TIMING ts=20260722-123643] omnivoice.generator.graph.rebuild_ms 3.31466
[TIMING ts=20260722-123643] omnivoice.session.decode_ms 36.05424
[TIMING ts=20260722-123643] omnivoice.decoder.graph.rebuilt 1
[TIMING ts=20260722-123643] omnivoice.decoder.graph.rebuild_ms 1.447235
[TIMING ts=20260722-123643] omnivoice.session.postprocess_ms 6.315551
[TIMING ts=20260722-123643] session.wall_ms 1239.536699
family=omnivoice
task=tts
mode=offline
audio_out=./outputs/single_infer/audiocpp_omnivoice_clone_mdwt_native_atwt_f32_step44.wav
  Completed at: 12:36:43
  Output: ./outputs/single_infer/audiocpp_omnivoice_clone_mdwt_native_atwt_f32_step44.wav

[228/375] weight_type=native | audio_tokenizer_weight_type=f16 | steps=44 -> audiocpp_omnivoice_clone_mdwt_native_atwt_f16_step44.wav
  Started at: 12:36:43
[TRACE ts=20260722-123643] runtime.model.family omnivoice
[TRACE ts=20260722-123643] runtime.model.variant omnivoice
[TRACE ts=20260722-123643] runtime.model.root /home/ipt/kawshik/tts-testing/audio.cpp/models/OmniVoice
[TRACE ts=20260722-123643] runtime.model.discovered_config_count 6
[TRACE ts=20260722-123643] runtime.model.discovered_weight_count 2
[TRACE ts=20260722-123643] runtime.model.task_count 1
[TRACE ts=20260722-123643] runtime.model.language_count 1
[TRACE ts=20260722-123643] runtime.model.supports_speaker_reference 1
[TRACE ts=20260722-123643] runtime.model.supports_style_condition 1
[TRACE ts=20260722-123643] runtime.model.supports_timestamps 0
ggml_cuda_init: found 1 CUDA devices (Total VRAM: 24111 MiB):
  Device 0: NVIDIA GeForce RTX 4090, compute capability 8.9, VMM: yes, VRAM: 24111 MiB
ggml_backend_cuda_graph_compute: CUDA graph warmup complete
[TIMING ts=20260722-123648] omnivoice.reference.encode_ms 1.440936
[TIMING ts=20260722-123648] omnivoice.encoder.graph.rebuilt 1
[TIMING ts=20260722-123648] omnivoice.session.prompt_ms 2.232475
[TIMING ts=20260722-123648] omnivoice.session.generate_ms 1161.574831
[TIMING ts=20260722-123648] omnivoice.generator.graph.rebuilt 1
[TIMING ts=20260722-123648] omnivoice.generator.graph.rebuild_ms 3.109146
[TIMING ts=20260722-123648] omnivoice.session.decode_ms 9.278134
[TIMING ts=20260722-123648] omnivoice.decoder.graph.rebuilt 1
[TIMING ts=20260722-123648] omnivoice.decoder.graph.rebuild_ms 1.371652
[TIMING ts=20260722-123648] omnivoice.session.postprocess_ms 6.710639
[TIMING ts=20260722-123648] session.wall_ms 1181.459702
family=omnivoice
task=tts
mode=offline
audio_out=./outputs/single_infer/audiocpp_omnivoice_clone_mdwt_native_atwt_f16_step44.wav
  Completed at: 12:36:48
  Output: ./outputs/single_infer/audiocpp_omnivoice_clone_mdwt_native_atwt_f16_step44.wav

[229/375] weight_type=native | audio_tokenizer_weight_type=bf16 | steps=44 -> audiocpp_omnivoice_clone_mdwt_native_atwt_bf16_step44.wav
  Started at: 12:36:48
[TRACE ts=20260722-123648] runtime.model.family omnivoice
[TRACE ts=20260722-123648] runtime.model.variant omnivoice
[TRACE ts=20260722-123648] runtime.model.root /home/ipt/kawshik/tts-testing/audio.cpp/models/OmniVoice
[TRACE ts=20260722-123648] runtime.model.discovered_config_count 6
[TRACE ts=20260722-123648] runtime.model.discovered_weight_count 2
[TRACE ts=20260722-123648] runtime.model.task_count 1
[TRACE ts=20260722-123648] runtime.model.language_count 1
[TRACE ts=20260722-123648] runtime.model.supports_speaker_reference 1
[TRACE ts=20260722-123648] runtime.model.supports_style_condition 1
[TRACE ts=20260722-123648] runtime.model.supports_timestamps 0
ggml_cuda_init: found 1 CUDA devices (Total VRAM: 24111 MiB):
  Device 0: NVIDIA GeForce RTX 4090, compute capability 8.9, VMM: yes, VRAM: 24111 MiB
ggml_backend_cuda_graph_compute: CUDA graph warmup complete
[TIMING ts=20260722-123653] omnivoice.reference.encode_ms 1.412108
[TIMING ts=20260722-123653] omnivoice.encoder.graph.rebuilt 1
[TIMING ts=20260722-123653] omnivoice.session.prompt_ms 3.307112
[TIMING ts=20260722-123653] omnivoice.session.generate_ms 1162.884908
[TIMING ts=20260722-123653] omnivoice.generator.graph.rebuilt 1
[TIMING ts=20260722-123653] omnivoice.generator.graph.rebuild_ms 2.968674
[TIMING ts=20260722-123653] omnivoice.session.decode_ms 9.468528
[TIMING ts=20260722-123653] omnivoice.decoder.graph.rebuilt 1
[TIMING ts=20260722-123653] omnivoice.decoder.graph.rebuild_ms 1.547193
[TIMING ts=20260722-123653] omnivoice.session.postprocess_ms 6.781314
[TIMING ts=20260722-123653] session.wall_ms 1184.061433
family=omnivoice
task=tts
mode=offline
audio_out=./outputs/single_infer/audiocpp_omnivoice_clone_mdwt_native_atwt_bf16_step44.wav
  Completed at: 12:36:53
  Output: ./outputs/single_infer/audiocpp_omnivoice_clone_mdwt_native_atwt_bf16_step44.wav

[230/375] weight_type=native | audio_tokenizer_weight_type=q8_0 | steps=44 -> audiocpp_omnivoice_clone_mdwt_native_atwt_q8_0_step44.wav
  Started at: 12:36:53
[TRACE ts=20260722-123653] runtime.model.family omnivoice
[TRACE ts=20260722-123653] runtime.model.variant omnivoice
[TRACE ts=20260722-123653] runtime.model.root /home/ipt/kawshik/tts-testing/audio.cpp/models/OmniVoice
[TRACE ts=20260722-123653] runtime.model.discovered_config_count 6
[TRACE ts=20260722-123653] runtime.model.discovered_weight_count 2
[TRACE ts=20260722-123653] runtime.model.task_count 1
[TRACE ts=20260722-123653] runtime.model.language_count 1
[TRACE ts=20260722-123653] runtime.model.supports_speaker_reference 1
[TRACE ts=20260722-123653] runtime.model.supports_style_condition 1
[TRACE ts=20260722-123653] runtime.model.supports_timestamps 0
ggml_cuda_init: found 1 CUDA devices (Total VRAM: 24111 MiB):
  Device 0: NVIDIA GeForce RTX 4090, compute capability 8.9, VMM: yes, VRAM: 24111 MiB
ggml_backend_cuda_graph_compute: CUDA graph warmup complete
[TIMING ts=20260722-123658] omnivoice.reference.encode_ms 1.694164
[TIMING ts=20260722-123658] omnivoice.encoder.graph.rebuilt 1
[TIMING ts=20260722-123658] omnivoice.session.prompt_ms 4.108346
[TIMING ts=20260722-123658] omnivoice.session.generate_ms 1167.292723
[TIMING ts=20260722-123658] omnivoice.generator.graph.rebuilt 1
[TIMING ts=20260722-123658] omnivoice.generator.graph.rebuild_ms 3.937701
[TIMING ts=20260722-123658] omnivoice.session.decode_ms 43.474445
[TIMING ts=20260722-123658] omnivoice.decoder.graph.rebuilt 1
[TIMING ts=20260722-123658] omnivoice.decoder.graph.rebuild_ms 1.406938
[TIMING ts=20260722-123658] omnivoice.session.postprocess_ms 7.437593
[TIMING ts=20260722-123658] session.wall_ms 1224.28911
family=omnivoice
task=tts
mode=offline
audio_out=./outputs/single_infer/audiocpp_omnivoice_clone_mdwt_native_atwt_q8_0_step44.wav
  Completed at: 12:36:58
  Output: ./outputs/single_infer/audiocpp_omnivoice_clone_mdwt_native_atwt_q8_0_step44.wav

[231/375] weight_type=f32 | audio_tokenizer_weight_type=native | steps=44 -> audiocpp_omnivoice_clone_mdwt_f32_atwt_native_step44.wav
  Started at: 12:36:58
[TRACE ts=20260722-123658] runtime.model.family omnivoice
[TRACE ts=20260722-123658] runtime.model.variant omnivoice
[TRACE ts=20260722-123658] runtime.model.root /home/ipt/kawshik/tts-testing/audio.cpp/models/OmniVoice
[TRACE ts=20260722-123658] runtime.model.discovered_config_count 6
[TRACE ts=20260722-123658] runtime.model.discovered_weight_count 2
[TRACE ts=20260722-123658] runtime.model.task_count 1
[TRACE ts=20260722-123658] runtime.model.language_count 1
[TRACE ts=20260722-123658] runtime.model.supports_speaker_reference 1
[TRACE ts=20260722-123658] runtime.model.supports_style_condition 1
[TRACE ts=20260722-123658] runtime.model.supports_timestamps 0
ggml_cuda_init: found 1 CUDA devices (Total VRAM: 24111 MiB):
  Device 0: NVIDIA GeForce RTX 4090, compute capability 8.9, VMM: yes, VRAM: 24111 MiB
ggml_backend_cuda_graph_compute: CUDA graph warmup complete
[TIMING ts=20260722-123702] omnivoice.reference.encode_ms 1.715614
[TIMING ts=20260722-123702] omnivoice.encoder.graph.rebuilt 1
[TIMING ts=20260722-123702] omnivoice.session.prompt_ms 2.86385
[TIMING ts=20260722-123702] omnivoice.session.generate_ms 1173.564296
[TIMING ts=20260722-123702] omnivoice.generator.graph.rebuilt 1
[TIMING ts=20260722-123702] omnivoice.generator.graph.rebuild_ms 2.98555
[TIMING ts=20260722-123702] omnivoice.session.decode_ms 40.66102
[TIMING ts=20260722-123702] omnivoice.decoder.graph.rebuilt 1
[TIMING ts=20260722-123702] omnivoice.decoder.graph.rebuild_ms 1.658334
[TIMING ts=20260722-123702] omnivoice.session.postprocess_ms 7.306719
[TIMING ts=20260722-123702] session.wall_ms 1226.3708
family=omnivoice
task=tts
mode=offline
audio_out=./outputs/single_infer/audiocpp_omnivoice_clone_mdwt_f32_atwt_native_step44.wav
  Completed at: 12:37:03
  Output: ./outputs/single_infer/audiocpp_omnivoice_clone_mdwt_f32_atwt_native_step44.wav

[232/375] weight_type=f32 | audio_tokenizer_weight_type=f32 | steps=44 -> audiocpp_omnivoice_clone_mdwt_f32_atwt_f32_step44.wav
  Started at: 12:37:03
[TRACE ts=20260722-123703] runtime.model.family omnivoice
[TRACE ts=20260722-123703] runtime.model.variant omnivoice
[TRACE ts=20260722-123703] runtime.model.root /home/ipt/kawshik/tts-testing/audio.cpp/models/OmniVoice
[TRACE ts=20260722-123703] runtime.model.discovered_config_count 6
[TRACE ts=20260722-123703] runtime.model.discovered_weight_count 2
[TRACE ts=20260722-123703] runtime.model.task_count 1
[TRACE ts=20260722-123703] runtime.model.language_count 1
[TRACE ts=20260722-123703] runtime.model.supports_speaker_reference 1
[TRACE ts=20260722-123703] runtime.model.supports_style_condition 1
[TRACE ts=20260722-123703] runtime.model.supports_timestamps 0
ggml_cuda_init: found 1 CUDA devices (Total VRAM: 24111 MiB):
  Device 0: NVIDIA GeForce RTX 4090, compute capability 8.9, VMM: yes, VRAM: 24111 MiB
ggml_backend_cuda_graph_compute: CUDA graph warmup complete
[TIMING ts=20260722-123707] omnivoice.reference.encode_ms 1.694557
[TIMING ts=20260722-123707] omnivoice.encoder.graph.rebuilt 1
[TIMING ts=20260722-123707] omnivoice.session.prompt_ms 2.891436
[TIMING ts=20260722-123707] omnivoice.session.generate_ms 1166.615123
[TIMING ts=20260722-123707] omnivoice.generator.graph.rebuilt 1
[TIMING ts=20260722-123707] omnivoice.generator.graph.rebuild_ms 3.006517
[TIMING ts=20260722-123707] omnivoice.session.decode_ms 34.118768
[TIMING ts=20260722-123707] omnivoice.decoder.graph.rebuilt 1
[TIMING ts=20260722-123707] omnivoice.decoder.graph.rebuild_ms 1.465756
[TIMING ts=20260722-123707] omnivoice.session.postprocess_ms 6.232008
[TIMING ts=20260722-123707] session.wall_ms 1211.815684
family=omnivoice
task=tts
mode=offline
audio_out=./outputs/single_infer/audiocpp_omnivoice_clone_mdwt_f32_atwt_f32_step44.wav
  Completed at: 12:37:07
  Output: ./outputs/single_infer/audiocpp_omnivoice_clone_mdwt_f32_atwt_f32_step44.wav

[233/375] weight_type=f32 | audio_tokenizer_weight_type=f16 | steps=44 -> audiocpp_omnivoice_clone_mdwt_f32_atwt_f16_step44.wav
  Started at: 12:37:07
[TRACE ts=20260722-123707] runtime.model.family omnivoice
[TRACE ts=20260722-123707] runtime.model.variant omnivoice
[TRACE ts=20260722-123707] runtime.model.root /home/ipt/kawshik/tts-testing/audio.cpp/models/OmniVoice
[TRACE ts=20260722-123707] runtime.model.discovered_config_count 6
[TRACE ts=20260722-123707] runtime.model.discovered_weight_count 2
[TRACE ts=20260722-123707] runtime.model.task_count 1
[TRACE ts=20260722-123707] runtime.model.language_count 1
[TRACE ts=20260722-123707] runtime.model.supports_speaker_reference 1
[TRACE ts=20260722-123707] runtime.model.supports_style_condition 1
[TRACE ts=20260722-123707] runtime.model.supports_timestamps 0
ggml_cuda_init: found 1 CUDA devices (Total VRAM: 24111 MiB):
  Device 0: NVIDIA GeForce RTX 4090, compute capability 8.9, VMM: yes, VRAM: 24111 MiB
ggml_backend_cuda_graph_compute: CUDA graph warmup complete
[TIMING ts=20260722-123712] omnivoice.reference.encode_ms 1.694139
[TIMING ts=20260722-123712] omnivoice.encoder.graph.rebuilt 1
[TIMING ts=20260722-123712] omnivoice.session.prompt_ms 5.084412
[TIMING ts=20260722-123712] omnivoice.session.generate_ms 1177.746363
[TIMING ts=20260722-123712] omnivoice.generator.graph.rebuilt 1
[TIMING ts=20260722-123712] omnivoice.generator.graph.rebuild_ms 3.727772
[TIMING ts=20260722-123712] omnivoice.session.decode_ms 11.335654
[TIMING ts=20260722-123712] omnivoice.decoder.graph.rebuilt 1
[TIMING ts=20260722-123712] omnivoice.decoder.graph.rebuild_ms 1.404096
[TIMING ts=20260722-123712] omnivoice.session.postprocess_ms 9.2827
[TIMING ts=20260722-123712] session.wall_ms 1205.402323
family=omnivoice
task=tts
mode=offline
audio_out=./outputs/single_infer/audiocpp_omnivoice_clone_mdwt_f32_atwt_f16_step44.wav
  Completed at: 12:37:12
  Output: ./outputs/single_infer/audiocpp_omnivoice_clone_mdwt_f32_atwt_f16_step44.wav

[234/375] weight_type=f32 | audio_tokenizer_weight_type=bf16 | steps=44 -> audiocpp_omnivoice_clone_mdwt_f32_atwt_bf16_step44.wav
  Started at: 12:37:12
[TRACE ts=20260722-123712] runtime.model.family omnivoice
[TRACE ts=20260722-123712] runtime.model.variant omnivoice
[TRACE ts=20260722-123712] runtime.model.root /home/ipt/kawshik/tts-testing/audio.cpp/models/OmniVoice
[TRACE ts=20260722-123712] runtime.model.discovered_config_count 6
[TRACE ts=20260722-123712] runtime.model.discovered_weight_count 2
[TRACE ts=20260722-123712] runtime.model.task_count 1
[TRACE ts=20260722-123712] runtime.model.language_count 1
[TRACE ts=20260722-123712] runtime.model.supports_speaker_reference 1
[TRACE ts=20260722-123712] runtime.model.supports_style_condition 1
[TRACE ts=20260722-123712] runtime.model.supports_timestamps 0
ggml_cuda_init: found 1 CUDA devices (Total VRAM: 24111 MiB):
  Device 0: NVIDIA GeForce RTX 4090, compute capability 8.9, VMM: yes, VRAM: 24111 MiB
ggml_backend_cuda_graph_compute: CUDA graph warmup complete
[TIMING ts=20260722-123717] omnivoice.reference.encode_ms 1.69408
[TIMING ts=20260722-123717] omnivoice.encoder.graph.rebuilt 1
[TIMING ts=20260722-123717] omnivoice.session.prompt_ms 4.066916
[TIMING ts=20260722-123717] omnivoice.session.generate_ms 1198.026913
[TIMING ts=20260722-123717] omnivoice.generator.graph.rebuilt 1
[TIMING ts=20260722-123717] omnivoice.generator.graph.rebuild_ms 3.620981
[TIMING ts=20260722-123717] omnivoice.session.decode_ms 9.242153
[TIMING ts=20260722-123717] omnivoice.decoder.graph.rebuilt 1
[TIMING ts=20260722-123717] omnivoice.decoder.graph.rebuild_ms 1.39064
[TIMING ts=20260722-123717] omnivoice.session.postprocess_ms 6.988869
[TIMING ts=20260722-123717] session.wall_ms 1220.275482
family=omnivoice
task=tts
mode=offline
audio_out=./outputs/single_infer/audiocpp_omnivoice_clone_mdwt_f32_atwt_bf16_step44.wav
  Completed at: 12:37:17
  Output: ./outputs/single_infer/audiocpp_omnivoice_clone_mdwt_f32_atwt_bf16_step44.wav

[235/375] weight_type=f32 | audio_tokenizer_weight_type=q8_0 | steps=44 -> audiocpp_omnivoice_clone_mdwt_f32_atwt_q8_0_step44.wav
  Started at: 12:37:17
[TRACE ts=20260722-123717] runtime.model.family omnivoice
[TRACE ts=20260722-123717] runtime.model.variant omnivoice
[TRACE ts=20260722-123717] runtime.model.root /home/ipt/kawshik/tts-testing/audio.cpp/models/OmniVoice
[TRACE ts=20260722-123717] runtime.model.discovered_config_count 6
[TRACE ts=20260722-123717] runtime.model.discovered_weight_count 2
[TRACE ts=20260722-123717] runtime.model.task_count 1
[TRACE ts=20260722-123717] runtime.model.language_count 1
[TRACE ts=20260722-123717] runtime.model.supports_speaker_reference 1
[TRACE ts=20260722-123717] runtime.model.supports_style_condition 1
[TRACE ts=20260722-123717] runtime.model.supports_timestamps 0
ggml_cuda_init: found 1 CUDA devices (Total VRAM: 24111 MiB):
  Device 0: NVIDIA GeForce RTX 4090, compute capability 8.9, VMM: yes, VRAM: 24111 MiB
ggml_backend_cuda_graph_compute: CUDA graph warmup complete
[TIMING ts=20260722-123722] omnivoice.reference.encode_ms 1.298841
[TIMING ts=20260722-123722] omnivoice.encoder.graph.rebuilt 1
[TIMING ts=20260722-123722] omnivoice.session.prompt_ms 3.390324
[TIMING ts=20260722-123722] omnivoice.session.generate_ms 1151.770855
[TIMING ts=20260722-123722] omnivoice.generator.graph.rebuilt 1
[TIMING ts=20260722-123722] omnivoice.generator.graph.rebuild_ms 3.152598
[TIMING ts=20260722-123722] omnivoice.session.decode_ms 42.403786
[TIMING ts=20260722-123722] omnivoice.decoder.graph.rebuilt 1
[TIMING ts=20260722-123722] omnivoice.decoder.graph.rebuild_ms 1.491848
[TIMING ts=20260722-123722] omnivoice.session.postprocess_ms 7.105681
[TIMING ts=20260722-123722] session.wall_ms 1206.190757
family=omnivoice
task=tts
mode=offline
audio_out=./outputs/single_infer/audiocpp_omnivoice_clone_mdwt_f32_atwt_q8_0_step44.wav
  Completed at: 12:37:22
  Output: ./outputs/single_infer/audiocpp_omnivoice_clone_mdwt_f32_atwt_q8_0_step44.wav

[236/375] weight_type=f16 | audio_tokenizer_weight_type=native | steps=44 -> audiocpp_omnivoice_clone_mdwt_f16_atwt_native_step44.wav
  Started at: 12:37:22
[TRACE ts=20260722-123723] runtime.model.family omnivoice
[TRACE ts=20260722-123723] runtime.model.variant omnivoice
[TRACE ts=20260722-123723] runtime.model.root /home/ipt/kawshik/tts-testing/audio.cpp/models/OmniVoice
[TRACE ts=20260722-123723] runtime.model.discovered_config_count 6
[TRACE ts=20260722-123723] runtime.model.discovered_weight_count 2
[TRACE ts=20260722-123723] runtime.model.task_count 1
[TRACE ts=20260722-123723] runtime.model.language_count 1
[TRACE ts=20260722-123723] runtime.model.supports_speaker_reference 1
[TRACE ts=20260722-123723] runtime.model.supports_style_condition 1
[TRACE ts=20260722-123723] runtime.model.supports_timestamps 0
ggml_cuda_init: found 1 CUDA devices (Total VRAM: 24111 MiB):
  Device 0: NVIDIA GeForce RTX 4090, compute capability 8.9, VMM: yes, VRAM: 24111 MiB
ggml_backend_cuda_graph_compute: CUDA graph warmup complete
[TIMING ts=20260722-123731] omnivoice.reference.encode_ms 1.341008
[TIMING ts=20260722-123731] omnivoice.encoder.graph.rebuilt 1
[TIMING ts=20260722-123731] omnivoice.session.prompt_ms 2.3033
[TIMING ts=20260722-123731] omnivoice.session.generate_ms 936.613714
[TIMING ts=20260722-123731] omnivoice.generator.graph.rebuilt 1
[TIMING ts=20260722-123731] omnivoice.generator.graph.rebuild_ms 2.888503
[TIMING ts=20260722-123731] omnivoice.session.decode_ms 33.039758
[TIMING ts=20260722-123731] omnivoice.decoder.graph.rebuilt 1
[TIMING ts=20260722-123731] omnivoice.decoder.graph.rebuild_ms 1.387252
[TIMING ts=20260722-123731] omnivoice.session.postprocess_ms 6.977385
[TIMING ts=20260722-123731] session.wall_ms 980.52936
family=omnivoice
task=tts
mode=offline
audio_out=./outputs/single_infer/audiocpp_omnivoice_clone_mdwt_f16_atwt_native_step44.wav
  Completed at: 12:37:32
  Output: ./outputs/single_infer/audiocpp_omnivoice_clone_mdwt_f16_atwt_native_step44.wav

[237/375] weight_type=f16 | audio_tokenizer_weight_type=f32 | steps=44 -> audiocpp_omnivoice_clone_mdwt_f16_atwt_f32_step44.wav
  Started at: 12:37:32
[TRACE ts=20260722-123732] runtime.model.family omnivoice
[TRACE ts=20260722-123732] runtime.model.variant omnivoice
[TRACE ts=20260722-123732] runtime.model.root /home/ipt/kawshik/tts-testing/audio.cpp/models/OmniVoice
[TRACE ts=20260722-123732] runtime.model.discovered_config_count 6
[TRACE ts=20260722-123732] runtime.model.discovered_weight_count 2
[TRACE ts=20260722-123732] runtime.model.task_count 1
[TRACE ts=20260722-123732] runtime.model.language_count 1
[TRACE ts=20260722-123732] runtime.model.supports_speaker_reference 1
[TRACE ts=20260722-123732] runtime.model.supports_style_condition 1
[TRACE ts=20260722-123732] runtime.model.supports_timestamps 0
ggml_cuda_init: found 1 CUDA devices (Total VRAM: 24111 MiB):
  Device 0: NVIDIA GeForce RTX 4090, compute capability 8.9, VMM: yes, VRAM: 24111 MiB
ggml_backend_cuda_graph_compute: CUDA graph warmup complete
[TIMING ts=20260722-123741] omnivoice.reference.encode_ms 1.423315
[TIMING ts=20260722-123741] omnivoice.encoder.graph.rebuilt 1
[TIMING ts=20260722-123741] omnivoice.session.prompt_ms 2.286731
[TIMING ts=20260722-123741] omnivoice.session.generate_ms 934.855457
[TIMING ts=20260722-123741] omnivoice.generator.graph.rebuilt 1
[TIMING ts=20260722-123741] omnivoice.generator.graph.rebuild_ms 2.833621
[TIMING ts=20260722-123741] omnivoice.session.decode_ms 32.688202
[TIMING ts=20260722-123741] omnivoice.decoder.graph.rebuilt 1
[TIMING ts=20260722-123741] omnivoice.decoder.graph.rebuild_ms 1.322218
[TIMING ts=20260722-123741] omnivoice.session.postprocess_ms 7.02336
[TIMING ts=20260722-123741] session.wall_ms 978.497514
family=omnivoice
task=tts
mode=offline
audio_out=./outputs/single_infer/audiocpp_omnivoice_clone_mdwt_f16_atwt_f32_step44.wav
  Completed at: 12:37:41
  Output: ./outputs/single_infer/audiocpp_omnivoice_clone_mdwt_f16_atwt_f32_step44.wav

[238/375] weight_type=f16 | audio_tokenizer_weight_type=f16 | steps=44 -> audiocpp_omnivoice_clone_mdwt_f16_atwt_f16_step44.wav
  Started at: 12:37:41
[TRACE ts=20260722-123741] runtime.model.family omnivoice
[TRACE ts=20260722-123741] runtime.model.variant omnivoice
[TRACE ts=20260722-123741] runtime.model.root /home/ipt/kawshik/tts-testing/audio.cpp/models/OmniVoice
[TRACE ts=20260722-123741] runtime.model.discovered_config_count 6
[TRACE ts=20260722-123741] runtime.model.discovered_weight_count 2
[TRACE ts=20260722-123741] runtime.model.task_count 1
[TRACE ts=20260722-123741] runtime.model.language_count 1
[TRACE ts=20260722-123741] runtime.model.supports_speaker_reference 1
[TRACE ts=20260722-123741] runtime.model.supports_style_condition 1
[TRACE ts=20260722-123741] runtime.model.supports_timestamps 0
ggml_cuda_init: found 1 CUDA devices (Total VRAM: 24111 MiB):
  Device 0: NVIDIA GeForce RTX 4090, compute capability 8.9, VMM: yes, VRAM: 24111 MiB
ggml_backend_cuda_graph_compute: CUDA graph warmup complete
[TIMING ts=20260722-123751] omnivoice.reference.encode_ms 1.393386
[TIMING ts=20260722-123751] omnivoice.encoder.graph.rebuilt 1
[TIMING ts=20260722-123751] omnivoice.session.prompt_ms 2.43193
[TIMING ts=20260722-123751] omnivoice.session.generate_ms 877.393968
[TIMING ts=20260722-123751] omnivoice.generator.graph.rebuilt 1
[TIMING ts=20260722-123751] omnivoice.generator.graph.rebuild_ms 3.14846
[TIMING ts=20260722-123751] omnivoice.session.decode_ms 9.442363
[TIMING ts=20260722-123751] omnivoice.decoder.graph.rebuilt 1
[TIMING ts=20260722-123751] omnivoice.decoder.graph.rebuild_ms 1.411895
[TIMING ts=20260722-123751] omnivoice.session.postprocess_ms 7.102503
[TIMING ts=20260722-123751] session.wall_ms 898.036192
family=omnivoice
task=tts
mode=offline
audio_out=./outputs/single_infer/audiocpp_omnivoice_clone_mdwt_f16_atwt_f16_step44.wav
  Completed at: 12:37:51
  Output: ./outputs/single_infer/audiocpp_omnivoice_clone_mdwt_f16_atwt_f16_step44.wav

[239/375] weight_type=f16 | audio_tokenizer_weight_type=bf16 | steps=44 -> audiocpp_omnivoice_clone_mdwt_f16_atwt_bf16_step44.wav
  Started at: 12:37:51
[TRACE ts=20260722-123751] runtime.model.family omnivoice
[TRACE ts=20260722-123751] runtime.model.variant omnivoice
[TRACE ts=20260722-123751] runtime.model.root /home/ipt/kawshik/tts-testing/audio.cpp/models/OmniVoice
[TRACE ts=20260722-123751] runtime.model.discovered_config_count 6
[TRACE ts=20260722-123751] runtime.model.discovered_weight_count 2
[TRACE ts=20260722-123751] runtime.model.task_count 1
[TRACE ts=20260722-123751] runtime.model.language_count 1
[TRACE ts=20260722-123751] runtime.model.supports_speaker_reference 1
[TRACE ts=20260722-123751] runtime.model.supports_style_condition 1
[TRACE ts=20260722-123751] runtime.model.supports_timestamps 0
ggml_cuda_init: found 1 CUDA devices (Total VRAM: 24111 MiB):
  Device 0: NVIDIA GeForce RTX 4090, compute capability 8.9, VMM: yes, VRAM: 24111 MiB
ggml_backend_cuda_graph_compute: CUDA graph warmup complete
[TIMING ts=20260722-123801] omnivoice.reference.encode_ms 1.666352
[TIMING ts=20260722-123801] omnivoice.encoder.graph.rebuilt 1
[TIMING ts=20260722-123801] omnivoice.session.prompt_ms 3.939541
[TIMING ts=20260722-123801] omnivoice.session.generate_ms 955.376791
[TIMING ts=20260722-123801] omnivoice.generator.graph.rebuilt 1
[TIMING ts=20260722-123801] omnivoice.generator.graph.rebuild_ms 3.820324
[TIMING ts=20260722-123801] omnivoice.session.decode_ms 9.910765
[TIMING ts=20260722-123801] omnivoice.decoder.graph.rebuilt 1
[TIMING ts=20260722-123801] omnivoice.decoder.graph.rebuild_ms 1.445615
[TIMING ts=20260722-123801] omnivoice.session.postprocess_ms 6.850831
[TIMING ts=20260722-123801] session.wall_ms 978.125073
family=omnivoice
task=tts
mode=offline
audio_out=./outputs/single_infer/audiocpp_omnivoice_clone_mdwt_f16_atwt_bf16_step44.wav
  Completed at: 12:38:01
  Output: ./outputs/single_infer/audiocpp_omnivoice_clone_mdwt_f16_atwt_bf16_step44.wav

[240/375] weight_type=f16 | audio_tokenizer_weight_type=q8_0 | steps=44 -> audiocpp_omnivoice_clone_mdwt_f16_atwt_q8_0_step44.wav
  Started at: 12:38:01
[TRACE ts=20260722-123801] runtime.model.family omnivoice
[TRACE ts=20260722-123801] runtime.model.variant omnivoice
[TRACE ts=20260722-123801] runtime.model.root /home/ipt/kawshik/tts-testing/audio.cpp/models/OmniVoice
[TRACE ts=20260722-123801] runtime.model.discovered_config_count 6
[TRACE ts=20260722-123801] runtime.model.discovered_weight_count 2
[TRACE ts=20260722-123801] runtime.model.task_count 1
[TRACE ts=20260722-123801] runtime.model.language_count 1
[TRACE ts=20260722-123801] runtime.model.supports_speaker_reference 1
[TRACE ts=20260722-123801] runtime.model.supports_style_condition 1
[TRACE ts=20260722-123801] runtime.model.supports_timestamps 0
ggml_cuda_init: found 1 CUDA devices (Total VRAM: 24111 MiB):
  Device 0: NVIDIA GeForce RTX 4090, compute capability 8.9, VMM: yes, VRAM: 24111 MiB
ggml_backend_cuda_graph_compute: CUDA graph warmup complete
[TIMING ts=20260722-123811] omnivoice.reference.encode_ms 1.369387
[TIMING ts=20260722-123811] omnivoice.encoder.graph.rebuilt 1
[TIMING ts=20260722-123811] omnivoice.session.prompt_ms 3.296471
[TIMING ts=20260722-123811] omnivoice.session.generate_ms 881.85652
[TIMING ts=20260722-123811] omnivoice.generator.graph.rebuilt 1
[TIMING ts=20260722-123811] omnivoice.generator.graph.rebuild_ms 3.185825
[TIMING ts=20260722-123811] omnivoice.session.decode_ms 47.937496
[TIMING ts=20260722-123811] omnivoice.decoder.graph.rebuilt 1
[TIMING ts=20260722-123811] omnivoice.decoder.graph.rebuild_ms 1.563517
[TIMING ts=20260722-123811] omnivoice.session.postprocess_ms 8.736991
[TIMING ts=20260722-123811] session.wall_ms 943.424742
family=omnivoice
task=tts
mode=offline
audio_out=./outputs/single_infer/audiocpp_omnivoice_clone_mdwt_f16_atwt_q8_0_step44.wav
  Completed at: 12:38:11
  Output: ./outputs/single_infer/audiocpp_omnivoice_clone_mdwt_f16_atwt_q8_0_step44.wav

[241/375] weight_type=bf16 | audio_tokenizer_weight_type=native | steps=44 -> audiocpp_omnivoice_clone_mdwt_bf16_atwt_native_step44.wav
  Started at: 12:38:11
[TRACE ts=20260722-123811] runtime.model.family omnivoice
[TRACE ts=20260722-123811] runtime.model.variant omnivoice
[TRACE ts=20260722-123811] runtime.model.root /home/ipt/kawshik/tts-testing/audio.cpp/models/OmniVoice
[TRACE ts=20260722-123811] runtime.model.discovered_config_count 6
[TRACE ts=20260722-123811] runtime.model.discovered_weight_count 2
[TRACE ts=20260722-123811] runtime.model.task_count 1
[TRACE ts=20260722-123811] runtime.model.language_count 1
[TRACE ts=20260722-123811] runtime.model.supports_speaker_reference 1
[TRACE ts=20260722-123811] runtime.model.supports_style_condition 1
[TRACE ts=20260722-123811] runtime.model.supports_timestamps 0
ggml_cuda_init: found 1 CUDA devices (Total VRAM: 24111 MiB):
  Device 0: NVIDIA GeForce RTX 4090, compute capability 8.9, VMM: yes, VRAM: 24111 MiB
ggml_backend_cuda_graph_compute: CUDA graph warmup complete
[TIMING ts=20260722-123819] omnivoice.reference.encode_ms 1.298951
[TIMING ts=20260722-123819] omnivoice.encoder.graph.rebuilt 1
[TIMING ts=20260722-123819] omnivoice.session.prompt_ms 2.378433
[TIMING ts=20260722-123819] omnivoice.session.generate_ms 1102.214793
[TIMING ts=20260722-123819] omnivoice.generator.graph.rebuilt 1
[TIMING ts=20260722-123819] omnivoice.generator.graph.rebuild_ms 2.670914
[TIMING ts=20260722-123819] omnivoice.session.decode_ms 37.008279
[TIMING ts=20260722-123819] omnivoice.decoder.graph.rebuilt 1
[TIMING ts=20260722-123819] omnivoice.decoder.graph.rebuild_ms 1.426066
[TIMING ts=20260722-123819] omnivoice.session.postprocess_ms 7.355082
[TIMING ts=20260722-123819] session.wall_ms 1150.511546
family=omnivoice
task=tts
mode=offline
audio_out=./outputs/single_infer/audiocpp_omnivoice_clone_mdwt_bf16_atwt_native_step44.wav
  Completed at: 12:38:20
  Output: ./outputs/single_infer/audiocpp_omnivoice_clone_mdwt_bf16_atwt_native_step44.wav

[242/375] weight_type=bf16 | audio_tokenizer_weight_type=f32 | steps=44 -> audiocpp_omnivoice_clone_mdwt_bf16_atwt_f32_step44.wav
  Started at: 12:38:20
[TRACE ts=20260722-123820] runtime.model.family omnivoice
[TRACE ts=20260722-123820] runtime.model.variant omnivoice
[TRACE ts=20260722-123820] runtime.model.root /home/ipt/kawshik/tts-testing/audio.cpp/models/OmniVoice
[TRACE ts=20260722-123820] runtime.model.discovered_config_count 6
[TRACE ts=20260722-123820] runtime.model.discovered_weight_count 2
[TRACE ts=20260722-123820] runtime.model.task_count 1
[TRACE ts=20260722-123820] runtime.model.language_count 1
[TRACE ts=20260722-123820] runtime.model.supports_speaker_reference 1
[TRACE ts=20260722-123820] runtime.model.supports_style_condition 1
[TRACE ts=20260722-123820] runtime.model.supports_timestamps 0
ggml_cuda_init: found 1 CUDA devices (Total VRAM: 24111 MiB):
  Device 0: NVIDIA GeForce RTX 4090, compute capability 8.9, VMM: yes, VRAM: 24111 MiB
ggml_backend_cuda_graph_compute: CUDA graph warmup complete
[TIMING ts=20260722-123828] omnivoice.reference.encode_ms 1.507683
[TIMING ts=20260722-123828] omnivoice.encoder.graph.rebuilt 1
[TIMING ts=20260722-123828] omnivoice.session.prompt_ms 4.200402
[TIMING ts=20260722-123828] omnivoice.session.generate_ms 1090.616066
[TIMING ts=20260722-123828] omnivoice.generator.graph.rebuilt 1
[TIMING ts=20260722-123828] omnivoice.generator.graph.rebuild_ms 3.123264
[TIMING ts=20260722-123828] omnivoice.session.decode_ms 38.689489
[TIMING ts=20260722-123828] omnivoice.decoder.graph.rebuilt 1
[TIMING ts=20260722-123828] omnivoice.decoder.graph.rebuild_ms 1.536477
[TIMING ts=20260722-123828] omnivoice.session.postprocess_ms 7.615228
[TIMING ts=20260722-123828] session.wall_ms 1142.86069
family=omnivoice
task=tts
mode=offline
audio_out=./outputs/single_infer/audiocpp_omnivoice_clone_mdwt_bf16_atwt_f32_step44.wav
  Completed at: 12:38:29
  Output: ./outputs/single_infer/audiocpp_omnivoice_clone_mdwt_bf16_atwt_f32_step44.wav

[243/375] weight_type=bf16 | audio_tokenizer_weight_type=f16 | steps=44 -> audiocpp_omnivoice_clone_mdwt_bf16_atwt_f16_step44.wav
  Started at: 12:38:29
[TRACE ts=20260722-123829] runtime.model.family omnivoice
[TRACE ts=20260722-123829] runtime.model.variant omnivoice
[TRACE ts=20260722-123829] runtime.model.root /home/ipt/kawshik/tts-testing/audio.cpp/models/OmniVoice
[TRACE ts=20260722-123829] runtime.model.discovered_config_count 6
[TRACE ts=20260722-123829] runtime.model.discovered_weight_count 2
[TRACE ts=20260722-123829] runtime.model.task_count 1
[TRACE ts=20260722-123829] runtime.model.language_count 1
[TRACE ts=20260722-123829] runtime.model.supports_speaker_reference 1
[TRACE ts=20260722-123829] runtime.model.supports_style_condition 1
[TRACE ts=20260722-123829] runtime.model.supports_timestamps 0
ggml_cuda_init: found 1 CUDA devices (Total VRAM: 24111 MiB):
  Device 0: NVIDIA GeForce RTX 4090, compute capability 8.9, VMM: yes, VRAM: 24111 MiB
ggml_backend_cuda_graph_compute: CUDA graph warmup complete
[TIMING ts=20260722-123838] omnivoice.reference.encode_ms 1.378858
[TIMING ts=20260722-123838] omnivoice.encoder.graph.rebuilt 1
[TIMING ts=20260722-123838] omnivoice.session.prompt_ms 2.978152
[TIMING ts=20260722-123838] omnivoice.session.generate_ms 1099.013045
[TIMING ts=20260722-123838] omnivoice.generator.graph.rebuilt 1
[TIMING ts=20260722-123838] omnivoice.generator.graph.rebuild_ms 2.972393
[TIMING ts=20260722-123838] omnivoice.session.decode_ms 10.446878
[TIMING ts=20260722-123838] omnivoice.decoder.graph.rebuilt 1
[TIMING ts=20260722-123838] omnivoice.decoder.graph.rebuild_ms 2.644053
[TIMING ts=20260722-123838] omnivoice.session.postprocess_ms 6.807037
[TIMING ts=20260722-123838] session.wall_ms 1120.845157
family=omnivoice
task=tts
mode=offline
audio_out=./outputs/single_infer/audiocpp_omnivoice_clone_mdwt_bf16_atwt_f16_step44.wav
  Completed at: 12:38:38
  Output: ./outputs/single_infer/audiocpp_omnivoice_clone_mdwt_bf16_atwt_f16_step44.wav

[244/375] weight_type=bf16 | audio_tokenizer_weight_type=bf16 | steps=44 -> audiocpp_omnivoice_clone_mdwt_bf16_atwt_bf16_step44.wav
  Started at: 12:38:38
[TRACE ts=20260722-123838] runtime.model.family omnivoice
[TRACE ts=20260722-123838] runtime.model.variant omnivoice
[TRACE ts=20260722-123838] runtime.model.root /home/ipt/kawshik/tts-testing/audio.cpp/models/OmniVoice
[TRACE ts=20260722-123838] runtime.model.discovered_config_count 6
[TRACE ts=20260722-123838] runtime.model.discovered_weight_count 2
[TRACE ts=20260722-123838] runtime.model.task_count 1
[TRACE ts=20260722-123838] runtime.model.language_count 1
[TRACE ts=20260722-123838] runtime.model.supports_speaker_reference 1
[TRACE ts=20260722-123838] runtime.model.supports_style_condition 1
[TRACE ts=20260722-123838] runtime.model.supports_timestamps 0
ggml_cuda_init: found 1 CUDA devices (Total VRAM: 24111 MiB):
  Device 0: NVIDIA GeForce RTX 4090, compute capability 8.9, VMM: yes, VRAM: 24111 MiB
ggml_backend_cuda_graph_compute: CUDA graph warmup complete
[TIMING ts=20260722-123846] omnivoice.reference.encode_ms 1.542557
[TIMING ts=20260722-123846] omnivoice.encoder.graph.rebuilt 1
[TIMING ts=20260722-123846] omnivoice.session.prompt_ms 3.420536
[TIMING ts=20260722-123846] omnivoice.session.generate_ms 941.514085
[TIMING ts=20260722-123846] omnivoice.generator.graph.rebuilt 1
[TIMING ts=20260722-123846] omnivoice.generator.graph.rebuild_ms 3.176866
[TIMING ts=20260722-123846] omnivoice.session.decode_ms 9.075968
[TIMING ts=20260722-123846] omnivoice.decoder.graph.rebuilt 1
[TIMING ts=20260722-123846] omnivoice.decoder.graph.rebuild_ms 1.391075
[TIMING ts=20260722-123846] omnivoice.session.postprocess_ms 6.64973
[TIMING ts=20260722-123846] session.wall_ms 962.411924
family=omnivoice
task=tts
mode=offline
audio_out=./outputs/single_infer/audiocpp_omnivoice_clone_mdwt_bf16_atwt_bf16_step44.wav
  Completed at: 12:38:47
  Output: ./outputs/single_infer/audiocpp_omnivoice_clone_mdwt_bf16_atwt_bf16_step44.wav

[245/375] weight_type=bf16 | audio_tokenizer_weight_type=q8_0 | steps=44 -> audiocpp_omnivoice_clone_mdwt_bf16_atwt_q8_0_step44.wav
  Started at: 12:38:47
[TRACE ts=20260722-123847] runtime.model.family omnivoice
[TRACE ts=20260722-123847] runtime.model.variant omnivoice
[TRACE ts=20260722-123847] runtime.model.root /home/ipt/kawshik/tts-testing/audio.cpp/models/OmniVoice
[TRACE ts=20260722-123847] runtime.model.discovered_config_count 6
[TRACE ts=20260722-123847] runtime.model.discovered_weight_count 2
[TRACE ts=20260722-123847] runtime.model.task_count 1
[TRACE ts=20260722-123847] runtime.model.language_count 1
[TRACE ts=20260722-123847] runtime.model.supports_speaker_reference 1
[TRACE ts=20260722-123847] runtime.model.supports_style_condition 1
[TRACE ts=20260722-123847] runtime.model.supports_timestamps 0
ggml_cuda_init: found 1 CUDA devices (Total VRAM: 24111 MiB):
  Device 0: NVIDIA GeForce RTX 4090, compute capability 8.9, VMM: yes, VRAM: 24111 MiB
ggml_backend_cuda_graph_compute: CUDA graph warmup complete
[TIMING ts=20260722-123856] omnivoice.reference.encode_ms 1.36612
[TIMING ts=20260722-123856] omnivoice.encoder.graph.rebuilt 1
[TIMING ts=20260722-123856] omnivoice.session.prompt_ms 3.418121
[TIMING ts=20260722-123856] omnivoice.session.generate_ms 1099.378668
[TIMING ts=20260722-123856] omnivoice.generator.graph.rebuilt 1
[TIMING ts=20260722-123856] omnivoice.generator.graph.rebuild_ms 3.187424
[TIMING ts=20260722-123856] omnivoice.session.decode_ms 42.837628
[TIMING ts=20260722-123856] omnivoice.decoder.graph.rebuilt 1
[TIMING ts=20260722-123856] omnivoice.decoder.graph.rebuild_ms 1.450211
[TIMING ts=20260722-123856] omnivoice.session.postprocess_ms 7.097129
[TIMING ts=20260722-123856] session.wall_ms 1154.354628
family=omnivoice
task=tts
mode=offline
audio_out=./outputs/single_infer/audiocpp_omnivoice_clone_mdwt_bf16_atwt_q8_0_step44.wav
  Completed at: 12:38:56
  Output: ./outputs/single_infer/audiocpp_omnivoice_clone_mdwt_bf16_atwt_q8_0_step44.wav

[246/375] weight_type=q8_0 | audio_tokenizer_weight_type=native | steps=44 -> audiocpp_omnivoice_clone_mdwt_q8_0_atwt_native_step44.wav
  Started at: 12:38:56
[TRACE ts=20260722-123856] runtime.model.family omnivoice
[TRACE ts=20260722-123856] runtime.model.variant omnivoice
[TRACE ts=20260722-123856] runtime.model.root /home/ipt/kawshik/tts-testing/audio.cpp/models/OmniVoice
[TRACE ts=20260722-123856] runtime.model.discovered_config_count 6
[TRACE ts=20260722-123856] runtime.model.discovered_weight_count 2
[TRACE ts=20260722-123856] runtime.model.task_count 1
[TRACE ts=20260722-123856] runtime.model.language_count 1
[TRACE ts=20260722-123856] runtime.model.supports_speaker_reference 1
[TRACE ts=20260722-123856] runtime.model.supports_style_condition 1
[TRACE ts=20260722-123856] runtime.model.supports_timestamps 0
ggml_cuda_init: found 1 CUDA devices (Total VRAM: 24111 MiB):
  Device 0: NVIDIA GeForce RTX 4090, compute capability 8.9, VMM: yes, VRAM: 24111 MiB
ggml_backend_cuda_graph_compute: CUDA graph warmup complete
[TIMING ts=20260722-123906] omnivoice.reference.encode_ms 1.694285
[TIMING ts=20260722-123906] omnivoice.encoder.graph.rebuilt 1
[TIMING ts=20260722-123906] omnivoice.session.prompt_ms 3.551876
[TIMING ts=20260722-123906] omnivoice.session.generate_ms 998.581029
[TIMING ts=20260722-123906] omnivoice.generator.graph.rebuilt 1
[TIMING ts=20260722-123906] omnivoice.generator.graph.rebuild_ms 3.439798
[TIMING ts=20260722-123906] omnivoice.session.decode_ms 39.242203
[TIMING ts=20260722-123906] omnivoice.decoder.graph.rebuilt 1
[TIMING ts=20260722-123906] omnivoice.decoder.graph.rebuild_ms 1.56674
[TIMING ts=20260722-123906] omnivoice.session.postprocess_ms 8.550908
[TIMING ts=20260722-123906] session.wall_ms 1052.684728
family=omnivoice
task=tts
mode=offline
audio_out=./outputs/single_infer/audiocpp_omnivoice_clone_mdwt_q8_0_atwt_native_step44.wav
  Completed at: 12:39:06
  Output: ./outputs/single_infer/audiocpp_omnivoice_clone_mdwt_q8_0_atwt_native_step44.wav

[247/375] weight_type=q8_0 | audio_tokenizer_weight_type=f32 | steps=44 -> audiocpp_omnivoice_clone_mdwt_q8_0_atwt_f32_step44.wav
  Started at: 12:39:06
[TRACE ts=20260722-123906] runtime.model.family omnivoice
[TRACE ts=20260722-123906] runtime.model.variant omnivoice
[TRACE ts=20260722-123906] runtime.model.root /home/ipt/kawshik/tts-testing/audio.cpp/models/OmniVoice
[TRACE ts=20260722-123906] runtime.model.discovered_config_count 6
[TRACE ts=20260722-123906] runtime.model.discovered_weight_count 2
[TRACE ts=20260722-123906] runtime.model.task_count 1
[TRACE ts=20260722-123906] runtime.model.language_count 1
[TRACE ts=20260722-123906] runtime.model.supports_speaker_reference 1
[TRACE ts=20260722-123906] runtime.model.supports_style_condition 1
[TRACE ts=20260722-123906] runtime.model.supports_timestamps 0
ggml_cuda_init: found 1 CUDA devices (Total VRAM: 24111 MiB):
  Device 0: NVIDIA GeForce RTX 4090, compute capability 8.9, VMM: yes, VRAM: 24111 MiB
ggml_backend_cuda_graph_compute: CUDA graph warmup complete
[TIMING ts=20260722-123917] omnivoice.reference.encode_ms 1.505607
[TIMING ts=20260722-123917] omnivoice.encoder.graph.rebuilt 1
[TIMING ts=20260722-123917] omnivoice.session.prompt_ms 2.573377
[TIMING ts=20260722-123917] omnivoice.session.generate_ms 989.854092
[TIMING ts=20260722-123917] omnivoice.generator.graph.rebuilt 1
[TIMING ts=20260722-123917] omnivoice.generator.graph.rebuild_ms 2.979664
[TIMING ts=20260722-123917] omnivoice.session.decode_ms 34.88182
[TIMING ts=20260722-123917] omnivoice.decoder.graph.rebuilt 1
[TIMING ts=20260722-123917] omnivoice.decoder.graph.rebuild_ms 1.552214
[TIMING ts=20260722-123917] omnivoice.session.postprocess_ms 7.095312
[TIMING ts=20260722-123917] session.wall_ms 1036.119893
family=omnivoice
task=tts
mode=offline
audio_out=./outputs/single_infer/audiocpp_omnivoice_clone_mdwt_q8_0_atwt_f32_step44.wav
  Completed at: 12:39:17
  Output: ./outputs/single_infer/audiocpp_omnivoice_clone_mdwt_q8_0_atwt_f32_step44.wav

[248/375] weight_type=q8_0 | audio_tokenizer_weight_type=f16 | steps=44 -> audiocpp_omnivoice_clone_mdwt_q8_0_atwt_f16_step44.wav
  Started at: 12:39:17
[TRACE ts=20260722-123917] runtime.model.family omnivoice
[TRACE ts=20260722-123917] runtime.model.variant omnivoice
[TRACE ts=20260722-123917] runtime.model.root /home/ipt/kawshik/tts-testing/audio.cpp/models/OmniVoice
[TRACE ts=20260722-123917] runtime.model.discovered_config_count 6
[TRACE ts=20260722-123917] runtime.model.discovered_weight_count 2
[TRACE ts=20260722-123917] runtime.model.task_count 1
[TRACE ts=20260722-123917] runtime.model.language_count 1
[TRACE ts=20260722-123917] runtime.model.supports_speaker_reference 1
[TRACE ts=20260722-123917] runtime.model.supports_style_condition 1
[TRACE ts=20260722-123917] runtime.model.supports_timestamps 0
ggml_cuda_init: found 1 CUDA devices (Total VRAM: 24111 MiB):
  Device 0: NVIDIA GeForce RTX 4090, compute capability 8.9, VMM: yes, VRAM: 24111 MiB
ggml_backend_cuda_graph_compute: CUDA graph warmup complete
[TIMING ts=20260722-123928] omnivoice.reference.encode_ms 1.390315
[TIMING ts=20260722-123928] omnivoice.encoder.graph.rebuilt 1
[TIMING ts=20260722-123928] omnivoice.session.prompt_ms 2.875713
[TIMING ts=20260722-123928] omnivoice.session.generate_ms 935.632798
[TIMING ts=20260722-123928] omnivoice.generator.graph.rebuilt 1
[TIMING ts=20260722-123928] omnivoice.generator.graph.rebuild_ms 3.028237
[TIMING ts=20260722-123928] omnivoice.session.decode_ms 9.399324
[TIMING ts=20260722-123928] omnivoice.decoder.graph.rebuilt 1
[TIMING ts=20260722-123928] omnivoice.decoder.graph.rebuild_ms 1.455018
[TIMING ts=20260722-123928] omnivoice.session.postprocess_ms 7.112713
[TIMING ts=20260722-123928] session.wall_ms 956.660534
family=omnivoice
task=tts
mode=offline
audio_out=./outputs/single_infer/audiocpp_omnivoice_clone_mdwt_q8_0_atwt_f16_step44.wav
  Completed at: 12:39:28
  Output: ./outputs/single_infer/audiocpp_omnivoice_clone_mdwt_q8_0_atwt_f16_step44.wav

[249/375] weight_type=q8_0 | audio_tokenizer_weight_type=bf16 | steps=44 -> audiocpp_omnivoice_clone_mdwt_q8_0_atwt_bf16_step44.wav
  Started at: 12:39:28
[TRACE ts=20260722-123928] runtime.model.family omnivoice
[TRACE ts=20260722-123928] runtime.model.variant omnivoice
[TRACE ts=20260722-123928] runtime.model.root /home/ipt/kawshik/tts-testing/audio.cpp/models/OmniVoice
[TRACE ts=20260722-123928] runtime.model.discovered_config_count 6
[TRACE ts=20260722-123928] runtime.model.discovered_weight_count 2
[TRACE ts=20260722-123928] runtime.model.task_count 1
[TRACE ts=20260722-123928] runtime.model.language_count 1
[TRACE ts=20260722-123928] runtime.model.supports_speaker_reference 1
[TRACE ts=20260722-123928] runtime.model.supports_style_condition 1
[TRACE ts=20260722-123928] runtime.model.supports_timestamps 0
ggml_cuda_init: found 1 CUDA devices (Total VRAM: 24111 MiB):
  Device 0: NVIDIA GeForce RTX 4090, compute capability 8.9, VMM: yes, VRAM: 24111 MiB
ggml_backend_cuda_graph_compute: CUDA graph warmup complete
[TIMING ts=20260722-123939] omnivoice.reference.encode_ms 1.399017
[TIMING ts=20260722-123939] omnivoice.encoder.graph.rebuilt 1
[TIMING ts=20260722-123939] omnivoice.session.prompt_ms 3.447831
[TIMING ts=20260722-123939] omnivoice.session.generate_ms 927.803679
[TIMING ts=20260722-123939] omnivoice.generator.graph.rebuilt 1
[TIMING ts=20260722-123939] omnivoice.generator.graph.rebuild_ms 3.139108
[TIMING ts=20260722-123939] omnivoice.session.decode_ms 9.990008
[TIMING ts=20260722-123939] omnivoice.decoder.graph.rebuilt 1
[TIMING ts=20260722-123939] omnivoice.decoder.graph.rebuild_ms 1.634725
[TIMING ts=20260722-123939] omnivoice.session.postprocess_ms 7.190481
[TIMING ts=20260722-123939] session.wall_ms 950.08304
family=omnivoice
task=tts
mode=offline
audio_out=./outputs/single_infer/audiocpp_omnivoice_clone_mdwt_q8_0_atwt_bf16_step44.wav
  Completed at: 12:39:40
  Output: ./outputs/single_infer/audiocpp_omnivoice_clone_mdwt_q8_0_atwt_bf16_step44.wav

[250/375] weight_type=q8_0 | audio_tokenizer_weight_type=q8_0 | steps=44 -> audiocpp_omnivoice_clone_mdwt_q8_0_atwt_q8_0_step44.wav
  Started at: 12:39:40
[TRACE ts=20260722-123940] runtime.model.family omnivoice
[TRACE ts=20260722-123940] runtime.model.variant omnivoice
[TRACE ts=20260722-123940] runtime.model.root /home/ipt/kawshik/tts-testing/audio.cpp/models/OmniVoice
[TRACE ts=20260722-123940] runtime.model.discovered_config_count 6
[TRACE ts=20260722-123940] runtime.model.discovered_weight_count 2
[TRACE ts=20260722-123940] runtime.model.task_count 1
[TRACE ts=20260722-123940] runtime.model.language_count 1
[TRACE ts=20260722-123940] runtime.model.supports_speaker_reference 1
[TRACE ts=20260722-123940] runtime.model.supports_style_condition 1
[TRACE ts=20260722-123940] runtime.model.supports_timestamps 0
ggml_cuda_init: found 1 CUDA devices (Total VRAM: 24111 MiB):
  Device 0: NVIDIA GeForce RTX 4090, compute capability 8.9, VMM: yes, VRAM: 24111 MiB
ggml_backend_cuda_graph_compute: CUDA graph warmup complete
[TIMING ts=20260722-123951] omnivoice.reference.encode_ms 1.334389
[TIMING ts=20260722-123951] omnivoice.encoder.graph.rebuilt 1
[TIMING ts=20260722-123951] omnivoice.session.prompt_ms 3.368052
[TIMING ts=20260722-123951] omnivoice.session.generate_ms 931.299991
[TIMING ts=20260722-123951] omnivoice.generator.graph.rebuilt 1
[TIMING ts=20260722-123951] omnivoice.generator.graph.rebuild_ms 3.274958
[TIMING ts=20260722-123951] omnivoice.session.decode_ms 44.284142
[TIMING ts=20260722-123951] omnivoice.decoder.graph.rebuilt 1
[TIMING ts=20260722-123951] omnivoice.decoder.graph.rebuild_ms 1.449376
[TIMING ts=20260722-123951] omnivoice.session.postprocess_ms 7.75632
[TIMING ts=20260722-123951] session.wall_ms 988.256116
family=omnivoice
task=tts
mode=offline
audio_out=./outputs/single_infer/audiocpp_omnivoice_clone_mdwt_q8_0_atwt_q8_0_step44.wav
  Completed at: 12:39:52
  Output: ./outputs/single_infer/audiocpp_omnivoice_clone_mdwt_q8_0_atwt_q8_0_step44.wav

[251/375] weight_type=native | audio_tokenizer_weight_type=native | steps=48 -> audiocpp_omnivoice_clone_mdwt_native_atwt_native_step48.wav
  Started at: 12:39:52
[TRACE ts=20260722-123952] runtime.model.family omnivoice
[TRACE ts=20260722-123952] runtime.model.variant omnivoice
[TRACE ts=20260722-123952] runtime.model.root /home/ipt/kawshik/tts-testing/audio.cpp/models/OmniVoice
[TRACE ts=20260722-123952] runtime.model.discovered_config_count 6
[TRACE ts=20260722-123952] runtime.model.discovered_weight_count 2
[TRACE ts=20260722-123952] runtime.model.task_count 1
[TRACE ts=20260722-123952] runtime.model.language_count 1
[TRACE ts=20260722-123952] runtime.model.supports_speaker_reference 1
[TRACE ts=20260722-123952] runtime.model.supports_style_condition 1
[TRACE ts=20260722-123952] runtime.model.supports_timestamps 0
ggml_cuda_init: found 1 CUDA devices (Total VRAM: 24111 MiB):
  Device 0: NVIDIA GeForce RTX 4090, compute capability 8.9, VMM: yes, VRAM: 24111 MiB
ggml_backend_cuda_graph_compute: CUDA graph warmup complete
[TIMING ts=20260722-123956] omnivoice.reference.encode_ms 1.761493
[TIMING ts=20260722-123956] omnivoice.encoder.graph.rebuilt 1
[TIMING ts=20260722-123956] omnivoice.session.prompt_ms 5.479752
[TIMING ts=20260722-123956] omnivoice.session.generate_ms 1274.579374
[TIMING ts=20260722-123956] omnivoice.generator.graph.rebuilt 1
[TIMING ts=20260722-123956] omnivoice.generator.graph.rebuild_ms 2.954085
[TIMING ts=20260722-123956] omnivoice.session.decode_ms 45.181212
[TIMING ts=20260722-123956] omnivoice.decoder.graph.rebuilt 1
[TIMING ts=20260722-123956] omnivoice.decoder.graph.rebuild_ms 1.587652
[TIMING ts=20260722-123956] omnivoice.session.postprocess_ms 13.158148
[TIMING ts=20260722-123956] session.wall_ms 1340.418678
family=omnivoice
task=tts
mode=offline
audio_out=./outputs/single_infer/audiocpp_omnivoice_clone_mdwt_native_atwt_native_step48.wav
  Completed at: 12:39:57
  Output: ./outputs/single_infer/audiocpp_omnivoice_clone_mdwt_native_atwt_native_step48.wav

[252/375] weight_type=native | audio_tokenizer_weight_type=f32 | steps=48 -> audiocpp_omnivoice_clone_mdwt_native_atwt_f32_step48.wav
  Started at: 12:39:57
[TRACE ts=20260722-123957] runtime.model.family omnivoice
[TRACE ts=20260722-123957] runtime.model.variant omnivoice
[TRACE ts=20260722-123957] runtime.model.root /home/ipt/kawshik/tts-testing/audio.cpp/models/OmniVoice
[TRACE ts=20260722-123957] runtime.model.discovered_config_count 6
[TRACE ts=20260722-123957] runtime.model.discovered_weight_count 2
[TRACE ts=20260722-123957] runtime.model.task_count 1
[TRACE ts=20260722-123957] runtime.model.language_count 1
[TRACE ts=20260722-123957] runtime.model.supports_speaker_reference 1
[TRACE ts=20260722-123957] runtime.model.supports_style_condition 1
[TRACE ts=20260722-123957] runtime.model.supports_timestamps 0
ggml_cuda_init: found 1 CUDA devices (Total VRAM: 24111 MiB):
  Device 0: NVIDIA GeForce RTX 4090, compute capability 8.9, VMM: yes, VRAM: 24111 MiB
ggml_backend_cuda_graph_compute: CUDA graph warmup complete
[TIMING ts=20260722-124001] omnivoice.reference.encode_ms 1.718933
[TIMING ts=20260722-124001] omnivoice.encoder.graph.rebuilt 1
[TIMING ts=20260722-124001] omnivoice.session.prompt_ms 5.116909
[TIMING ts=20260722-124001] omnivoice.session.generate_ms 1280.133728
[TIMING ts=20260722-124001] omnivoice.generator.graph.rebuilt 1
[TIMING ts=20260722-124001] omnivoice.generator.graph.rebuild_ms 3.064117
[TIMING ts=20260722-124001] omnivoice.session.decode_ms 41.296843
[TIMING ts=20260722-124001] omnivoice.decoder.graph.rebuilt 1
[TIMING ts=20260722-124001] omnivoice.decoder.graph.rebuild_ms 1.684538
[TIMING ts=20260722-124001] omnivoice.session.postprocess_ms 7.422705
[TIMING ts=20260722-124001] session.wall_ms 1335.995945
family=omnivoice
task=tts
mode=offline
audio_out=./outputs/single_infer/audiocpp_omnivoice_clone_mdwt_native_atwt_f32_step48.wav
  Completed at: 12:40:02
  Output: ./outputs/single_infer/audiocpp_omnivoice_clone_mdwt_native_atwt_f32_step48.wav

[253/375] weight_type=native | audio_tokenizer_weight_type=f16 | steps=48 -> audiocpp_omnivoice_clone_mdwt_native_atwt_f16_step48.wav
  Started at: 12:40:02
[TRACE ts=20260722-124002] runtime.model.family omnivoice
[TRACE ts=20260722-124002] runtime.model.variant omnivoice
[TRACE ts=20260722-124002] runtime.model.root /home/ipt/kawshik/tts-testing/audio.cpp/models/OmniVoice
[TRACE ts=20260722-124002] runtime.model.discovered_config_count 6
[TRACE ts=20260722-124002] runtime.model.discovered_weight_count 2
[TRACE ts=20260722-124002] runtime.model.task_count 1
[TRACE ts=20260722-124002] runtime.model.language_count 1
[TRACE ts=20260722-124002] runtime.model.supports_speaker_reference 1
[TRACE ts=20260722-124002] runtime.model.supports_style_condition 1
[TRACE ts=20260722-124002] runtime.model.supports_timestamps 0
ggml_cuda_init: found 1 CUDA devices (Total VRAM: 24111 MiB):
  Device 0: NVIDIA GeForce RTX 4090, compute capability 8.9, VMM: yes, VRAM: 24111 MiB
ggml_backend_cuda_graph_compute: CUDA graph warmup complete
[TIMING ts=20260722-124007] omnivoice.reference.encode_ms 1.519711
[TIMING ts=20260722-124007] omnivoice.encoder.graph.rebuilt 1
[TIMING ts=20260722-124007] omnivoice.session.prompt_ms 2.488664
[TIMING ts=20260722-124007] omnivoice.session.generate_ms 1261.378721
[TIMING ts=20260722-124007] omnivoice.generator.graph.rebuilt 1
[TIMING ts=20260722-124007] omnivoice.generator.graph.rebuild_ms 3.273578
[TIMING ts=20260722-124007] omnivoice.session.decode_ms 9.002594
[TIMING ts=20260722-124007] omnivoice.decoder.graph.rebuilt 1
[TIMING ts=20260722-124007] omnivoice.decoder.graph.rebuild_ms 1.483822
[TIMING ts=20260722-124007] omnivoice.session.postprocess_ms 6.529657
[TIMING ts=20260722-124007] session.wall_ms 1281.137421
family=omnivoice
task=tts
mode=offline
audio_out=./outputs/single_infer/audiocpp_omnivoice_clone_mdwt_native_atwt_f16_step48.wav
  Completed at: 12:40:07
  Output: ./outputs/single_infer/audiocpp_omnivoice_clone_mdwt_native_atwt_f16_step48.wav

[254/375] weight_type=native | audio_tokenizer_weight_type=bf16 | steps=48 -> audiocpp_omnivoice_clone_mdwt_native_atwt_bf16_step48.wav
  Started at: 12:40:07
[TRACE ts=20260722-124007] runtime.model.family omnivoice
[TRACE ts=20260722-124007] runtime.model.variant omnivoice
[TRACE ts=20260722-124007] runtime.model.root /home/ipt/kawshik/tts-testing/audio.cpp/models/OmniVoice
[TRACE ts=20260722-124007] runtime.model.discovered_config_count 6
[TRACE ts=20260722-124007] runtime.model.discovered_weight_count 2
[TRACE ts=20260722-124007] runtime.model.task_count 1
[TRACE ts=20260722-124007] runtime.model.language_count 1
[TRACE ts=20260722-124007] runtime.model.supports_speaker_reference 1
[TRACE ts=20260722-124007] runtime.model.supports_style_condition 1
[TRACE ts=20260722-124007] runtime.model.supports_timestamps 0
ggml_cuda_init: found 1 CUDA devices (Total VRAM: 24111 MiB):
  Device 0: NVIDIA GeForce RTX 4090, compute capability 8.9, VMM: yes, VRAM: 24111 MiB
ggml_backend_cuda_graph_compute: CUDA graph warmup complete
[TIMING ts=20260722-124012] omnivoice.reference.encode_ms 1.704479
[TIMING ts=20260722-124012] omnivoice.encoder.graph.rebuilt 1
[TIMING ts=20260722-124012] omnivoice.session.prompt_ms 4.048518
[TIMING ts=20260722-124012] omnivoice.session.generate_ms 1267.597383
[TIMING ts=20260722-124012] omnivoice.generator.graph.rebuilt 1
[TIMING ts=20260722-124012] omnivoice.generator.graph.rebuild_ms 3.625791
[TIMING ts=20260722-124012] omnivoice.session.decode_ms 9.079425
[TIMING ts=20260722-124012] omnivoice.decoder.graph.rebuilt 1
[TIMING ts=20260722-124012] omnivoice.decoder.graph.rebuild_ms 1.389183
[TIMING ts=20260722-124012] omnivoice.session.postprocess_ms 7.203912
[TIMING ts=20260722-124012] session.wall_ms 1289.895087
family=omnivoice
task=tts
mode=offline
audio_out=./outputs/single_infer/audiocpp_omnivoice_clone_mdwt_native_atwt_bf16_step48.wav
  Completed at: 12:40:12
  Output: ./outputs/single_infer/audiocpp_omnivoice_clone_mdwt_native_atwt_bf16_step48.wav

[255/375] weight_type=native | audio_tokenizer_weight_type=q8_0 | steps=48 -> audiocpp_omnivoice_clone_mdwt_native_atwt_q8_0_step48.wav
  Started at: 12:40:12
[TRACE ts=20260722-124012] runtime.model.family omnivoice
[TRACE ts=20260722-124012] runtime.model.variant omnivoice
[TRACE ts=20260722-124012] runtime.model.root /home/ipt/kawshik/tts-testing/audio.cpp/models/OmniVoice
[TRACE ts=20260722-124012] runtime.model.discovered_config_count 6
[TRACE ts=20260722-124012] runtime.model.discovered_weight_count 2
[TRACE ts=20260722-124012] runtime.model.task_count 1
[TRACE ts=20260722-124012] runtime.model.language_count 1
[TRACE ts=20260722-124012] runtime.model.supports_speaker_reference 1
[TRACE ts=20260722-124012] runtime.model.supports_style_condition 1
[TRACE ts=20260722-124012] runtime.model.supports_timestamps 0
ggml_cuda_init: found 1 CUDA devices (Total VRAM: 24111 MiB):
  Device 0: NVIDIA GeForce RTX 4090, compute capability 8.9, VMM: yes, VRAM: 24111 MiB
ggml_backend_cuda_graph_compute: CUDA graph warmup complete
[TIMING ts=20260722-124018] omnivoice.reference.encode_ms 1.416977
[TIMING ts=20260722-124018] omnivoice.encoder.graph.rebuilt 1
[TIMING ts=20260722-124018] omnivoice.session.prompt_ms 3.313355
[TIMING ts=20260722-124018] omnivoice.session.generate_ms 1266.431254
[TIMING ts=20260722-124018] omnivoice.generator.graph.rebuilt 1
[TIMING ts=20260722-124018] omnivoice.generator.graph.rebuild_ms 3.090848
[TIMING ts=20260722-124018] omnivoice.session.decode_ms 50.032063
[TIMING ts=20260722-124018] omnivoice.decoder.graph.rebuilt 1
[TIMING ts=20260722-124018] omnivoice.decoder.graph.rebuild_ms 1.631279
[TIMING ts=20260722-124018] omnivoice.session.postprocess_ms 8.874135
[TIMING ts=20260722-124018] session.wall_ms 1330.279468
family=omnivoice
task=tts
mode=offline
audio_out=./outputs/single_infer/audiocpp_omnivoice_clone_mdwt_native_atwt_q8_0_step48.wav
  Completed at: 12:40:18
  Output: ./outputs/single_infer/audiocpp_omnivoice_clone_mdwt_native_atwt_q8_0_step48.wav

[256/375] weight_type=f32 | audio_tokenizer_weight_type=native | steps=48 -> audiocpp_omnivoice_clone_mdwt_f32_atwt_native_step48.wav
  Started at: 12:40:18
[TRACE ts=20260722-124018] runtime.model.family omnivoice
[TRACE ts=20260722-124018] runtime.model.variant omnivoice
[TRACE ts=20260722-124018] runtime.model.root /home/ipt/kawshik/tts-testing/audio.cpp/models/OmniVoice
[TRACE ts=20260722-124018] runtime.model.discovered_config_count 6
[TRACE ts=20260722-124018] runtime.model.discovered_weight_count 2
[TRACE ts=20260722-124018] runtime.model.task_count 1
[TRACE ts=20260722-124018] runtime.model.language_count 1
[TRACE ts=20260722-124018] runtime.model.supports_speaker_reference 1
[TRACE ts=20260722-124018] runtime.model.supports_style_condition 1
[TRACE ts=20260722-124018] runtime.model.supports_timestamps 0
ggml_cuda_init: found 1 CUDA devices (Total VRAM: 24111 MiB):
  Device 0: NVIDIA GeForce RTX 4090, compute capability 8.9, VMM: yes, VRAM: 24111 MiB
ggml_backend_cuda_graph_compute: CUDA graph warmup complete
[TIMING ts=20260722-124022] omnivoice.reference.encode_ms 1.737707
[TIMING ts=20260722-124022] omnivoice.encoder.graph.rebuilt 1
[TIMING ts=20260722-124022] omnivoice.session.prompt_ms 2.867236
[TIMING ts=20260722-124022] omnivoice.session.generate_ms 1275.079786
[TIMING ts=20260722-124022] omnivoice.generator.graph.rebuilt 1
[TIMING ts=20260722-124022] omnivoice.generator.graph.rebuild_ms 2.977446
[TIMING ts=20260722-124022] omnivoice.session.decode_ms 46.569958
[TIMING ts=20260722-124022] omnivoice.decoder.graph.rebuilt 1
[TIMING ts=20260722-124022] omnivoice.decoder.graph.rebuild_ms 1.786694
[TIMING ts=20260722-124022] omnivoice.session.postprocess_ms 8.532923
[TIMING ts=20260722-124022] session.wall_ms 1335.043043
family=omnivoice
task=tts
mode=offline
audio_out=./outputs/single_infer/audiocpp_omnivoice_clone_mdwt_f32_atwt_native_step48.wav
  Completed at: 12:40:23
  Output: ./outputs/single_infer/audiocpp_omnivoice_clone_mdwt_f32_atwt_native_step48.wav

[257/375] weight_type=f32 | audio_tokenizer_weight_type=f32 | steps=48 -> audiocpp_omnivoice_clone_mdwt_f32_atwt_f32_step48.wav
  Started at: 12:40:23
[TRACE ts=20260722-124023] runtime.model.family omnivoice
[TRACE ts=20260722-124023] runtime.model.variant omnivoice
[TRACE ts=20260722-124023] runtime.model.root /home/ipt/kawshik/tts-testing/audio.cpp/models/OmniVoice
[TRACE ts=20260722-124023] runtime.model.discovered_config_count 6
[TRACE ts=20260722-124023] runtime.model.discovered_weight_count 2
[TRACE ts=20260722-124023] runtime.model.task_count 1
[TRACE ts=20260722-124023] runtime.model.language_count 1
[TRACE ts=20260722-124023] runtime.model.supports_speaker_reference 1
[TRACE ts=20260722-124023] runtime.model.supports_style_condition 1
[TRACE ts=20260722-124023] runtime.model.supports_timestamps 0
ggml_cuda_init: found 1 CUDA devices (Total VRAM: 24111 MiB):
  Device 0: NVIDIA GeForce RTX 4090, compute capability 8.9, VMM: yes, VRAM: 24111 MiB
ggml_backend_cuda_graph_compute: CUDA graph warmup complete
[TIMING ts=20260722-124027] omnivoice.reference.encode_ms 1.694387
[TIMING ts=20260722-124027] omnivoice.encoder.graph.rebuilt 1
[TIMING ts=20260722-124027] omnivoice.session.prompt_ms 2.925106
[TIMING ts=20260722-124027] omnivoice.session.generate_ms 1264.665636
[TIMING ts=20260722-124027] omnivoice.generator.graph.rebuilt 1
[TIMING ts=20260722-124027] omnivoice.generator.graph.rebuild_ms 3.025361
[TIMING ts=20260722-124027] omnivoice.session.decode_ms 51.209335
[TIMING ts=20260722-124027] omnivoice.decoder.graph.rebuilt 1
[TIMING ts=20260722-124027] omnivoice.decoder.graph.rebuild_ms 3.010648
[TIMING ts=20260722-124027] omnivoice.session.postprocess_ms 8.48445
[TIMING ts=20260722-124027] session.wall_ms 1329.232345
family=omnivoice
task=tts
mode=offline
audio_out=./outputs/single_infer/audiocpp_omnivoice_clone_mdwt_f32_atwt_f32_step48.wav
  Completed at: 12:40:27
  Output: ./outputs/single_infer/audiocpp_omnivoice_clone_mdwt_f32_atwt_f32_step48.wav

[258/375] weight_type=f32 | audio_tokenizer_weight_type=f16 | steps=48 -> audiocpp_omnivoice_clone_mdwt_f32_atwt_f16_step48.wav
  Started at: 12:40:27
[TRACE ts=20260722-124027] runtime.model.family omnivoice
[TRACE ts=20260722-124027] runtime.model.variant omnivoice
[TRACE ts=20260722-124027] runtime.model.root /home/ipt/kawshik/tts-testing/audio.cpp/models/OmniVoice
[TRACE ts=20260722-124027] runtime.model.discovered_config_count 6
[TRACE ts=20260722-124027] runtime.model.discovered_weight_count 2
[TRACE ts=20260722-124027] runtime.model.task_count 1
[TRACE ts=20260722-124027] runtime.model.language_count 1
[TRACE ts=20260722-124027] runtime.model.supports_speaker_reference 1
[TRACE ts=20260722-124027] runtime.model.supports_style_condition 1
[TRACE ts=20260722-124027] runtime.model.supports_timestamps 0
ggml_cuda_init: found 1 CUDA devices (Total VRAM: 24111 MiB):
  Device 0: NVIDIA GeForce RTX 4090, compute capability 8.9, VMM: yes, VRAM: 24111 MiB
ggml_backend_cuda_graph_compute: CUDA graph warmup complete
[TIMING ts=20260722-124033] omnivoice.reference.encode_ms 1.69412
[TIMING ts=20260722-124033] omnivoice.encoder.graph.rebuilt 1
[TIMING ts=20260722-124033] omnivoice.session.prompt_ms 5.424886
[TIMING ts=20260722-124033] omnivoice.session.generate_ms 1275.402678
[TIMING ts=20260722-124033] omnivoice.generator.graph.rebuilt 1
[TIMING ts=20260722-124033] omnivoice.generator.graph.rebuild_ms 3.753678
[TIMING ts=20260722-124033] omnivoice.session.decode_ms 9.382918
[TIMING ts=20260722-124033] omnivoice.decoder.graph.rebuilt 1
[TIMING ts=20260722-124033] omnivoice.decoder.graph.rebuild_ms 1.452195
[TIMING ts=20260722-124033] omnivoice.session.postprocess_ms 6.981048
[TIMING ts=20260722-124033] session.wall_ms 1299.14621
family=omnivoice
task=tts
mode=offline
audio_out=./outputs/single_infer/audiocpp_omnivoice_clone_mdwt_f32_atwt_f16_step48.wav
  Completed at: 12:40:33
  Output: ./outputs/single_infer/audiocpp_omnivoice_clone_mdwt_f32_atwt_f16_step48.wav

[259/375] weight_type=f32 | audio_tokenizer_weight_type=bf16 | steps=48 -> audiocpp_omnivoice_clone_mdwt_f32_atwt_bf16_step48.wav
  Started at: 12:40:33
[TRACE ts=20260722-124033] runtime.model.family omnivoice
[TRACE ts=20260722-124033] runtime.model.variant omnivoice
[TRACE ts=20260722-124033] runtime.model.root /home/ipt/kawshik/tts-testing/audio.cpp/models/OmniVoice
[TRACE ts=20260722-124033] runtime.model.discovered_config_count 6
[TRACE ts=20260722-124033] runtime.model.discovered_weight_count 2
[TRACE ts=20260722-124033] runtime.model.task_count 1
[TRACE ts=20260722-124033] runtime.model.language_count 1
[TRACE ts=20260722-124033] runtime.model.supports_speaker_reference 1
[TRACE ts=20260722-124033] runtime.model.supports_style_condition 1
[TRACE ts=20260722-124033] runtime.model.supports_timestamps 0
ggml_cuda_init: found 1 CUDA devices (Total VRAM: 24111 MiB):
  Device 0: NVIDIA GeForce RTX 4090, compute capability 8.9, VMM: yes, VRAM: 24111 MiB
ggml_backend_cuda_graph_compute: CUDA graph warmup complete
[TIMING ts=20260722-124038] omnivoice.reference.encode_ms 1.645993
[TIMING ts=20260722-124038] omnivoice.encoder.graph.rebuilt 1
[TIMING ts=20260722-124038] omnivoice.session.prompt_ms 3.607615
[TIMING ts=20260722-124038] omnivoice.session.generate_ms 1267.930931
[TIMING ts=20260722-124038] omnivoice.generator.graph.rebuilt 1
[TIMING ts=20260722-124038] omnivoice.generator.graph.rebuild_ms 3.598122
[TIMING ts=20260722-124038] omnivoice.session.decode_ms 9.400451
[TIMING ts=20260722-124038] omnivoice.decoder.graph.rebuilt 1
[TIMING ts=20260722-124038] omnivoice.decoder.graph.rebuild_ms 1.544004
[TIMING ts=20260722-124038] omnivoice.session.postprocess_ms 6.746803
[TIMING ts=20260722-124038] session.wall_ms 1290.368961
family=omnivoice
task=tts
mode=offline
audio_out=./outputs/single_infer/audiocpp_omnivoice_clone_mdwt_f32_atwt_bf16_step48.wav
  Completed at: 12:40:38
  Output: ./outputs/single_infer/audiocpp_omnivoice_clone_mdwt_f32_atwt_bf16_step48.wav

[260/375] weight_type=f32 | audio_tokenizer_weight_type=q8_0 | steps=48 -> audiocpp_omnivoice_clone_mdwt_f32_atwt_q8_0_step48.wav
  Started at: 12:40:38
[TRACE ts=20260722-124038] runtime.model.family omnivoice
[TRACE ts=20260722-124038] runtime.model.variant omnivoice
[TRACE ts=20260722-124038] runtime.model.root /home/ipt/kawshik/tts-testing/audio.cpp/models/OmniVoice
[TRACE ts=20260722-124038] runtime.model.discovered_config_count 6
[TRACE ts=20260722-124038] runtime.model.discovered_weight_count 2
[TRACE ts=20260722-124038] runtime.model.task_count 1
[TRACE ts=20260722-124038] runtime.model.language_count 1
[TRACE ts=20260722-124038] runtime.model.supports_speaker_reference 1
[TRACE ts=20260722-124038] runtime.model.supports_style_condition 1
[TRACE ts=20260722-124038] runtime.model.supports_timestamps 0
ggml_cuda_init: found 1 CUDA devices (Total VRAM: 24111 MiB):
  Device 0: NVIDIA GeForce RTX 4090, compute capability 8.9, VMM: yes, VRAM: 24111 MiB
ggml_backend_cuda_graph_compute: CUDA graph warmup complete
[TIMING ts=20260722-124044] omnivoice.reference.encode_ms 1.729027
[TIMING ts=20260722-124044] omnivoice.encoder.graph.rebuilt 1
[TIMING ts=20260722-124044] omnivoice.session.prompt_ms 4.058574
[TIMING ts=20260722-124044] omnivoice.session.generate_ms 1279.882796
[TIMING ts=20260722-124044] omnivoice.generator.graph.rebuilt 1
[TIMING ts=20260722-124044] omnivoice.generator.graph.rebuild_ms 3.650062
[TIMING ts=20260722-124044] omnivoice.session.decode_ms 43.499324
[TIMING ts=20260722-124044] omnivoice.decoder.graph.rebuilt 1
[TIMING ts=20260722-124044] omnivoice.decoder.graph.rebuild_ms 1.473747
[TIMING ts=20260722-124044] omnivoice.session.postprocess_ms 7.420386
[TIMING ts=20260722-124044] session.wall_ms 1336.847891
family=omnivoice
task=tts
mode=offline
audio_out=./outputs/single_infer/audiocpp_omnivoice_clone_mdwt_f32_atwt_q8_0_step48.wav
  Completed at: 12:40:44
  Output: ./outputs/single_infer/audiocpp_omnivoice_clone_mdwt_f32_atwt_q8_0_step48.wav

[261/375] weight_type=f16 | audio_tokenizer_weight_type=native | steps=48 -> audiocpp_omnivoice_clone_mdwt_f16_atwt_native_step48.wav
  Started at: 12:40:44
[TRACE ts=20260722-124044] runtime.model.family omnivoice
[TRACE ts=20260722-124044] runtime.model.variant omnivoice
[TRACE ts=20260722-124044] runtime.model.root /home/ipt/kawshik/tts-testing/audio.cpp/models/OmniVoice
[TRACE ts=20260722-124044] runtime.model.discovered_config_count 6
[TRACE ts=20260722-124044] runtime.model.discovered_weight_count 2
[TRACE ts=20260722-124044] runtime.model.task_count 1
[TRACE ts=20260722-124044] runtime.model.language_count 1
[TRACE ts=20260722-124044] runtime.model.supports_speaker_reference 1
[TRACE ts=20260722-124044] runtime.model.supports_style_condition 1
[TRACE ts=20260722-124044] runtime.model.supports_timestamps 0
ggml_cuda_init: found 1 CUDA devices (Total VRAM: 24111 MiB):
  Device 0: NVIDIA GeForce RTX 4090, compute capability 8.9, VMM: yes, VRAM: 24111 MiB
ggml_backend_cuda_graph_compute: CUDA graph warmup complete
[TIMING ts=20260722-124054] omnivoice.reference.encode_ms 1.413984
[TIMING ts=20260722-124054] omnivoice.encoder.graph.rebuilt 1
[TIMING ts=20260722-124054] omnivoice.session.prompt_ms 2.41533
[TIMING ts=20260722-124054] omnivoice.session.generate_ms 1004.172998
[TIMING ts=20260722-124054] omnivoice.generator.graph.rebuilt 1
[TIMING ts=20260722-124054] omnivoice.generator.graph.rebuild_ms 3.036032
[TIMING ts=20260722-124054] omnivoice.session.decode_ms 34.046162
[TIMING ts=20260722-124054] omnivoice.decoder.graph.rebuilt 1
[TIMING ts=20260722-124054] omnivoice.decoder.graph.rebuild_ms 1.497872
[TIMING ts=20260722-124054] omnivoice.session.postprocess_ms 7.607558
[TIMING ts=20260722-124054] session.wall_ms 1049.901467
family=omnivoice
task=tts
mode=offline
audio_out=./outputs/single_infer/audiocpp_omnivoice_clone_mdwt_f16_atwt_native_step48.wav
  Completed at: 12:40:54
  Output: ./outputs/single_infer/audiocpp_omnivoice_clone_mdwt_f16_atwt_native_step48.wav

[262/375] weight_type=f16 | audio_tokenizer_weight_type=f32 | steps=48 -> audiocpp_omnivoice_clone_mdwt_f16_atwt_f32_step48.wav
  Started at: 12:40:54
[TRACE ts=20260722-124054] runtime.model.family omnivoice
[TRACE ts=20260722-124054] runtime.model.variant omnivoice
[TRACE ts=20260722-124054] runtime.model.root /home/ipt/kawshik/tts-testing/audio.cpp/models/OmniVoice
[TRACE ts=20260722-124054] runtime.model.discovered_config_count 6
[TRACE ts=20260722-124054] runtime.model.discovered_weight_count 2
[TRACE ts=20260722-124054] runtime.model.task_count 1
[TRACE ts=20260722-124054] runtime.model.language_count 1
[TRACE ts=20260722-124054] runtime.model.supports_speaker_reference 1
[TRACE ts=20260722-124054] runtime.model.supports_style_condition 1
[TRACE ts=20260722-124054] runtime.model.supports_timestamps 0
ggml_cuda_init: found 1 CUDA devices (Total VRAM: 24111 MiB):
  Device 0: NVIDIA GeForce RTX 4090, compute capability 8.9, VMM: yes, VRAM: 24111 MiB
ggml_backend_cuda_graph_compute: CUDA graph warmup complete
[TIMING ts=20260722-124103] omnivoice.reference.encode_ms 1.528429
[TIMING ts=20260722-124103] omnivoice.encoder.graph.rebuilt 1
[TIMING ts=20260722-124103] omnivoice.session.prompt_ms 2.62642
[TIMING ts=20260722-124103] omnivoice.session.generate_ms 1020.456893
[TIMING ts=20260722-124103] omnivoice.generator.graph.rebuilt 1
[TIMING ts=20260722-124103] omnivoice.generator.graph.rebuild_ms 2.908845
[TIMING ts=20260722-124103] omnivoice.session.decode_ms 34.299924
[TIMING ts=20260722-124103] omnivoice.decoder.graph.rebuilt 1
[TIMING ts=20260722-124103] omnivoice.decoder.graph.rebuild_ms 1.426073
[TIMING ts=20260722-124103] omnivoice.session.postprocess_ms 7.242627
[TIMING ts=20260722-124103] session.wall_ms 1066.373228
family=omnivoice
task=tts
mode=offline
audio_out=./outputs/single_infer/audiocpp_omnivoice_clone_mdwt_f16_atwt_f32_step48.wav
  Completed at: 12:41:03
  Output: ./outputs/single_infer/audiocpp_omnivoice_clone_mdwt_f16_atwt_f32_step48.wav

[263/375] weight_type=f16 | audio_tokenizer_weight_type=f16 | steps=48 -> audiocpp_omnivoice_clone_mdwt_f16_atwt_f16_step48.wav
  Started at: 12:41:03
[TRACE ts=20260722-124103] runtime.model.family omnivoice
[TRACE ts=20260722-124103] runtime.model.variant omnivoice
[TRACE ts=20260722-124103] runtime.model.root /home/ipt/kawshik/tts-testing/audio.cpp/models/OmniVoice
[TRACE ts=20260722-124103] runtime.model.discovered_config_count 6
[TRACE ts=20260722-124103] runtime.model.discovered_weight_count 2
[TRACE ts=20260722-124103] runtime.model.task_count 1
[TRACE ts=20260722-124103] runtime.model.language_count 1
[TRACE ts=20260722-124103] runtime.model.supports_speaker_reference 1
[TRACE ts=20260722-124103] runtime.model.supports_style_condition 1
[TRACE ts=20260722-124103] runtime.model.supports_timestamps 0
ggml_cuda_init: found 1 CUDA devices (Total VRAM: 24111 MiB):
  Device 0: NVIDIA GeForce RTX 4090, compute capability 8.9, VMM: yes, VRAM: 24111 MiB
ggml_backend_cuda_graph_compute: CUDA graph warmup complete
[TIMING ts=20260722-124114] omnivoice.reference.encode_ms 1.53537
[TIMING ts=20260722-124114] omnivoice.encoder.graph.rebuilt 1
[TIMING ts=20260722-124114] omnivoice.session.prompt_ms 6.688102
[TIMING ts=20260722-124114] omnivoice.session.generate_ms 959.140848
[TIMING ts=20260722-124114] omnivoice.generator.graph.rebuilt 1
[TIMING ts=20260722-124114] omnivoice.generator.graph.rebuild_ms 3.261937
[TIMING ts=20260722-124114] omnivoice.session.decode_ms 9.452334
[TIMING ts=20260722-124114] omnivoice.decoder.graph.rebuilt 1
[TIMING ts=20260722-124114] omnivoice.decoder.graph.rebuild_ms 1.481953
[TIMING ts=20260722-124114] omnivoice.session.postprocess_ms 7.176904
[TIMING ts=20260722-124114] session.wall_ms 984.250193
family=omnivoice
task=tts
mode=offline
audio_out=./outputs/single_infer/audiocpp_omnivoice_clone_mdwt_f16_atwt_f16_step48.wav
  Completed at: 12:41:14
  Output: ./outputs/single_infer/audiocpp_omnivoice_clone_mdwt_f16_atwt_f16_step48.wav

[264/375] weight_type=f16 | audio_tokenizer_weight_type=bf16 | steps=48 -> audiocpp_omnivoice_clone_mdwt_f16_atwt_bf16_step48.wav
  Started at: 12:41:14
[TRACE ts=20260722-124114] runtime.model.family omnivoice
[TRACE ts=20260722-124114] runtime.model.variant omnivoice
[TRACE ts=20260722-124114] runtime.model.root /home/ipt/kawshik/tts-testing/audio.cpp/models/OmniVoice
[TRACE ts=20260722-124114] runtime.model.discovered_config_count 6
[TRACE ts=20260722-124114] runtime.model.discovered_weight_count 2
[TRACE ts=20260722-124114] runtime.model.task_count 1
[TRACE ts=20260722-124114] runtime.model.language_count 1
[TRACE ts=20260722-124114] runtime.model.supports_speaker_reference 1
[TRACE ts=20260722-124114] runtime.model.supports_style_condition 1
[TRACE ts=20260722-124114] runtime.model.supports_timestamps 0
ggml_cuda_init: found 1 CUDA devices (Total VRAM: 24111 MiB):
  Device 0: NVIDIA GeForce RTX 4090, compute capability 8.9, VMM: yes, VRAM: 24111 MiB
ggml_backend_cuda_graph_compute: CUDA graph warmup complete
[TIMING ts=20260722-124124] omnivoice.reference.encode_ms 2.513095
[TIMING ts=20260722-124124] omnivoice.encoder.graph.rebuilt 1
[TIMING ts=20260722-124124] omnivoice.session.prompt_ms 4.831859
[TIMING ts=20260722-124124] omnivoice.session.generate_ms 981.113258
[TIMING ts=20260722-124124] omnivoice.generator.graph.rebuilt 1
[TIMING ts=20260722-124124] omnivoice.generator.graph.rebuild_ms 3.957573
[TIMING ts=20260722-124124] omnivoice.session.decode_ms 9.986436
[TIMING ts=20260722-124124] omnivoice.decoder.graph.rebuilt 1
[TIMING ts=20260722-124124] omnivoice.decoder.graph.rebuild_ms 1.664475
[TIMING ts=20260722-124124] omnivoice.session.postprocess_ms 8.10703
[TIMING ts=20260722-124124] session.wall_ms 1006.787119
family=omnivoice
task=tts
mode=offline
audio_out=./outputs/single_infer/audiocpp_omnivoice_clone_mdwt_f16_atwt_bf16_step48.wav
  Completed at: 12:41:24
  Output: ./outputs/single_infer/audiocpp_omnivoice_clone_mdwt_f16_atwt_bf16_step48.wav

[265/375] weight_type=f16 | audio_tokenizer_weight_type=q8_0 | steps=48 -> audiocpp_omnivoice_clone_mdwt_f16_atwt_q8_0_step48.wav
  Started at: 12:41:24
[TRACE ts=20260722-124124] runtime.model.family omnivoice
[TRACE ts=20260722-124124] runtime.model.variant omnivoice
[TRACE ts=20260722-124124] runtime.model.root /home/ipt/kawshik/tts-testing/audio.cpp/models/OmniVoice
[TRACE ts=20260722-124124] runtime.model.discovered_config_count 6
[TRACE ts=20260722-124124] runtime.model.discovered_weight_count 2
[TRACE ts=20260722-124124] runtime.model.task_count 1
[TRACE ts=20260722-124124] runtime.model.language_count 1
[TRACE ts=20260722-124124] runtime.model.supports_speaker_reference 1
[TRACE ts=20260722-124124] runtime.model.supports_style_condition 1
[TRACE ts=20260722-124124] runtime.model.supports_timestamps 0
ggml_cuda_init: found 1 CUDA devices (Total VRAM: 24111 MiB):
  Device 0: NVIDIA GeForce RTX 4090, compute capability 8.9, VMM: yes, VRAM: 24111 MiB
ggml_backend_cuda_graph_compute: CUDA graph warmup complete
[TIMING ts=20260722-124135] omnivoice.reference.encode_ms 1.57003
[TIMING ts=20260722-124135] omnivoice.encoder.graph.rebuilt 1
[TIMING ts=20260722-124135] omnivoice.session.prompt_ms 6.081936
[TIMING ts=20260722-124135] omnivoice.session.generate_ms 971.449647
[TIMING ts=20260722-124135] omnivoice.generator.graph.rebuilt 1
[TIMING ts=20260722-124135] omnivoice.generator.graph.rebuild_ms 3.409025
[TIMING ts=20260722-124135] omnivoice.session.decode_ms 45.166161
[TIMING ts=20260722-124135] omnivoice.decoder.graph.rebuilt 1
[TIMING ts=20260722-124135] omnivoice.decoder.graph.rebuild_ms 2.800008
[TIMING ts=20260722-124135] omnivoice.session.postprocess_ms 10.331777
[TIMING ts=20260722-124135] session.wall_ms 1034.822257
family=omnivoice
task=tts
mode=offline
audio_out=./outputs/single_infer/audiocpp_omnivoice_clone_mdwt_f16_atwt_q8_0_step48.wav
  Completed at: 12:41:35
  Output: ./outputs/single_infer/audiocpp_omnivoice_clone_mdwt_f16_atwt_q8_0_step48.wav

[266/375] weight_type=bf16 | audio_tokenizer_weight_type=native | steps=48 -> audiocpp_omnivoice_clone_mdwt_bf16_atwt_native_step48.wav
  Started at: 12:41:35
[TRACE ts=20260722-124135] runtime.model.family omnivoice
[TRACE ts=20260722-124135] runtime.model.variant omnivoice
[TRACE ts=20260722-124135] runtime.model.root /home/ipt/kawshik/tts-testing/audio.cpp/models/OmniVoice
[TRACE ts=20260722-124135] runtime.model.discovered_config_count 6
[TRACE ts=20260722-124135] runtime.model.discovered_weight_count 2
[TRACE ts=20260722-124135] runtime.model.task_count 1
[TRACE ts=20260722-124135] runtime.model.language_count 1
[TRACE ts=20260722-124135] runtime.model.supports_speaker_reference 1
[TRACE ts=20260722-124135] runtime.model.supports_style_condition 1
[TRACE ts=20260722-124135] runtime.model.supports_timestamps 0
ggml_cuda_init: found 1 CUDA devices (Total VRAM: 24111 MiB):
  Device 0: NVIDIA GeForce RTX 4090, compute capability 8.9, VMM: yes, VRAM: 24111 MiB
ggml_backend_cuda_graph_compute: CUDA graph warmup complete
[TIMING ts=20260722-124144] omnivoice.reference.encode_ms 1.491049
[TIMING ts=20260722-124144] omnivoice.encoder.graph.rebuilt 1
[TIMING ts=20260722-124144] omnivoice.session.prompt_ms 2.563595
[TIMING ts=20260722-124144] omnivoice.session.generate_ms 1163.166082
[TIMING ts=20260722-124144] omnivoice.generator.graph.rebuilt 1
[TIMING ts=20260722-124144] omnivoice.generator.graph.rebuild_ms 3.068182
[TIMING ts=20260722-124144] omnivoice.session.decode_ms 37.424439
[TIMING ts=20260722-124144] omnivoice.decoder.graph.rebuilt 1
[TIMING ts=20260722-124144] omnivoice.decoder.graph.rebuild_ms 1.455544
[TIMING ts=20260722-124144] omnivoice.session.postprocess_ms 7.468151
[TIMING ts=20260722-124144] session.wall_ms 1212.33709
family=omnivoice
task=tts
mode=offline
audio_out=./outputs/single_infer/audiocpp_omnivoice_clone_mdwt_bf16_atwt_native_step48.wav
  Completed at: 12:41:44
  Output: ./outputs/single_infer/audiocpp_omnivoice_clone_mdwt_bf16_atwt_native_step48.wav

[267/375] weight_type=bf16 | audio_tokenizer_weight_type=f32 | steps=48 -> audiocpp_omnivoice_clone_mdwt_bf16_atwt_f32_step48.wav
  Started at: 12:41:44
[TRACE ts=20260722-124144] runtime.model.family omnivoice
[TRACE ts=20260722-124144] runtime.model.variant omnivoice
[TRACE ts=20260722-124144] runtime.model.root /home/ipt/kawshik/tts-testing/audio.cpp/models/OmniVoice
[TRACE ts=20260722-124144] runtime.model.discovered_config_count 6
[TRACE ts=20260722-124144] runtime.model.discovered_weight_count 2
[TRACE ts=20260722-124144] runtime.model.task_count 1
[TRACE ts=20260722-124144] runtime.model.language_count 1
[TRACE ts=20260722-124144] runtime.model.supports_speaker_reference 1
[TRACE ts=20260722-124144] runtime.model.supports_style_condition 1
[TRACE ts=20260722-124144] runtime.model.supports_timestamps 0
ggml_cuda_init: found 1 CUDA devices (Total VRAM: 24111 MiB):
  Device 0: NVIDIA GeForce RTX 4090, compute capability 8.9, VMM: yes, VRAM: 24111 MiB
ggml_backend_cuda_graph_compute: CUDA graph warmup complete
[TIMING ts=20260722-124152] omnivoice.reference.encode_ms 1.40401
[TIMING ts=20260722-124152] omnivoice.encoder.graph.rebuilt 1
[TIMING ts=20260722-124152] omnivoice.session.prompt_ms 2.36076
[TIMING ts=20260722-124152] omnivoice.session.generate_ms 1167.510989
[TIMING ts=20260722-124152] omnivoice.generator.graph.rebuilt 1
[TIMING ts=20260722-124152] omnivoice.generator.graph.rebuild_ms 3.041507
[TIMING ts=20260722-124152] omnivoice.session.decode_ms 36.513644
[TIMING ts=20260722-124152] omnivoice.decoder.graph.rebuilt 1
[TIMING ts=20260722-124152] omnivoice.decoder.graph.rebuild_ms 1.471759
[TIMING ts=20260722-124152] omnivoice.session.postprocess_ms 7.557699
[TIMING ts=20260722-124152] session.wall_ms 1215.557823
family=omnivoice
task=tts
mode=offline
audio_out=./outputs/single_infer/audiocpp_omnivoice_clone_mdwt_bf16_atwt_f32_step48.wav
  Completed at: 12:41:52
  Output: ./outputs/single_infer/audiocpp_omnivoice_clone_mdwt_bf16_atwt_f32_step48.wav

[268/375] weight_type=bf16 | audio_tokenizer_weight_type=f16 | steps=48 -> audiocpp_omnivoice_clone_mdwt_bf16_atwt_f16_step48.wav
  Started at: 12:41:52
[TRACE ts=20260722-124152] runtime.model.family omnivoice
[TRACE ts=20260722-124152] runtime.model.variant omnivoice
[TRACE ts=20260722-124152] runtime.model.root /home/ipt/kawshik/tts-testing/audio.cpp/models/OmniVoice
[TRACE ts=20260722-124152] runtime.model.discovered_config_count 6
[TRACE ts=20260722-124152] runtime.model.discovered_weight_count 2
[TRACE ts=20260722-124152] runtime.model.task_count 1
[TRACE ts=20260722-124152] runtime.model.language_count 1
[TRACE ts=20260722-124152] runtime.model.supports_speaker_reference 1
[TRACE ts=20260722-124152] runtime.model.supports_style_condition 1
[TRACE ts=20260722-124152] runtime.model.supports_timestamps 0
ggml_cuda_init: found 1 CUDA devices (Total VRAM: 24111 MiB):
  Device 0: NVIDIA GeForce RTX 4090, compute capability 8.9, VMM: yes, VRAM: 24111 MiB
ggml_backend_cuda_graph_compute: CUDA graph warmup complete
[TIMING ts=20260722-124201] omnivoice.reference.encode_ms 1.473288
[TIMING ts=20260722-124201] omnivoice.encoder.graph.rebuilt 1
[TIMING ts=20260722-124201] omnivoice.session.prompt_ms 3.232316
[TIMING ts=20260722-124201] omnivoice.session.generate_ms 1180.969759
[TIMING ts=20260722-124201] omnivoice.generator.graph.rebuilt 1
[TIMING ts=20260722-124201] omnivoice.generator.graph.rebuild_ms 3.685793
[TIMING ts=20260722-124201] omnivoice.session.decode_ms 9.024771
[TIMING ts=20260722-124201] omnivoice.decoder.graph.rebuilt 1
[TIMING ts=20260722-124201] omnivoice.decoder.graph.rebuild_ms 1.389098
[TIMING ts=20260722-124201] omnivoice.session.postprocess_ms 6.938336
[TIMING ts=20260722-124201] session.wall_ms 1201.857406
family=omnivoice
task=tts
mode=offline
audio_out=./outputs/single_infer/audiocpp_omnivoice_clone_mdwt_bf16_atwt_f16_step48.wav
  Completed at: 12:42:01
  Output: ./outputs/single_infer/audiocpp_omnivoice_clone_mdwt_bf16_atwt_f16_step48.wav

[269/375] weight_type=bf16 | audio_tokenizer_weight_type=bf16 | steps=48 -> audiocpp_omnivoice_clone_mdwt_bf16_atwt_bf16_step48.wav
  Started at: 12:42:01
[TRACE ts=20260722-124201] runtime.model.family omnivoice
[TRACE ts=20260722-124201] runtime.model.variant omnivoice
[TRACE ts=20260722-124201] runtime.model.root /home/ipt/kawshik/tts-testing/audio.cpp/models/OmniVoice
[TRACE ts=20260722-124201] runtime.model.discovered_config_count 6
[TRACE ts=20260722-124201] runtime.model.discovered_weight_count 2
[TRACE ts=20260722-124201] runtime.model.task_count 1
[TRACE ts=20260722-124201] runtime.model.language_count 1
[TRACE ts=20260722-124201] runtime.model.supports_speaker_reference 1
[TRACE ts=20260722-124201] runtime.model.supports_style_condition 1
[TRACE ts=20260722-124201] runtime.model.supports_timestamps 0
ggml_cuda_init: found 1 CUDA devices (Total VRAM: 24111 MiB):
  Device 0: NVIDIA GeForce RTX 4090, compute capability 8.9, VMM: yes, VRAM: 24111 MiB
ggml_backend_cuda_graph_compute: CUDA graph warmup complete
[TIMING ts=20260722-124209] omnivoice.reference.encode_ms 1.694172
[TIMING ts=20260722-124209] omnivoice.encoder.graph.rebuilt 1
[TIMING ts=20260722-124209] omnivoice.session.prompt_ms 4.085062
[TIMING ts=20260722-124209] omnivoice.session.generate_ms 1030.166067
[TIMING ts=20260722-124209] omnivoice.generator.graph.rebuilt 1
[TIMING ts=20260722-124209] omnivoice.generator.graph.rebuild_ms 3.86448
[TIMING ts=20260722-124209] omnivoice.session.decode_ms 9.197925
[TIMING ts=20260722-124209] omnivoice.decoder.graph.rebuilt 1
[TIMING ts=20260722-124209] omnivoice.decoder.graph.rebuild_ms 1.411513
[TIMING ts=20260722-124209] omnivoice.session.postprocess_ms 7.141422
[TIMING ts=20260722-124209] session.wall_ms 1052.546252
family=omnivoice
task=tts
mode=offline
audio_out=./outputs/single_infer/audiocpp_omnivoice_clone_mdwt_bf16_atwt_bf16_step48.wav
  Completed at: 12:42:09
  Output: ./outputs/single_infer/audiocpp_omnivoice_clone_mdwt_bf16_atwt_bf16_step48.wav

[270/375] weight_type=bf16 | audio_tokenizer_weight_type=q8_0 | steps=48 -> audiocpp_omnivoice_clone_mdwt_bf16_atwt_q8_0_step48.wav
  Started at: 12:42:09
[TRACE ts=20260722-124209] runtime.model.family omnivoice
[TRACE ts=20260722-124209] runtime.model.variant omnivoice
[TRACE ts=20260722-124209] runtime.model.root /home/ipt/kawshik/tts-testing/audio.cpp/models/OmniVoice
[TRACE ts=20260722-124209] runtime.model.discovered_config_count 6
[TRACE ts=20260722-124209] runtime.model.discovered_weight_count 2
[TRACE ts=20260722-124209] runtime.model.task_count 1
[TRACE ts=20260722-124209] runtime.model.language_count 1
[TRACE ts=20260722-124209] runtime.model.supports_speaker_reference 1
[TRACE ts=20260722-124209] runtime.model.supports_style_condition 1
[TRACE ts=20260722-124209] runtime.model.supports_timestamps 0
ggml_cuda_init: found 1 CUDA devices (Total VRAM: 24111 MiB):
  Device 0: NVIDIA GeForce RTX 4090, compute capability 8.9, VMM: yes, VRAM: 24111 MiB
ggml_backend_cuda_graph_compute: CUDA graph warmup complete
[TIMING ts=20260722-124219] omnivoice.reference.encode_ms 1.446577
[TIMING ts=20260722-124219] omnivoice.encoder.graph.rebuilt 1
[TIMING ts=20260722-124219] omnivoice.session.prompt_ms 3.511152
[TIMING ts=20260722-124219] omnivoice.session.generate_ms 1195.875253
[TIMING ts=20260722-124219] omnivoice.generator.graph.rebuilt 1
[TIMING ts=20260722-124219] omnivoice.generator.graph.rebuild_ms 4.905704
[TIMING ts=20260722-124219] omnivoice.session.decode_ms 44.037234
[TIMING ts=20260722-124219] omnivoice.decoder.graph.rebuilt 1
[TIMING ts=20260722-124219] omnivoice.decoder.graph.rebuild_ms 1.397153
[TIMING ts=20260722-124219] omnivoice.session.postprocess_ms 7.231811
[TIMING ts=20260722-124219] session.wall_ms 1252.317748
family=omnivoice
task=tts
mode=offline
audio_out=./outputs/single_infer/audiocpp_omnivoice_clone_mdwt_bf16_atwt_q8_0_step48.wav
  Completed at: 12:42:19
  Output: ./outputs/single_infer/audiocpp_omnivoice_clone_mdwt_bf16_atwt_q8_0_step48.wav

[271/375] weight_type=q8_0 | audio_tokenizer_weight_type=native | steps=48 -> audiocpp_omnivoice_clone_mdwt_q8_0_atwt_native_step48.wav
  Started at: 12:42:19
[TRACE ts=20260722-124219] runtime.model.family omnivoice
[TRACE ts=20260722-124219] runtime.model.variant omnivoice
[TRACE ts=20260722-124219] runtime.model.root /home/ipt/kawshik/tts-testing/audio.cpp/models/OmniVoice
[TRACE ts=20260722-124219] runtime.model.discovered_config_count 6
[TRACE ts=20260722-124219] runtime.model.discovered_weight_count 2
[TRACE ts=20260722-124219] runtime.model.task_count 1
[TRACE ts=20260722-124219] runtime.model.language_count 1
[TRACE ts=20260722-124219] runtime.model.supports_speaker_reference 1
[TRACE ts=20260722-124219] runtime.model.supports_style_condition 1
[TRACE ts=20260722-124219] runtime.model.supports_timestamps 0
ggml_cuda_init: found 1 CUDA devices (Total VRAM: 24111 MiB):
  Device 0: NVIDIA GeForce RTX 4090, compute capability 8.9, VMM: yes, VRAM: 24111 MiB
ggml_backend_cuda_graph_compute: CUDA graph warmup complete
[TIMING ts=20260722-124229] omnivoice.reference.encode_ms 1.49709
[TIMING ts=20260722-124229] omnivoice.encoder.graph.rebuilt 1
[TIMING ts=20260722-124229] omnivoice.session.prompt_ms 2.498722
[TIMING ts=20260722-124229] omnivoice.session.generate_ms 1066.531723
[TIMING ts=20260722-124229] omnivoice.generator.graph.rebuilt 1
[TIMING ts=20260722-124229] omnivoice.generator.graph.rebuild_ms 2.962702
[TIMING ts=20260722-124229] omnivoice.session.decode_ms 40.109006
[TIMING ts=20260722-124229] omnivoice.decoder.graph.rebuilt 1
[TIMING ts=20260722-124229] omnivoice.decoder.graph.rebuild_ms 1.648334
[TIMING ts=20260722-124229] omnivoice.session.postprocess_ms 7.501148
[TIMING ts=20260722-124229] session.wall_ms 1118.350077
family=omnivoice
task=tts
mode=offline
audio_out=./outputs/single_infer/audiocpp_omnivoice_clone_mdwt_q8_0_atwt_native_step48.wav
  Completed at: 12:42:29
  Output: ./outputs/single_infer/audiocpp_omnivoice_clone_mdwt_q8_0_atwt_native_step48.wav

[272/375] weight_type=q8_0 | audio_tokenizer_weight_type=f32 | steps=48 -> audiocpp_omnivoice_clone_mdwt_q8_0_atwt_f32_step48.wav
  Started at: 12:42:29
[TRACE ts=20260722-124230] runtime.model.family omnivoice
[TRACE ts=20260722-124230] runtime.model.variant omnivoice
[TRACE ts=20260722-124230] runtime.model.root /home/ipt/kawshik/tts-testing/audio.cpp/models/OmniVoice
[TRACE ts=20260722-124230] runtime.model.discovered_config_count 6
[TRACE ts=20260722-124230] runtime.model.discovered_weight_count 2
[TRACE ts=20260722-124230] runtime.model.task_count 1
[TRACE ts=20260722-124230] runtime.model.language_count 1
[TRACE ts=20260722-124230] runtime.model.supports_speaker_reference 1
[TRACE ts=20260722-124230] runtime.model.supports_style_condition 1
[TRACE ts=20260722-124230] runtime.model.supports_timestamps 0
ggml_cuda_init: found 1 CUDA devices (Total VRAM: 24111 MiB):
  Device 0: NVIDIA GeForce RTX 4090, compute capability 8.9, VMM: yes, VRAM: 24111 MiB
ggml_backend_cuda_graph_compute: CUDA graph warmup complete
[TIMING ts=20260722-124239] omnivoice.reference.encode_ms 1.391591
[TIMING ts=20260722-124239] omnivoice.encoder.graph.rebuilt 1
[TIMING ts=20260722-124239] omnivoice.session.prompt_ms 4.517849
[TIMING ts=20260722-124239] omnivoice.session.generate_ms 1076.291179
[TIMING ts=20260722-124239] omnivoice.generator.graph.rebuilt 1
[TIMING ts=20260722-124239] omnivoice.generator.graph.rebuild_ms 2.912378
[TIMING ts=20260722-124239] omnivoice.session.decode_ms 32.182058
[TIMING ts=20260722-124239] omnivoice.decoder.graph.rebuilt 1
[TIMING ts=20260722-124239] omnivoice.decoder.graph.rebuild_ms 2.188641
[TIMING ts=20260722-124239] omnivoice.session.postprocess_ms 6.521529
[TIMING ts=20260722-124239] session.wall_ms 1121.192366
family=omnivoice
task=tts
mode=offline
audio_out=./outputs/single_infer/audiocpp_omnivoice_clone_mdwt_q8_0_atwt_f32_step48.wav
  Completed at: 12:42:40
  Output: ./outputs/single_infer/audiocpp_omnivoice_clone_mdwt_q8_0_atwt_f32_step48.wav

[273/375] weight_type=q8_0 | audio_tokenizer_weight_type=f16 | steps=48 -> audiocpp_omnivoice_clone_mdwt_q8_0_atwt_f16_step48.wav
  Started at: 12:42:40
[TRACE ts=20260722-124240] runtime.model.family omnivoice
[TRACE ts=20260722-124240] runtime.model.variant omnivoice
[TRACE ts=20260722-124240] runtime.model.root /home/ipt/kawshik/tts-testing/audio.cpp/models/OmniVoice
[TRACE ts=20260722-124240] runtime.model.discovered_config_count 6
[TRACE ts=20260722-124240] runtime.model.discovered_weight_count 2
[TRACE ts=20260722-124240] runtime.model.task_count 1
[TRACE ts=20260722-124240] runtime.model.language_count 1
[TRACE ts=20260722-124240] runtime.model.supports_speaker_reference 1
[TRACE ts=20260722-124240] runtime.model.supports_style_condition 1
[TRACE ts=20260722-124240] runtime.model.supports_timestamps 0
ggml_cuda_init: found 1 CUDA devices (Total VRAM: 24111 MiB):
  Device 0: NVIDIA GeForce RTX 4090, compute capability 8.9, VMM: yes, VRAM: 24111 MiB
ggml_backend_cuda_graph_compute: CUDA graph warmup complete
[TIMING ts=20260722-124251] omnivoice.reference.encode_ms 1.498613
[TIMING ts=20260722-124251] omnivoice.encoder.graph.rebuilt 1
[TIMING ts=20260722-124251] omnivoice.session.prompt_ms 3.155032
[TIMING ts=20260722-124251] omnivoice.session.generate_ms 1015.922604
[TIMING ts=20260722-124251] omnivoice.generator.graph.rebuilt 1
[TIMING ts=20260722-124251] omnivoice.generator.graph.rebuild_ms 3.434048
[TIMING ts=20260722-124251] omnivoice.session.decode_ms 9.790385
[TIMING ts=20260722-124251] omnivoice.decoder.graph.rebuilt 1
[TIMING ts=20260722-124251] omnivoice.decoder.graph.rebuild_ms 1.497671
[TIMING ts=20260722-124251] omnivoice.session.postprocess_ms 8.114564
[TIMING ts=20260722-124251] session.wall_ms 1038.69848
family=omnivoice
task=tts
mode=offline
audio_out=./outputs/single_infer/audiocpp_omnivoice_clone_mdwt_q8_0_atwt_f16_step48.wav
  Completed at: 12:42:51
  Output: ./outputs/single_infer/audiocpp_omnivoice_clone_mdwt_q8_0_atwt_f16_step48.wav

[274/375] weight_type=q8_0 | audio_tokenizer_weight_type=bf16 | steps=48 -> audiocpp_omnivoice_clone_mdwt_q8_0_atwt_bf16_step48.wav
  Started at: 12:42:51
[TRACE ts=20260722-124251] runtime.model.family omnivoice
[TRACE ts=20260722-124251] runtime.model.variant omnivoice
[TRACE ts=20260722-124251] runtime.model.root /home/ipt/kawshik/tts-testing/audio.cpp/models/OmniVoice
[TRACE ts=20260722-124251] runtime.model.discovered_config_count 6
[TRACE ts=20260722-124251] runtime.model.discovered_weight_count 2
[TRACE ts=20260722-124251] runtime.model.task_count 1
[TRACE ts=20260722-124251] runtime.model.language_count 1
[TRACE ts=20260722-124251] runtime.model.supports_speaker_reference 1
[TRACE ts=20260722-124251] runtime.model.supports_style_condition 1
[TRACE ts=20260722-124251] runtime.model.supports_timestamps 0
ggml_cuda_init: found 1 CUDA devices (Total VRAM: 24111 MiB):
  Device 0: NVIDIA GeForce RTX 4090, compute capability 8.9, VMM: yes, VRAM: 24111 MiB
ggml_backend_cuda_graph_compute: CUDA graph warmup complete
[TIMING ts=20260722-124302] omnivoice.reference.encode_ms 1.298915
[TIMING ts=20260722-124302] omnivoice.encoder.graph.rebuilt 1
[TIMING ts=20260722-124302] omnivoice.session.prompt_ms 5.266782
[TIMING ts=20260722-124302] omnivoice.session.generate_ms 1004.310572
[TIMING ts=20260722-124302] omnivoice.generator.graph.rebuilt 1
[TIMING ts=20260722-124302] omnivoice.generator.graph.rebuild_ms 3.383851
[TIMING ts=20260722-124302] omnivoice.session.decode_ms 9.155664
[TIMING ts=20260722-124302] omnivoice.decoder.graph.rebuilt 1
[TIMING ts=20260722-124302] omnivoice.decoder.graph.rebuild_ms 1.32775
[TIMING ts=20260722-124302] omnivoice.session.postprocess_ms 6.902657
[TIMING ts=20260722-124302] session.wall_ms 1027.14696
family=omnivoice
task=tts
mode=offline
audio_out=./outputs/single_infer/audiocpp_omnivoice_clone_mdwt_q8_0_atwt_bf16_step48.wav
  Completed at: 12:43:02
  Output: ./outputs/single_infer/audiocpp_omnivoice_clone_mdwt_q8_0_atwt_bf16_step48.wav

[275/375] weight_type=q8_0 | audio_tokenizer_weight_type=q8_0 | steps=48 -> audiocpp_omnivoice_clone_mdwt_q8_0_atwt_q8_0_step48.wav
  Started at: 12:43:02
[TRACE ts=20260722-124303] runtime.model.family omnivoice
[TRACE ts=20260722-124303] runtime.model.variant omnivoice
[TRACE ts=20260722-124303] runtime.model.root /home/ipt/kawshik/tts-testing/audio.cpp/models/OmniVoice
[TRACE ts=20260722-124303] runtime.model.discovered_config_count 6
[TRACE ts=20260722-124303] runtime.model.discovered_weight_count 2
[TRACE ts=20260722-124303] runtime.model.task_count 1
[TRACE ts=20260722-124303] runtime.model.language_count 1
[TRACE ts=20260722-124303] runtime.model.supports_speaker_reference 1
[TRACE ts=20260722-124303] runtime.model.supports_style_condition 1
[TRACE ts=20260722-124303] runtime.model.supports_timestamps 0
ggml_cuda_init: found 1 CUDA devices (Total VRAM: 24111 MiB):
  Device 0: NVIDIA GeForce RTX 4090, compute capability 8.9, VMM: yes, VRAM: 24111 MiB
ggml_backend_cuda_graph_compute: CUDA graph warmup complete
[TIMING ts=20260722-124314] omnivoice.reference.encode_ms 1.432006
[TIMING ts=20260722-124314] omnivoice.encoder.graph.rebuilt 1
[TIMING ts=20260722-124314] omnivoice.session.prompt_ms 4.90263
[TIMING ts=20260722-124314] omnivoice.session.generate_ms 1007.406569
[TIMING ts=20260722-124314] omnivoice.generator.graph.rebuilt 1
[TIMING ts=20260722-124314] omnivoice.generator.graph.rebuild_ms 3.314222
[TIMING ts=20260722-124314] omnivoice.session.decode_ms 44.279695
[TIMING ts=20260722-124314] omnivoice.decoder.graph.rebuilt 1
[TIMING ts=20260722-124314] omnivoice.decoder.graph.rebuild_ms 1.4282
[TIMING ts=20260722-124314] omnivoice.session.postprocess_ms 7.691815
[TIMING ts=20260722-124314] session.wall_ms 1065.936606
family=omnivoice
task=tts
mode=offline
audio_out=./outputs/single_infer/audiocpp_omnivoice_clone_mdwt_q8_0_atwt_q8_0_step48.wav
  Completed at: 12:43:14
  Output: ./outputs/single_infer/audiocpp_omnivoice_clone_mdwt_q8_0_atwt_q8_0_step48.wav

[276/375] weight_type=native | audio_tokenizer_weight_type=native | steps=52 -> audiocpp_omnivoice_clone_mdwt_native_atwt_native_step52.wav
  Started at: 12:43:14
[TRACE ts=20260722-124314] runtime.model.family omnivoice
[TRACE ts=20260722-124314] runtime.model.variant omnivoice
[TRACE ts=20260722-124314] runtime.model.root /home/ipt/kawshik/tts-testing/audio.cpp/models/OmniVoice
[TRACE ts=20260722-124314] runtime.model.discovered_config_count 6
[TRACE ts=20260722-124314] runtime.model.discovered_weight_count 2
[TRACE ts=20260722-124314] runtime.model.task_count 1
[TRACE ts=20260722-124314] runtime.model.language_count 1
[TRACE ts=20260722-124314] runtime.model.supports_speaker_reference 1
[TRACE ts=20260722-124314] runtime.model.supports_style_condition 1
[TRACE ts=20260722-124314] runtime.model.supports_timestamps 0
ggml_cuda_init: found 1 CUDA devices (Total VRAM: 24111 MiB):
  Device 0: NVIDIA GeForce RTX 4090, compute capability 8.9, VMM: yes, VRAM: 24111 MiB
ggml_backend_cuda_graph_compute: CUDA graph warmup complete
[TIMING ts=20260722-124319] omnivoice.reference.encode_ms 1.694372
[TIMING ts=20260722-124319] omnivoice.encoder.graph.rebuilt 1
[TIMING ts=20260722-124319] omnivoice.session.prompt_ms 3.168877
[TIMING ts=20260722-124319] omnivoice.session.generate_ms 1387.887406
[TIMING ts=20260722-124319] omnivoice.generator.graph.rebuilt 1
[TIMING ts=20260722-124319] omnivoice.generator.graph.rebuild_ms 3.682476
[TIMING ts=20260722-124319] omnivoice.session.decode_ms 40.777146
[TIMING ts=20260722-124319] omnivoice.decoder.graph.rebuilt 1
[TIMING ts=20260722-124319] omnivoice.decoder.graph.rebuild_ms 1.547254
[TIMING ts=20260722-124319] omnivoice.session.postprocess_ms 8.267548
[TIMING ts=20260722-124319] session.wall_ms 1442.054666
family=omnivoice
task=tts
mode=offline
audio_out=./outputs/single_infer/audiocpp_omnivoice_clone_mdwt_native_atwt_native_step52.wav
  Completed at: 12:43:19
  Output: ./outputs/single_infer/audiocpp_omnivoice_clone_mdwt_native_atwt_native_step52.wav

[277/375] weight_type=native | audio_tokenizer_weight_type=f32 | steps=52 -> audiocpp_omnivoice_clone_mdwt_native_atwt_f32_step52.wav
  Started at: 12:43:19
[TRACE ts=20260722-124319] runtime.model.family omnivoice
[TRACE ts=20260722-124319] runtime.model.variant omnivoice
[TRACE ts=20260722-124319] runtime.model.root /home/ipt/kawshik/tts-testing/audio.cpp/models/OmniVoice
[TRACE ts=20260722-124319] runtime.model.discovered_config_count 6
[TRACE ts=20260722-124319] runtime.model.discovered_weight_count 2
[TRACE ts=20260722-124319] runtime.model.task_count 1
[TRACE ts=20260722-124319] runtime.model.language_count 1
[TRACE ts=20260722-124319] runtime.model.supports_speaker_reference 1
[TRACE ts=20260722-124319] runtime.model.supports_style_condition 1
[TRACE ts=20260722-124319] runtime.model.supports_timestamps 0
ggml_cuda_init: found 1 CUDA devices (Total VRAM: 24111 MiB):
  Device 0: NVIDIA GeForce RTX 4090, compute capability 8.9, VMM: yes, VRAM: 24111 MiB
ggml_backend_cuda_graph_compute: CUDA graph warmup complete
[TIMING ts=20260722-124324] omnivoice.reference.encode_ms 1.721484
[TIMING ts=20260722-124324] omnivoice.encoder.graph.rebuilt 1
[TIMING ts=20260722-124324] omnivoice.session.prompt_ms 2.989038
[TIMING ts=20260722-124324] omnivoice.session.generate_ms 1386.281026
[TIMING ts=20260722-124324] omnivoice.generator.graph.rebuilt 1
[TIMING ts=20260722-124324] omnivoice.generator.graph.rebuild_ms 3.066614
[TIMING ts=20260722-124324] omnivoice.session.decode_ms 36.216304
[TIMING ts=20260722-124324] omnivoice.decoder.graph.rebuilt 1
[TIMING ts=20260722-124324] omnivoice.decoder.graph.rebuild_ms 1.304452
[TIMING ts=20260722-124324] omnivoice.session.postprocess_ms 7.081139
[TIMING ts=20260722-124324] session.wall_ms 1434.546094
family=omnivoice
task=tts
mode=offline
audio_out=./outputs/single_infer/audiocpp_omnivoice_clone_mdwt_native_atwt_f32_step52.wav
  Completed at: 12:43:24
  Output: ./outputs/single_infer/audiocpp_omnivoice_clone_mdwt_native_atwt_f32_step52.wav

[278/375] weight_type=native | audio_tokenizer_weight_type=f16 | steps=52 -> audiocpp_omnivoice_clone_mdwt_native_atwt_f16_step52.wav
  Started at: 12:43:24
[TRACE ts=20260722-124324] runtime.model.family omnivoice
[TRACE ts=20260722-124324] runtime.model.variant omnivoice
[TRACE ts=20260722-124324] runtime.model.root /home/ipt/kawshik/tts-testing/audio.cpp/models/OmniVoice
[TRACE ts=20260722-124324] runtime.model.discovered_config_count 6
[TRACE ts=20260722-124324] runtime.model.discovered_weight_count 2
[TRACE ts=20260722-124324] runtime.model.task_count 1
[TRACE ts=20260722-124324] runtime.model.language_count 1
[TRACE ts=20260722-124324] runtime.model.supports_speaker_reference 1
[TRACE ts=20260722-124324] runtime.model.supports_style_condition 1
[TRACE ts=20260722-124324] runtime.model.supports_timestamps 0
ggml_cuda_init: found 1 CUDA devices (Total VRAM: 24111 MiB):
  Device 0: NVIDIA GeForce RTX 4090, compute capability 8.9, VMM: yes, VRAM: 24111 MiB
ggml_backend_cuda_graph_compute: CUDA graph warmup complete
[TIMING ts=20260722-124330] omnivoice.reference.encode_ms 1.704208
[TIMING ts=20260722-124330] omnivoice.encoder.graph.rebuilt 1
[TIMING ts=20260722-124330] omnivoice.session.prompt_ms 5.090466
[TIMING ts=20260722-124330] omnivoice.session.generate_ms 1376.480031
[TIMING ts=20260722-124330] omnivoice.generator.graph.rebuilt 1
[TIMING ts=20260722-124330] omnivoice.generator.graph.rebuild_ms 3.679564
[TIMING ts=20260722-124330] omnivoice.session.decode_ms 9.270399
[TIMING ts=20260722-124330] omnivoice.decoder.graph.rebuilt 1
[TIMING ts=20260722-124330] omnivoice.decoder.graph.rebuild_ms 1.394075
[TIMING ts=20260722-124330] omnivoice.session.postprocess_ms 7.047902
[TIMING ts=20260722-124330] session.wall_ms 1399.848193
family=omnivoice
task=tts
mode=offline
audio_out=./outputs/single_infer/audiocpp_omnivoice_clone_mdwt_native_atwt_f16_step52.wav
  Completed at: 12:43:30
  Output: ./outputs/single_infer/audiocpp_omnivoice_clone_mdwt_native_atwt_f16_step52.wav

[279/375] weight_type=native | audio_tokenizer_weight_type=bf16 | steps=52 -> audiocpp_omnivoice_clone_mdwt_native_atwt_bf16_step52.wav
  Started at: 12:43:30
[TRACE ts=20260722-124331] runtime.model.family omnivoice
[TRACE ts=20260722-124331] runtime.model.variant omnivoice
[TRACE ts=20260722-124331] runtime.model.root /home/ipt/kawshik/tts-testing/audio.cpp/models/OmniVoice
[TRACE ts=20260722-124331] runtime.model.discovered_config_count 6
[TRACE ts=20260722-124331] runtime.model.discovered_weight_count 2
[TRACE ts=20260722-124331] runtime.model.task_count 1
[TRACE ts=20260722-124331] runtime.model.language_count 1
[TRACE ts=20260722-124331] runtime.model.supports_speaker_reference 1
[TRACE ts=20260722-124331] runtime.model.supports_style_condition 1
[TRACE ts=20260722-124331] runtime.model.supports_timestamps 0
ggml_cuda_init: found 1 CUDA devices (Total VRAM: 24111 MiB):
  Device 0: NVIDIA GeForce RTX 4090, compute capability 8.9, VMM: yes, VRAM: 24111 MiB
ggml_backend_cuda_graph_compute: CUDA graph warmup complete
[TIMING ts=20260722-124335] omnivoice.reference.encode_ms 1.510264
[TIMING ts=20260722-124335] omnivoice.encoder.graph.rebuilt 1
[TIMING ts=20260722-124335] omnivoice.session.prompt_ms 3.584172
[TIMING ts=20260722-124335] omnivoice.session.generate_ms 1387.529624
[TIMING ts=20260722-124335] omnivoice.generator.graph.rebuilt 1
[TIMING ts=20260722-124335] omnivoice.generator.graph.rebuild_ms 7.872011
[TIMING ts=20260722-124335] omnivoice.session.decode_ms 9.927949
[TIMING ts=20260722-124335] omnivoice.decoder.graph.rebuilt 1
[TIMING ts=20260722-124335] omnivoice.decoder.graph.rebuild_ms 1.550572
[TIMING ts=20260722-124335] omnivoice.session.postprocess_ms 7.138323
[TIMING ts=20260722-124335] session.wall_ms 1409.904602
family=omnivoice
task=tts
mode=offline
audio_out=./outputs/single_infer/audiocpp_omnivoice_clone_mdwt_native_atwt_bf16_step52.wav
  Completed at: 12:43:36
  Output: ./outputs/single_infer/audiocpp_omnivoice_clone_mdwt_native_atwt_bf16_step52.wav

[280/375] weight_type=native | audio_tokenizer_weight_type=q8_0 | steps=52 -> audiocpp_omnivoice_clone_mdwt_native_atwt_q8_0_step52.wav
  Started at: 12:43:36
[TRACE ts=20260722-124336] runtime.model.family omnivoice
[TRACE ts=20260722-124336] runtime.model.variant omnivoice
[TRACE ts=20260722-124336] runtime.model.root /home/ipt/kawshik/tts-testing/audio.cpp/models/OmniVoice
[TRACE ts=20260722-124336] runtime.model.discovered_config_count 6
[TRACE ts=20260722-124336] runtime.model.discovered_weight_count 2
[TRACE ts=20260722-124336] runtime.model.task_count 1
[TRACE ts=20260722-124336] runtime.model.language_count 1
[TRACE ts=20260722-124336] runtime.model.supports_speaker_reference 1
[TRACE ts=20260722-124336] runtime.model.supports_style_condition 1
[TRACE ts=20260722-124336] runtime.model.supports_timestamps 0
ggml_cuda_init: found 1 CUDA devices (Total VRAM: 24111 MiB):
  Device 0: NVIDIA GeForce RTX 4090, compute capability 8.9, VMM: yes, VRAM: 24111 MiB
ggml_backend_cuda_graph_compute: CUDA graph warmup complete
[TIMING ts=20260722-124342] omnivoice.reference.encode_ms 1.521525
[TIMING ts=20260722-124342] omnivoice.encoder.graph.rebuilt 1
[TIMING ts=20260722-124342] omnivoice.session.prompt_ms 5.609591
[TIMING ts=20260722-124342] omnivoice.session.generate_ms 1368.366002
[TIMING ts=20260722-124342] omnivoice.generator.graph.rebuilt 1
[TIMING ts=20260722-124342] omnivoice.generator.graph.rebuild_ms 3.365807
[TIMING ts=20260722-124342] omnivoice.session.decode_ms 42.993086
[TIMING ts=20260722-124342] omnivoice.decoder.graph.rebuilt 1
[TIMING ts=20260722-124342] omnivoice.decoder.graph.rebuild_ms 1.381558
[TIMING ts=20260722-124342] omnivoice.session.postprocess_ms 7.072972
[TIMING ts=20260722-124342] session.wall_ms 1425.803615
family=omnivoice
task=tts
mode=offline
audio_out=./outputs/single_infer/audiocpp_omnivoice_clone_mdwt_native_atwt_q8_0_step52.wav
  Completed at: 12:43:42
  Output: ./outputs/single_infer/audiocpp_omnivoice_clone_mdwt_native_atwt_q8_0_step52.wav

[281/375] weight_type=f32 | audio_tokenizer_weight_type=native | steps=52 -> audiocpp_omnivoice_clone_mdwt_f32_atwt_native_step52.wav
  Started at: 12:43:42
[TRACE ts=20260722-124342] runtime.model.family omnivoice
[TRACE ts=20260722-124342] runtime.model.variant omnivoice
[TRACE ts=20260722-124342] runtime.model.root /home/ipt/kawshik/tts-testing/audio.cpp/models/OmniVoice
[TRACE ts=20260722-124342] runtime.model.discovered_config_count 6
[TRACE ts=20260722-124342] runtime.model.discovered_weight_count 2
[TRACE ts=20260722-124342] runtime.model.task_count 1
[TRACE ts=20260722-124342] runtime.model.language_count 1
[TRACE ts=20260722-124342] runtime.model.supports_speaker_reference 1
[TRACE ts=20260722-124342] runtime.model.supports_style_condition 1
[TRACE ts=20260722-124342] runtime.model.supports_timestamps 0
ggml_cuda_init: found 1 CUDA devices (Total VRAM: 24111 MiB):
  Device 0: NVIDIA GeForce RTX 4090, compute capability 8.9, VMM: yes, VRAM: 24111 MiB
ggml_backend_cuda_graph_compute: CUDA graph warmup complete
[TIMING ts=20260722-124347] omnivoice.reference.encode_ms 1.694227
[TIMING ts=20260722-124347] omnivoice.encoder.graph.rebuilt 1
[TIMING ts=20260722-124347] omnivoice.session.prompt_ms 2.870773
[TIMING ts=20260722-124347] omnivoice.session.generate_ms 1383.974079
[TIMING ts=20260722-124347] omnivoice.generator.graph.rebuilt 1
[TIMING ts=20260722-124347] omnivoice.generator.graph.rebuild_ms 2.927739
[TIMING ts=20260722-124347] omnivoice.session.decode_ms 39.237305
[TIMING ts=20260722-124347] omnivoice.decoder.graph.rebuilt 1
[TIMING ts=20260722-124347] omnivoice.decoder.graph.rebuild_ms 1.487293
[TIMING ts=20260722-124347] omnivoice.session.postprocess_ms 6.951476
[TIMING ts=20260722-124347] session.wall_ms 1434.98292
family=omnivoice
task=tts
mode=offline
audio_out=./outputs/single_infer/audiocpp_omnivoice_clone_mdwt_f32_atwt_native_step52.wav
  Completed at: 12:43:47
  Output: ./outputs/single_infer/audiocpp_omnivoice_clone_mdwt_f32_atwt_native_step52.wav

[282/375] weight_type=f32 | audio_tokenizer_weight_type=f32 | steps=52 -> audiocpp_omnivoice_clone_mdwt_f32_atwt_f32_step52.wav
  Started at: 12:43:47
[TRACE ts=20260722-124347] runtime.model.family omnivoice
[TRACE ts=20260722-124347] runtime.model.variant omnivoice
[TRACE ts=20260722-124347] runtime.model.root /home/ipt/kawshik/tts-testing/audio.cpp/models/OmniVoice
[TRACE ts=20260722-124347] runtime.model.discovered_config_count 6
[TRACE ts=20260722-124347] runtime.model.discovered_weight_count 2
[TRACE ts=20260722-124347] runtime.model.task_count 1
[TRACE ts=20260722-124347] runtime.model.language_count 1
[TRACE ts=20260722-124347] runtime.model.supports_speaker_reference 1
[TRACE ts=20260722-124347] runtime.model.supports_style_condition 1
[TRACE ts=20260722-124347] runtime.model.supports_timestamps 0
ggml_cuda_init: found 1 CUDA devices (Total VRAM: 24111 MiB):
  Device 0: NVIDIA GeForce RTX 4090, compute capability 8.9, VMM: yes, VRAM: 24111 MiB
ggml_backend_cuda_graph_compute: CUDA graph warmup complete
[TIMING ts=20260722-124352] omnivoice.reference.encode_ms 1.694235
[TIMING ts=20260722-124352] omnivoice.encoder.graph.rebuilt 1
[TIMING ts=20260722-124352] omnivoice.session.prompt_ms 2.773051
[TIMING ts=20260722-124352] omnivoice.session.generate_ms 1380.882539
[TIMING ts=20260722-124352] omnivoice.generator.graph.rebuilt 1
[TIMING ts=20260722-124352] omnivoice.generator.graph.rebuild_ms 2.974721
[TIMING ts=20260722-124352] omnivoice.session.decode_ms 39.703181
[TIMING ts=20260722-124352] omnivoice.decoder.graph.rebuilt 1
[TIMING ts=20260722-124352] omnivoice.decoder.graph.rebuild_ms 1.418542
[TIMING ts=20260722-124352] omnivoice.session.postprocess_ms 6.831264
[TIMING ts=20260722-124352] session.wall_ms 1432.139912
family=omnivoice
task=tts
mode=offline
audio_out=./outputs/single_infer/audiocpp_omnivoice_clone_mdwt_f32_atwt_f32_step52.wav
  Completed at: 12:43:52
  Output: ./outputs/single_infer/audiocpp_omnivoice_clone_mdwt_f32_atwt_f32_step52.wav

[283/375] weight_type=f32 | audio_tokenizer_weight_type=f16 | steps=52 -> audiocpp_omnivoice_clone_mdwt_f32_atwt_f16_step52.wav
  Started at: 12:43:52
[TRACE ts=20260722-124352] runtime.model.family omnivoice
[TRACE ts=20260722-124352] runtime.model.variant omnivoice
[TRACE ts=20260722-124352] runtime.model.root /home/ipt/kawshik/tts-testing/audio.cpp/models/OmniVoice
[TRACE ts=20260722-124352] runtime.model.discovered_config_count 6
[TRACE ts=20260722-124352] runtime.model.discovered_weight_count 2
[TRACE ts=20260722-124352] runtime.model.task_count 1
[TRACE ts=20260722-124352] runtime.model.language_count 1
[TRACE ts=20260722-124352] runtime.model.supports_speaker_reference 1
[TRACE ts=20260722-124352] runtime.model.supports_style_condition 1
[TRACE ts=20260722-124352] runtime.model.supports_timestamps 0
ggml_cuda_init: found 1 CUDA devices (Total VRAM: 24111 MiB):
  Device 0: NVIDIA GeForce RTX 4090, compute capability 8.9, VMM: yes, VRAM: 24111 MiB
ggml_backend_cuda_graph_compute: CUDA graph warmup complete
[TIMING ts=20260722-124357] omnivoice.reference.encode_ms 1.320029
[TIMING ts=20260722-124357] omnivoice.encoder.graph.rebuilt 1
[TIMING ts=20260722-124357] omnivoice.session.prompt_ms 2.247922
[TIMING ts=20260722-124357] omnivoice.session.generate_ms 1372.711659
[TIMING ts=20260722-124357] omnivoice.generator.graph.rebuilt 1
[TIMING ts=20260722-124357] omnivoice.generator.graph.rebuild_ms 2.941837
[TIMING ts=20260722-124357] omnivoice.session.decode_ms 9.515812
[TIMING ts=20260722-124357] omnivoice.decoder.graph.rebuilt 1
[TIMING ts=20260722-124357] omnivoice.decoder.graph.rebuild_ms 1.444164
[TIMING ts=20260722-124357] omnivoice.session.postprocess_ms 7.266239
[TIMING ts=20260722-124357] session.wall_ms 1393.270671
family=omnivoice
task=tts
mode=offline
audio_out=./outputs/single_infer/audiocpp_omnivoice_clone_mdwt_f32_atwt_f16_step52.wav
  Completed at: 12:43:57
  Output: ./outputs/single_infer/audiocpp_omnivoice_clone_mdwt_f32_atwt_f16_step52.wav

[284/375] weight_type=f32 | audio_tokenizer_weight_type=bf16 | steps=52 -> audiocpp_omnivoice_clone_mdwt_f32_atwt_bf16_step52.wav
  Started at: 12:43:57
[TRACE ts=20260722-124357] runtime.model.family omnivoice
[TRACE ts=20260722-124357] runtime.model.variant omnivoice
[TRACE ts=20260722-124357] runtime.model.root /home/ipt/kawshik/tts-testing/audio.cpp/models/OmniVoice
[TRACE ts=20260722-124357] runtime.model.discovered_config_count 6
[TRACE ts=20260722-124357] runtime.model.discovered_weight_count 2
[TRACE ts=20260722-124357] runtime.model.task_count 1
[TRACE ts=20260722-124357] runtime.model.language_count 1
[TRACE ts=20260722-124357] runtime.model.supports_speaker_reference 1
[TRACE ts=20260722-124357] runtime.model.supports_style_condition 1
[TRACE ts=20260722-124357] runtime.model.supports_timestamps 0
ggml_cuda_init: found 1 CUDA devices (Total VRAM: 24111 MiB):
  Device 0: NVIDIA GeForce RTX 4090, compute capability 8.9, VMM: yes, VRAM: 24111 MiB
ggml_backend_cuda_graph_compute: CUDA graph warmup complete
[TIMING ts=20260722-124403] omnivoice.reference.encode_ms 1.855994
[TIMING ts=20260722-124403] omnivoice.encoder.graph.rebuilt 1
[TIMING ts=20260722-124403] omnivoice.session.prompt_ms 5.022665
[TIMING ts=20260722-124403] omnivoice.session.generate_ms 1395.49015
[TIMING ts=20260722-124403] omnivoice.generator.graph.rebuilt 1
[TIMING ts=20260722-124403] omnivoice.generator.graph.rebuild_ms 4.701189
[TIMING ts=20260722-124403] omnivoice.session.decode_ms 10.366843
[TIMING ts=20260722-124403] omnivoice.decoder.graph.rebuilt 1
[TIMING ts=20260722-124403] omnivoice.decoder.graph.rebuild_ms 1.677164
[TIMING ts=20260722-124403] omnivoice.session.postprocess_ms 8.344923
[TIMING ts=20260722-124403] session.wall_ms 1422.303867
family=omnivoice
task=tts
mode=offline
audio_out=./outputs/single_infer/audiocpp_omnivoice_clone_mdwt_f32_atwt_bf16_step52.wav
  Completed at: 12:44:03
  Output: ./outputs/single_infer/audiocpp_omnivoice_clone_mdwt_f32_atwt_bf16_step52.wav

[285/375] weight_type=f32 | audio_tokenizer_weight_type=q8_0 | steps=52 -> audiocpp_omnivoice_clone_mdwt_f32_atwt_q8_0_step52.wav
  Started at: 12:44:03
[TRACE ts=20260722-124403] runtime.model.family omnivoice
[TRACE ts=20260722-124403] runtime.model.variant omnivoice
[TRACE ts=20260722-124403] runtime.model.root /home/ipt/kawshik/tts-testing/audio.cpp/models/OmniVoice
[TRACE ts=20260722-124403] runtime.model.discovered_config_count 6
[TRACE ts=20260722-124403] runtime.model.discovered_weight_count 2
[TRACE ts=20260722-124403] runtime.model.task_count 1
[TRACE ts=20260722-124403] runtime.model.language_count 1
[TRACE ts=20260722-124403] runtime.model.supports_speaker_reference 1
[TRACE ts=20260722-124403] runtime.model.supports_style_condition 1
[TRACE ts=20260722-124403] runtime.model.supports_timestamps 0
ggml_cuda_init: found 1 CUDA devices (Total VRAM: 24111 MiB):
  Device 0: NVIDIA GeForce RTX 4090, compute capability 8.9, VMM: yes, VRAM: 24111 MiB
ggml_backend_cuda_graph_compute: CUDA graph warmup complete
[TIMING ts=20260722-124408] omnivoice.reference.encode_ms 1.727736
[TIMING ts=20260722-124408] omnivoice.encoder.graph.rebuilt 1
[TIMING ts=20260722-124408] omnivoice.session.prompt_ms 4.025498
[TIMING ts=20260722-124408] omnivoice.session.generate_ms 1375.241467
[TIMING ts=20260722-124408] omnivoice.generator.graph.rebuilt 1
[TIMING ts=20260722-124408] omnivoice.generator.graph.rebuild_ms 3.818885
[TIMING ts=20260722-124408] omnivoice.session.decode_ms 44.601906
[TIMING ts=20260722-124408] omnivoice.decoder.graph.rebuilt 1
[TIMING ts=20260722-124408] omnivoice.decoder.graph.rebuild_ms 1.592339
[TIMING ts=20260722-124408] omnivoice.session.postprocess_ms 7.078153
[TIMING ts=20260722-124408] session.wall_ms 1432.903724
family=omnivoice
task=tts
mode=offline
audio_out=./outputs/single_infer/audiocpp_omnivoice_clone_mdwt_f32_atwt_q8_0_step52.wav
  Completed at: 12:44:09
  Output: ./outputs/single_infer/audiocpp_omnivoice_clone_mdwt_f32_atwt_q8_0_step52.wav

[286/375] weight_type=f16 | audio_tokenizer_weight_type=native | steps=52 -> audiocpp_omnivoice_clone_mdwt_f16_atwt_native_step52.wav
  Started at: 12:44:09
[TRACE ts=20260722-124409] runtime.model.family omnivoice
[TRACE ts=20260722-124409] runtime.model.variant omnivoice
[TRACE ts=20260722-124409] runtime.model.root /home/ipt/kawshik/tts-testing/audio.cpp/models/OmniVoice
[TRACE ts=20260722-124409] runtime.model.discovered_config_count 6
[TRACE ts=20260722-124409] runtime.model.discovered_weight_count 2
[TRACE ts=20260722-124409] runtime.model.task_count 1
[TRACE ts=20260722-124409] runtime.model.language_count 1
[TRACE ts=20260722-124409] runtime.model.supports_speaker_reference 1
[TRACE ts=20260722-124409] runtime.model.supports_style_condition 1
[TRACE ts=20260722-124409] runtime.model.supports_timestamps 0
ggml_cuda_init: found 1 CUDA devices (Total VRAM: 24111 MiB):
  Device 0: NVIDIA GeForce RTX 4090, compute capability 8.9, VMM: yes, VRAM: 24111 MiB
ggml_backend_cuda_graph_compute: CUDA graph warmup complete
[TIMING ts=20260722-124418] omnivoice.reference.encode_ms 1.711099
[TIMING ts=20260722-124418] omnivoice.encoder.graph.rebuilt 1
[TIMING ts=20260722-124418] omnivoice.session.prompt_ms 2.862728
[TIMING ts=20260722-124418] omnivoice.session.generate_ms 1111.810043
[TIMING ts=20260722-124418] omnivoice.generator.graph.rebuilt 1
[TIMING ts=20260722-124418] omnivoice.generator.graph.rebuild_ms 3.333962
[TIMING ts=20260722-124418] omnivoice.session.decode_ms 39.828663
[TIMING ts=20260722-124418] omnivoice.decoder.graph.rebuilt 1
[TIMING ts=20260722-124418] omnivoice.decoder.graph.rebuild_ms 1.717286
[TIMING ts=20260722-124418] omnivoice.session.postprocess_ms 8.582677
[TIMING ts=20260722-124418] session.wall_ms 1165.039938
family=omnivoice
task=tts
mode=offline
audio_out=./outputs/single_infer/audiocpp_omnivoice_clone_mdwt_f16_atwt_native_step52.wav
  Completed at: 12:44:18
  Output: ./outputs/single_infer/audiocpp_omnivoice_clone_mdwt_f16_atwt_native_step52.wav

[287/375] weight_type=f16 | audio_tokenizer_weight_type=f32 | steps=52 -> audiocpp_omnivoice_clone_mdwt_f16_atwt_f32_step52.wav
  Started at: 12:44:18
[TRACE ts=20260722-124419] runtime.model.family omnivoice
[TRACE ts=20260722-124419] runtime.model.variant omnivoice
[TRACE ts=20260722-124419] runtime.model.root /home/ipt/kawshik/tts-testing/audio.cpp/models/OmniVoice
[TRACE ts=20260722-124419] runtime.model.discovered_config_count 6
[TRACE ts=20260722-124419] runtime.model.discovered_weight_count 2
[TRACE ts=20260722-124419] runtime.model.task_count 1
[TRACE ts=20260722-124419] runtime.model.language_count 1
[TRACE ts=20260722-124419] runtime.model.supports_speaker_reference 1
[TRACE ts=20260722-124419] runtime.model.supports_style_condition 1
[TRACE ts=20260722-124419] runtime.model.supports_timestamps 0
ggml_cuda_init: found 1 CUDA devices (Total VRAM: 24111 MiB):
  Device 0: NVIDIA GeForce RTX 4090, compute capability 8.9, VMM: yes, VRAM: 24111 MiB
ggml_backend_cuda_graph_compute: CUDA graph warmup complete
[TIMING ts=20260722-124428] omnivoice.reference.encode_ms 1.438024
[TIMING ts=20260722-124428] omnivoice.encoder.graph.rebuilt 1
[TIMING ts=20260722-124428] omnivoice.session.prompt_ms 2.462089
[TIMING ts=20260722-124428] omnivoice.session.generate_ms 1093.004272
[TIMING ts=20260722-124428] omnivoice.generator.graph.rebuilt 1
[TIMING ts=20260722-124428] omnivoice.generator.graph.rebuild_ms 3.033861
[TIMING ts=20260722-124428] omnivoice.session.decode_ms 36.014737
[TIMING ts=20260722-124428] omnivoice.decoder.graph.rebuilt 1
[TIMING ts=20260722-124428] omnivoice.decoder.graph.rebuild_ms 1.482163
[TIMING ts=20260722-124428] omnivoice.session.postprocess_ms 7.729067
[TIMING ts=20260722-124428] session.wall_ms 1140.879904
family=omnivoice
task=tts
mode=offline
audio_out=./outputs/single_infer/audiocpp_omnivoice_clone_mdwt_f16_atwt_f32_step52.wav
  Completed at: 12:44:28
  Output: ./outputs/single_infer/audiocpp_omnivoice_clone_mdwt_f16_atwt_f32_step52.wav

[288/375] weight_type=f16 | audio_tokenizer_weight_type=f16 | steps=52 -> audiocpp_omnivoice_clone_mdwt_f16_atwt_f16_step52.wav
  Started at: 12:44:28
[TRACE ts=20260722-124428] runtime.model.family omnivoice
[TRACE ts=20260722-124428] runtime.model.variant omnivoice
[TRACE ts=20260722-124428] runtime.model.root /home/ipt/kawshik/tts-testing/audio.cpp/models/OmniVoice
[TRACE ts=20260722-124428] runtime.model.discovered_config_count 6
[TRACE ts=20260722-124428] runtime.model.discovered_weight_count 2
[TRACE ts=20260722-124428] runtime.model.task_count 1
[TRACE ts=20260722-124428] runtime.model.language_count 1
[TRACE ts=20260722-124428] runtime.model.supports_speaker_reference 1
[TRACE ts=20260722-124428] runtime.model.supports_style_condition 1
[TRACE ts=20260722-124428] runtime.model.supports_timestamps 0
ggml_cuda_init: found 1 CUDA devices (Total VRAM: 24111 MiB):
  Device 0: NVIDIA GeForce RTX 4090, compute capability 8.9, VMM: yes, VRAM: 24111 MiB
ggml_backend_cuda_graph_compute: CUDA graph warmup complete
[TIMING ts=20260722-124438] omnivoice.reference.encode_ms 1.498923
[TIMING ts=20260722-124438] omnivoice.encoder.graph.rebuilt 1
[TIMING ts=20260722-124438] omnivoice.session.prompt_ms 3.001296
[TIMING ts=20260722-124438] omnivoice.session.generate_ms 1042.744604
[TIMING ts=20260722-124438] omnivoice.generator.graph.rebuilt 1
[TIMING ts=20260722-124438] omnivoice.generator.graph.rebuild_ms 3.23931
[TIMING ts=20260722-124438] omnivoice.session.decode_ms 9.891537
[TIMING ts=20260722-124438] omnivoice.decoder.graph.rebuilt 1
[TIMING ts=20260722-124438] omnivoice.decoder.graph.rebuild_ms 1.464468
[TIMING ts=20260722-124438] omnivoice.session.postprocess_ms 6.691349
[TIMING ts=20260722-124438] session.wall_ms 1064.084065
family=omnivoice
task=tts
mode=offline
audio_out=./outputs/single_infer/audiocpp_omnivoice_clone_mdwt_f16_atwt_f16_step52.wav
  Completed at: 12:44:39
  Output: ./outputs/single_infer/audiocpp_omnivoice_clone_mdwt_f16_atwt_f16_step52.wav

[289/375] weight_type=f16 | audio_tokenizer_weight_type=bf16 | steps=52 -> audiocpp_omnivoice_clone_mdwt_f16_atwt_bf16_step52.wav
  Started at: 12:44:39
[TRACE ts=20260722-124439] runtime.model.family omnivoice
[TRACE ts=20260722-124439] runtime.model.variant omnivoice
[TRACE ts=20260722-124439] runtime.model.root /home/ipt/kawshik/tts-testing/audio.cpp/models/OmniVoice
[TRACE ts=20260722-124439] runtime.model.discovered_config_count 6
[TRACE ts=20260722-124439] runtime.model.discovered_weight_count 2
[TRACE ts=20260722-124439] runtime.model.task_count 1
[TRACE ts=20260722-124439] runtime.model.language_count 1
[TRACE ts=20260722-124439] runtime.model.supports_speaker_reference 1
[TRACE ts=20260722-124439] runtime.model.supports_style_condition 1
[TRACE ts=20260722-124439] runtime.model.supports_timestamps 0
ggml_cuda_init: found 1 CUDA devices (Total VRAM: 24111 MiB):
  Device 0: NVIDIA GeForce RTX 4090, compute capability 8.9, VMM: yes, VRAM: 24111 MiB
ggml_backend_cuda_graph_compute: CUDA graph warmup complete
[TIMING ts=20260722-124448] omnivoice.reference.encode_ms 1.388364
[TIMING ts=20260722-124448] omnivoice.encoder.graph.rebuilt 1
[TIMING ts=20260722-124448] omnivoice.session.prompt_ms 3.23165
[TIMING ts=20260722-124448] omnivoice.session.generate_ms 1041.153829
[TIMING ts=20260722-124448] omnivoice.generator.graph.rebuilt 1
[TIMING ts=20260722-124448] omnivoice.generator.graph.rebuild_ms 3.187299
[TIMING ts=20260722-124448] omnivoice.session.decode_ms 10.114912
[TIMING ts=20260722-124448] omnivoice.decoder.graph.rebuilt 1
[TIMING ts=20260722-124448] omnivoice.decoder.graph.rebuild_ms 1.537422
[TIMING ts=20260722-124448] omnivoice.session.postprocess_ms 7.192795
[TIMING ts=20260722-124448] session.wall_ms 1063.306552
family=omnivoice
task=tts
mode=offline
audio_out=./outputs/single_infer/audiocpp_omnivoice_clone_mdwt_f16_atwt_bf16_step52.wav
  Completed at: 12:44:49
  Output: ./outputs/single_infer/audiocpp_omnivoice_clone_mdwt_f16_atwt_bf16_step52.wav

[290/375] weight_type=f16 | audio_tokenizer_weight_type=q8_0 | steps=52 -> audiocpp_omnivoice_clone_mdwt_f16_atwt_q8_0_step52.wav
  Started at: 12:44:49
[TRACE ts=20260722-124449] runtime.model.family omnivoice
[TRACE ts=20260722-124449] runtime.model.variant omnivoice
[TRACE ts=20260722-124449] runtime.model.root /home/ipt/kawshik/tts-testing/audio.cpp/models/OmniVoice
[TRACE ts=20260722-124449] runtime.model.discovered_config_count 6
[TRACE ts=20260722-124449] runtime.model.discovered_weight_count 2
[TRACE ts=20260722-124449] runtime.model.task_count 1
[TRACE ts=20260722-124449] runtime.model.language_count 1
[TRACE ts=20260722-124449] runtime.model.supports_speaker_reference 1
[TRACE ts=20260722-124449] runtime.model.supports_style_condition 1
[TRACE ts=20260722-124449] runtime.model.supports_timestamps 0
ggml_cuda_init: found 1 CUDA devices (Total VRAM: 24111 MiB):
  Device 0: NVIDIA GeForce RTX 4090, compute capability 8.9, VMM: yes, VRAM: 24111 MiB
ggml_backend_cuda_graph_compute: CUDA graph warmup complete
[TIMING ts=20260722-124459] omnivoice.reference.encode_ms 1.563306
[TIMING ts=20260722-124459] omnivoice.encoder.graph.rebuilt 1
[TIMING ts=20260722-124459] omnivoice.session.prompt_ms 4.245677
[TIMING ts=20260722-124459] omnivoice.session.generate_ms 1060.526647
[TIMING ts=20260722-124459] omnivoice.generator.graph.rebuilt 1
[TIMING ts=20260722-124459] omnivoice.generator.graph.rebuild_ms 3.904671
[TIMING ts=20260722-124459] omnivoice.session.decode_ms 45.218888
[TIMING ts=20260722-124459] omnivoice.decoder.graph.rebuilt 1
[TIMING ts=20260722-124459] omnivoice.decoder.graph.rebuild_ms 1.442233
[TIMING ts=20260722-124459] omnivoice.session.postprocess_ms 7.764876
[TIMING ts=20260722-124459] session.wall_ms 1120.265905
family=omnivoice
task=tts
mode=offline
audio_out=./outputs/single_infer/audiocpp_omnivoice_clone_mdwt_f16_atwt_q8_0_step52.wav
  Completed at: 12:44:59
  Output: ./outputs/single_infer/audiocpp_omnivoice_clone_mdwt_f16_atwt_q8_0_step52.wav

[291/375] weight_type=bf16 | audio_tokenizer_weight_type=native | steps=52 -> audiocpp_omnivoice_clone_mdwt_bf16_atwt_native_step52.wav
  Started at: 12:44:59
[TRACE ts=20260722-124459] runtime.model.family omnivoice
[TRACE ts=20260722-124459] runtime.model.variant omnivoice
[TRACE ts=20260722-124459] runtime.model.root /home/ipt/kawshik/tts-testing/audio.cpp/models/OmniVoice
[TRACE ts=20260722-124459] runtime.model.discovered_config_count 6
[TRACE ts=20260722-124459] runtime.model.discovered_weight_count 2
[TRACE ts=20260722-124459] runtime.model.task_count 1
[TRACE ts=20260722-124459] runtime.model.language_count 1
[TRACE ts=20260722-124459] runtime.model.supports_speaker_reference 1
[TRACE ts=20260722-124459] runtime.model.supports_style_condition 1
[TRACE ts=20260722-124459] runtime.model.supports_timestamps 0
ggml_cuda_init: found 1 CUDA devices (Total VRAM: 24111 MiB):
  Device 0: NVIDIA GeForce RTX 4090, compute capability 8.9, VMM: yes, VRAM: 24111 MiB
ggml_backend_cuda_graph_compute: CUDA graph warmup complete
[TIMING ts=20260722-124507] omnivoice.reference.encode_ms 1.4986
[TIMING ts=20260722-124507] omnivoice.encoder.graph.rebuilt 1
[TIMING ts=20260722-124507] omnivoice.session.prompt_ms 4.880545
[TIMING ts=20260722-124507] omnivoice.session.generate_ms 1252.840082
[TIMING ts=20260722-124507] omnivoice.generator.graph.rebuilt 1
[TIMING ts=20260722-124507] omnivoice.generator.graph.rebuild_ms 3.045475
[TIMING ts=20260722-124507] omnivoice.session.decode_ms 43.240631
[TIMING ts=20260722-124507] omnivoice.decoder.graph.rebuilt 1
[TIMING ts=20260722-124507] omnivoice.decoder.graph.rebuild_ms 1.602769
[TIMING ts=20260722-124507] omnivoice.session.postprocess_ms 8.89766
[TIMING ts=20260722-124507] session.wall_ms 1311.573677
family=omnivoice
task=tts
mode=offline
audio_out=./outputs/single_infer/audiocpp_omnivoice_clone_mdwt_bf16_atwt_native_step52.wav
  Completed at: 12:45:08
  Output: ./outputs/single_infer/audiocpp_omnivoice_clone_mdwt_bf16_atwt_native_step52.wav

[292/375] weight_type=bf16 | audio_tokenizer_weight_type=f32 | steps=52 -> audiocpp_omnivoice_clone_mdwt_bf16_atwt_f32_step52.wav
  Started at: 12:45:08
[TRACE ts=20260722-124508] runtime.model.family omnivoice
[TRACE ts=20260722-124508] runtime.model.variant omnivoice
[TRACE ts=20260722-124508] runtime.model.root /home/ipt/kawshik/tts-testing/audio.cpp/models/OmniVoice
[TRACE ts=20260722-124508] runtime.model.discovered_config_count 6
[TRACE ts=20260722-124508] runtime.model.discovered_weight_count 2
[TRACE ts=20260722-124508] runtime.model.task_count 1
[TRACE ts=20260722-124508] runtime.model.language_count 1
[TRACE ts=20260722-124508] runtime.model.supports_speaker_reference 1
[TRACE ts=20260722-124508] runtime.model.supports_style_condition 1
[TRACE ts=20260722-124508] runtime.model.supports_timestamps 0
ggml_cuda_init: found 1 CUDA devices (Total VRAM: 24111 MiB):
  Device 0: NVIDIA GeForce RTX 4090, compute capability 8.9, VMM: yes, VRAM: 24111 MiB
ggml_backend_cuda_graph_compute: CUDA graph warmup complete
[TIMING ts=20260722-124516] omnivoice.reference.encode_ms 1.394303
[TIMING ts=20260722-124516] omnivoice.encoder.graph.rebuilt 1
[TIMING ts=20260722-124516] omnivoice.session.prompt_ms 2.229447
[TIMING ts=20260722-124516] omnivoice.session.generate_ms 1240.898547
[TIMING ts=20260722-124516] omnivoice.generator.graph.rebuilt 1
[TIMING ts=20260722-124516] omnivoice.generator.graph.rebuild_ms 2.701343
[TIMING ts=20260722-124516] omnivoice.session.decode_ms 35.563122
[TIMING ts=20260722-124516] omnivoice.decoder.graph.rebuilt 1
[TIMING ts=20260722-124516] omnivoice.decoder.graph.rebuild_ms 1.304001
[TIMING ts=20260722-124516] omnivoice.session.postprocess_ms 7.010068
[TIMING ts=20260722-124516] session.wall_ms 1287.337662
family=omnivoice
task=tts
mode=offline
audio_out=./outputs/single_infer/audiocpp_omnivoice_clone_mdwt_bf16_atwt_f32_step52.wav
  Completed at: 12:45:16
  Output: ./outputs/single_infer/audiocpp_omnivoice_clone_mdwt_bf16_atwt_f32_step52.wav

[293/375] weight_type=bf16 | audio_tokenizer_weight_type=f16 | steps=52 -> audiocpp_omnivoice_clone_mdwt_bf16_atwt_f16_step52.wav
  Started at: 12:45:16
[TRACE ts=20260722-124516] runtime.model.family omnivoice
[TRACE ts=20260722-124516] runtime.model.variant omnivoice
[TRACE ts=20260722-124516] runtime.model.root /home/ipt/kawshik/tts-testing/audio.cpp/models/OmniVoice
[TRACE ts=20260722-124516] runtime.model.discovered_config_count 6
[TRACE ts=20260722-124516] runtime.model.discovered_weight_count 2
[TRACE ts=20260722-124516] runtime.model.task_count 1
[TRACE ts=20260722-124516] runtime.model.language_count 1
[TRACE ts=20260722-124516] runtime.model.supports_speaker_reference 1
[TRACE ts=20260722-124516] runtime.model.supports_style_condition 1
[TRACE ts=20260722-124516] runtime.model.supports_timestamps 0
ggml_cuda_init: found 1 CUDA devices (Total VRAM: 24111 MiB):
  Device 0: NVIDIA GeForce RTX 4090, compute capability 8.9, VMM: yes, VRAM: 24111 MiB
ggml_backend_cuda_graph_compute: CUDA graph warmup complete
[TIMING ts=20260722-124525] omnivoice.reference.encode_ms 1.429218
[TIMING ts=20260722-124525] omnivoice.encoder.graph.rebuilt 1
[TIMING ts=20260722-124525] omnivoice.session.prompt_ms 2.881538
[TIMING ts=20260722-124525] omnivoice.session.generate_ms 1266.086849
[TIMING ts=20260722-124525] omnivoice.generator.graph.rebuilt 1
[TIMING ts=20260722-124525] omnivoice.generator.graph.rebuild_ms 3.293849
[TIMING ts=20260722-124525] omnivoice.session.decode_ms 9.870804
[TIMING ts=20260722-124525] omnivoice.decoder.graph.rebuilt 1
[TIMING ts=20260722-124525] omnivoice.decoder.graph.rebuild_ms 1.561754
[TIMING ts=20260722-124525] omnivoice.session.postprocess_ms 8.359062
[TIMING ts=20260722-124525] session.wall_ms 1288.837854
family=omnivoice
task=tts
mode=offline
audio_out=./outputs/single_infer/audiocpp_omnivoice_clone_mdwt_bf16_atwt_f16_step52.wav
  Completed at: 12:45:25
  Output: ./outputs/single_infer/audiocpp_omnivoice_clone_mdwt_bf16_atwt_f16_step52.wav

[294/375] weight_type=bf16 | audio_tokenizer_weight_type=bf16 | steps=52 -> audiocpp_omnivoice_clone_mdwt_bf16_atwt_bf16_step52.wav
  Started at: 12:45:25
[TRACE ts=20260722-124525] runtime.model.family omnivoice
[TRACE ts=20260722-124525] runtime.model.variant omnivoice
[TRACE ts=20260722-124525] runtime.model.root /home/ipt/kawshik/tts-testing/audio.cpp/models/OmniVoice
[TRACE ts=20260722-124525] runtime.model.discovered_config_count 6
[TRACE ts=20260722-124525] runtime.model.discovered_weight_count 2
[TRACE ts=20260722-124525] runtime.model.task_count 1
[TRACE ts=20260722-124525] runtime.model.language_count 1
[TRACE ts=20260722-124525] runtime.model.supports_speaker_reference 1
[TRACE ts=20260722-124525] runtime.model.supports_style_condition 1
[TRACE ts=20260722-124525] runtime.model.supports_timestamps 0
ggml_cuda_init: found 1 CUDA devices (Total VRAM: 24111 MiB):
  Device 0: NVIDIA GeForce RTX 4090, compute capability 8.9, VMM: yes, VRAM: 24111 MiB
ggml_backend_cuda_graph_compute: CUDA graph warmup complete
[TIMING ts=20260722-124534] omnivoice.reference.encode_ms 1.426636
[TIMING ts=20260722-124534] omnivoice.encoder.graph.rebuilt 1
[TIMING ts=20260722-124534] omnivoice.session.prompt_ms 3.491894
[TIMING ts=20260722-124534] omnivoice.session.generate_ms 1139.310434
[TIMING ts=20260722-124534] omnivoice.generator.graph.rebuilt 1
[TIMING ts=20260722-124534] omnivoice.generator.graph.rebuild_ms 3.279045
[TIMING ts=20260722-124534] omnivoice.session.decode_ms 9.688057
[TIMING ts=20260722-124534] omnivoice.decoder.graph.rebuilt 1
[TIMING ts=20260722-124534] omnivoice.decoder.graph.rebuild_ms 1.44365
[TIMING ts=20260722-124534] omnivoice.session.postprocess_ms 7.178898
[TIMING ts=20260722-124534] session.wall_ms 1161.327876
family=omnivoice
task=tts
mode=offline
audio_out=./outputs/single_infer/audiocpp_omnivoice_clone_mdwt_bf16_atwt_bf16_step52.wav
  Completed at: 12:45:34
  Output: ./outputs/single_infer/audiocpp_omnivoice_clone_mdwt_bf16_atwt_bf16_step52.wav

[295/375] weight_type=bf16 | audio_tokenizer_weight_type=q8_0 | steps=52 -> audiocpp_omnivoice_clone_mdwt_bf16_atwt_q8_0_step52.wav
  Started at: 12:45:34
[TRACE ts=20260722-124534] runtime.model.family omnivoice
[TRACE ts=20260722-124534] runtime.model.variant omnivoice
[TRACE ts=20260722-124534] runtime.model.root /home/ipt/kawshik/tts-testing/audio.cpp/models/OmniVoice
[TRACE ts=20260722-124534] runtime.model.discovered_config_count 6
[TRACE ts=20260722-124534] runtime.model.discovered_weight_count 2
[TRACE ts=20260722-124534] runtime.model.task_count 1
[TRACE ts=20260722-124534] runtime.model.language_count 1
[TRACE ts=20260722-124534] runtime.model.supports_speaker_reference 1
[TRACE ts=20260722-124534] runtime.model.supports_style_condition 1
[TRACE ts=20260722-124534] runtime.model.supports_timestamps 0
ggml_cuda_init: found 1 CUDA devices (Total VRAM: 24111 MiB):
  Device 0: NVIDIA GeForce RTX 4090, compute capability 8.9, VMM: yes, VRAM: 24111 MiB
ggml_backend_cuda_graph_compute: CUDA graph warmup complete
[TIMING ts=20260722-124544] omnivoice.reference.encode_ms 1.694121
[TIMING ts=20260722-124544] omnivoice.encoder.graph.rebuilt 1
[TIMING ts=20260722-124544] omnivoice.session.prompt_ms 3.943956
[TIMING ts=20260722-124544] omnivoice.session.generate_ms 1282.142608
[TIMING ts=20260722-124544] omnivoice.generator.graph.rebuilt 1
[TIMING ts=20260722-124544] omnivoice.generator.graph.rebuild_ms 3.736079
[TIMING ts=20260722-124544] omnivoice.session.decode_ms 50.202916
[TIMING ts=20260722-124544] omnivoice.decoder.graph.rebuilt 1
[TIMING ts=20260722-124544] omnivoice.decoder.graph.rebuild_ms 1.643044
[TIMING ts=20260722-124544] omnivoice.session.postprocess_ms 8.861808
[TIMING ts=20260722-124544] session.wall_ms 1347.069646
family=omnivoice
task=tts
mode=offline
audio_out=./outputs/single_infer/audiocpp_omnivoice_clone_mdwt_bf16_atwt_q8_0_step52.wav
  Completed at: 12:45:44
  Output: ./outputs/single_infer/audiocpp_omnivoice_clone_mdwt_bf16_atwt_q8_0_step52.wav

[296/375] weight_type=q8_0 | audio_tokenizer_weight_type=native | steps=52 -> audiocpp_omnivoice_clone_mdwt_q8_0_atwt_native_step52.wav
  Started at: 12:45:44
[TRACE ts=20260722-124544] runtime.model.family omnivoice
[TRACE ts=20260722-124544] runtime.model.variant omnivoice
[TRACE ts=20260722-124544] runtime.model.root /home/ipt/kawshik/tts-testing/audio.cpp/models/OmniVoice
[TRACE ts=20260722-124544] runtime.model.discovered_config_count 6
[TRACE ts=20260722-124544] runtime.model.discovered_weight_count 2
[TRACE ts=20260722-124544] runtime.model.task_count 1
[TRACE ts=20260722-124544] runtime.model.language_count 1
[TRACE ts=20260722-124544] runtime.model.supports_speaker_reference 1
[TRACE ts=20260722-124544] runtime.model.supports_style_condition 1
[TRACE ts=20260722-124544] runtime.model.supports_timestamps 0
ggml_cuda_init: found 1 CUDA devices (Total VRAM: 24111 MiB):
  Device 0: NVIDIA GeForce RTX 4090, compute capability 8.9, VMM: yes, VRAM: 24111 MiB
ggml_backend_cuda_graph_compute: CUDA graph warmup complete
[TIMING ts=20260722-124554] omnivoice.reference.encode_ms 1.581427
[TIMING ts=20260722-124554] omnivoice.encoder.graph.rebuilt 1
[TIMING ts=20260722-124554] omnivoice.session.prompt_ms 2.547209
[TIMING ts=20260722-124554] omnivoice.session.generate_ms 1140.597208
[TIMING ts=20260722-124554] omnivoice.generator.graph.rebuilt 1
[TIMING ts=20260722-124554] omnivoice.generator.graph.rebuild_ms 3.00957
[TIMING ts=20260722-124554] omnivoice.session.decode_ms 35.134642
[TIMING ts=20260722-124554] omnivoice.decoder.graph.rebuilt 1
[TIMING ts=20260722-124554] omnivoice.decoder.graph.rebuild_ms 1.486214
[TIMING ts=20260722-124554] omnivoice.session.postprocess_ms 7.433134
[TIMING ts=20260722-124554] session.wall_ms 1187.516305
family=omnivoice
task=tts
mode=offline
audio_out=./outputs/single_infer/audiocpp_omnivoice_clone_mdwt_q8_0_atwt_native_step52.wav
  Completed at: 12:45:54
  Output: ./outputs/single_infer/audiocpp_omnivoice_clone_mdwt_q8_0_atwt_native_step52.wav

[297/375] weight_type=q8_0 | audio_tokenizer_weight_type=f32 | steps=52 -> audiocpp_omnivoice_clone_mdwt_q8_0_atwt_f32_step52.wav
  Started at: 12:45:54
[TRACE ts=20260722-124554] runtime.model.family omnivoice
[TRACE ts=20260722-124554] runtime.model.variant omnivoice
[TRACE ts=20260722-124554] runtime.model.root /home/ipt/kawshik/tts-testing/audio.cpp/models/OmniVoice
[TRACE ts=20260722-124554] runtime.model.discovered_config_count 6
[TRACE ts=20260722-124554] runtime.model.discovered_weight_count 2
[TRACE ts=20260722-124554] runtime.model.task_count 1
[TRACE ts=20260722-124554] runtime.model.language_count 1
[TRACE ts=20260722-124554] runtime.model.supports_speaker_reference 1
[TRACE ts=20260722-124554] runtime.model.supports_style_condition 1
[TRACE ts=20260722-124554] runtime.model.supports_timestamps 0
ggml_cuda_init: found 1 CUDA devices (Total VRAM: 24111 MiB):
  Device 0: NVIDIA GeForce RTX 4090, compute capability 8.9, VMM: yes, VRAM: 24111 MiB
ggml_backend_cuda_graph_compute: CUDA graph warmup complete
[TIMING ts=20260722-124605] omnivoice.reference.encode_ms 1.356026
[TIMING ts=20260722-124605] omnivoice.encoder.graph.rebuilt 1
[TIMING ts=20260722-124605] omnivoice.session.prompt_ms 2.646047
[TIMING ts=20260722-124605] omnivoice.session.generate_ms 1148.088902
[TIMING ts=20260722-124605] omnivoice.generator.graph.rebuilt 1
[TIMING ts=20260722-124605] omnivoice.generator.graph.rebuild_ms 2.939618
[TIMING ts=20260722-124605] omnivoice.session.decode_ms 33.933231
[TIMING ts=20260722-124605] omnivoice.decoder.graph.rebuilt 1
[TIMING ts=20260722-124605] omnivoice.decoder.graph.rebuild_ms 1.548723
[TIMING ts=20260722-124605] omnivoice.session.postprocess_ms 6.986895
[TIMING ts=20260722-124605] session.wall_ms 1193.225165
family=omnivoice
task=tts
mode=offline
audio_out=./outputs/single_infer/audiocpp_omnivoice_clone_mdwt_q8_0_atwt_f32_step52.wav
  Completed at: 12:46:05
  Output: ./outputs/single_infer/audiocpp_omnivoice_clone_mdwt_q8_0_atwt_f32_step52.wav

[298/375] weight_type=q8_0 | audio_tokenizer_weight_type=f16 | steps=52 -> audiocpp_omnivoice_clone_mdwt_q8_0_atwt_f16_step52.wav
  Started at: 12:46:05
[TRACE ts=20260722-124605] runtime.model.family omnivoice
[TRACE ts=20260722-124605] runtime.model.variant omnivoice
[TRACE ts=20260722-124605] runtime.model.root /home/ipt/kawshik/tts-testing/audio.cpp/models/OmniVoice
[TRACE ts=20260722-124605] runtime.model.discovered_config_count 6
[TRACE ts=20260722-124605] runtime.model.discovered_weight_count 2
[TRACE ts=20260722-124605] runtime.model.task_count 1
[TRACE ts=20260722-124605] runtime.model.language_count 1
[TRACE ts=20260722-124605] runtime.model.supports_speaker_reference 1
[TRACE ts=20260722-124605] runtime.model.supports_style_condition 1
[TRACE ts=20260722-124605] runtime.model.supports_timestamps 0
ggml_cuda_init: found 1 CUDA devices (Total VRAM: 24111 MiB):
  Device 0: NVIDIA GeForce RTX 4090, compute capability 8.9, VMM: yes, VRAM: 24111 MiB
ggml_backend_cuda_graph_compute: CUDA graph warmup complete
[TIMING ts=20260722-124616] omnivoice.reference.encode_ms 1.522491
[TIMING ts=20260722-124616] omnivoice.encoder.graph.rebuilt 1
[TIMING ts=20260722-124616] omnivoice.session.prompt_ms 4.787875
[TIMING ts=20260722-124616] omnivoice.session.generate_ms 1070.521922
[TIMING ts=20260722-124616] omnivoice.generator.graph.rebuilt 1
[TIMING ts=20260722-124616] omnivoice.generator.graph.rebuild_ms 3.329622
[TIMING ts=20260722-124616] omnivoice.session.decode_ms 9.443594
[TIMING ts=20260722-124616] omnivoice.decoder.graph.rebuilt 1
[TIMING ts=20260722-124616] omnivoice.decoder.graph.rebuild_ms 1.436264
[TIMING ts=20260722-124616] omnivoice.session.postprocess_ms 6.911912
[TIMING ts=20260722-124616] session.wall_ms 1093.432693
family=omnivoice
task=tts
mode=offline
audio_out=./outputs/single_infer/audiocpp_omnivoice_clone_mdwt_q8_0_atwt_f16_step52.wav
  Completed at: 12:46:16
  Output: ./outputs/single_infer/audiocpp_omnivoice_clone_mdwt_q8_0_atwt_f16_step52.wav

[299/375] weight_type=q8_0 | audio_tokenizer_weight_type=bf16 | steps=52 -> audiocpp_omnivoice_clone_mdwt_q8_0_atwt_bf16_step52.wav
  Started at: 12:46:16
[TRACE ts=20260722-124616] runtime.model.family omnivoice
[TRACE ts=20260722-124616] runtime.model.variant omnivoice
[TRACE ts=20260722-124616] runtime.model.root /home/ipt/kawshik/tts-testing/audio.cpp/models/OmniVoice
[TRACE ts=20260722-124616] runtime.model.discovered_config_count 6
[TRACE ts=20260722-124616] runtime.model.discovered_weight_count 2
[TRACE ts=20260722-124616] runtime.model.task_count 1
[TRACE ts=20260722-124616] runtime.model.language_count 1
[TRACE ts=20260722-124616] runtime.model.supports_speaker_reference 1
[TRACE ts=20260722-124616] runtime.model.supports_style_condition 1
[TRACE ts=20260722-124616] runtime.model.supports_timestamps 0
ggml_cuda_init: found 1 CUDA devices (Total VRAM: 24111 MiB):
  Device 0: NVIDIA GeForce RTX 4090, compute capability 8.9, VMM: yes, VRAM: 24111 MiB
ggml_backend_cuda_graph_compute: CUDA graph warmup complete
[TIMING ts=20260722-124628] omnivoice.reference.encode_ms 1.368437
[TIMING ts=20260722-124628] omnivoice.encoder.graph.rebuilt 1
[TIMING ts=20260722-124628] omnivoice.session.prompt_ms 3.343671
[TIMING ts=20260722-124628] omnivoice.session.generate_ms 1089.289423
[TIMING ts=20260722-124628] omnivoice.generator.graph.rebuilt 1
[TIMING ts=20260722-124628] omnivoice.generator.graph.rebuild_ms 3.35889
[TIMING ts=20260722-124628] omnivoice.session.decode_ms 9.970394
[TIMING ts=20260722-124628] omnivoice.decoder.graph.rebuilt 1
[TIMING ts=20260722-124628] omnivoice.decoder.graph.rebuild_ms 1.523942
[TIMING ts=20260722-124628] omnivoice.session.postprocess_ms 7.27016
[TIMING ts=20260722-124628] session.wall_ms 1111.48791
family=omnivoice
task=tts
mode=offline
audio_out=./outputs/single_infer/audiocpp_omnivoice_clone_mdwt_q8_0_atwt_bf16_step52.wav
  Completed at: 12:46:28
  Output: ./outputs/single_infer/audiocpp_omnivoice_clone_mdwt_q8_0_atwt_bf16_step52.wav

[300/375] weight_type=q8_0 | audio_tokenizer_weight_type=q8_0 | steps=52 -> audiocpp_omnivoice_clone_mdwt_q8_0_atwt_q8_0_step52.wav
  Started at: 12:46:28
[TRACE ts=20260722-124628] runtime.model.family omnivoice
[TRACE ts=20260722-124628] runtime.model.variant omnivoice
[TRACE ts=20260722-124628] runtime.model.root /home/ipt/kawshik/tts-testing/audio.cpp/models/OmniVoice
[TRACE ts=20260722-124628] runtime.model.discovered_config_count 6
[TRACE ts=20260722-124628] runtime.model.discovered_weight_count 2
[TRACE ts=20260722-124628] runtime.model.task_count 1
[TRACE ts=20260722-124628] runtime.model.language_count 1
[TRACE ts=20260722-124628] runtime.model.supports_speaker_reference 1
[TRACE ts=20260722-124628] runtime.model.supports_style_condition 1
[TRACE ts=20260722-124628] runtime.model.supports_timestamps 0
ggml_cuda_init: found 1 CUDA devices (Total VRAM: 24111 MiB):
  Device 0: NVIDIA GeForce RTX 4090, compute capability 8.9, VMM: yes, VRAM: 24111 MiB
ggml_backend_cuda_graph_compute: CUDA graph warmup complete
[TIMING ts=20260722-124639] omnivoice.reference.encode_ms 1.500734
[TIMING ts=20260722-124639] omnivoice.encoder.graph.rebuilt 1
[TIMING ts=20260722-124639] omnivoice.session.prompt_ms 3.578702
[TIMING ts=20260722-124639] omnivoice.session.generate_ms 1082.837942
[TIMING ts=20260722-124639] omnivoice.generator.graph.rebuilt 1
[TIMING ts=20260722-124639] omnivoice.generator.graph.rebuild_ms 3.411213
[TIMING ts=20260722-124639] omnivoice.session.decode_ms 43.886183
[TIMING ts=20260722-124639] omnivoice.decoder.graph.rebuilt 1
[TIMING ts=20260722-124639] omnivoice.decoder.graph.rebuild_ms 1.479632
[TIMING ts=20260722-124639] omnivoice.session.postprocess_ms 7.515256
[TIMING ts=20260722-124639] session.wall_ms 1139.563223
family=omnivoice
task=tts
mode=offline
audio_out=./outputs/single_infer/audiocpp_omnivoice_clone_mdwt_q8_0_atwt_q8_0_step52.wav
  Completed at: 12:46:39
  Output: ./outputs/single_infer/audiocpp_omnivoice_clone_mdwt_q8_0_atwt_q8_0_step52.wav

[301/375] weight_type=native | audio_tokenizer_weight_type=native | steps=56 -> audiocpp_omnivoice_clone_mdwt_native_atwt_native_step56.wav
  Started at: 12:46:39
[TRACE ts=20260722-124639] runtime.model.family omnivoice
[TRACE ts=20260722-124639] runtime.model.variant omnivoice
[TRACE ts=20260722-124639] runtime.model.root /home/ipt/kawshik/tts-testing/audio.cpp/models/OmniVoice
[TRACE ts=20260722-124639] runtime.model.discovered_config_count 6
[TRACE ts=20260722-124639] runtime.model.discovered_weight_count 2
[TRACE ts=20260722-124639] runtime.model.task_count 1
[TRACE ts=20260722-124639] runtime.model.language_count 1
[TRACE ts=20260722-124639] runtime.model.supports_speaker_reference 1
[TRACE ts=20260722-124639] runtime.model.supports_style_condition 1
[TRACE ts=20260722-124639] runtime.model.supports_timestamps 0
ggml_cuda_init: found 1 CUDA devices (Total VRAM: 24111 MiB):
  Device 0: NVIDIA GeForce RTX 4090, compute capability 8.9, VMM: yes, VRAM: 24111 MiB
ggml_backend_cuda_graph_compute: CUDA graph warmup complete
[TIMING ts=20260722-124644] omnivoice.reference.encode_ms 1.822607
[TIMING ts=20260722-124644] omnivoice.encoder.graph.rebuilt 1
[TIMING ts=20260722-124644] omnivoice.session.prompt_ms 3.020624
[TIMING ts=20260722-124644] omnivoice.session.generate_ms 1508.326697
[TIMING ts=20260722-124644] omnivoice.generator.graph.rebuilt 1
[TIMING ts=20260722-124644] omnivoice.generator.graph.rebuild_ms 3.286511
[TIMING ts=20260722-124644] omnivoice.session.decode_ms 41.705935
[TIMING ts=20260722-124644] omnivoice.decoder.graph.rebuilt 1
[TIMING ts=20260722-124644] omnivoice.decoder.graph.rebuild_ms 1.51332
[TIMING ts=20260722-124644] omnivoice.session.postprocess_ms 7.658705
[TIMING ts=20260722-124644] session.wall_ms 1562.796004
family=omnivoice
task=tts
mode=offline
audio_out=./outputs/single_infer/audiocpp_omnivoice_clone_mdwt_native_atwt_native_step56.wav
  Completed at: 12:46:44
  Output: ./outputs/single_infer/audiocpp_omnivoice_clone_mdwt_native_atwt_native_step56.wav

[302/375] weight_type=native | audio_tokenizer_weight_type=f32 | steps=56 -> audiocpp_omnivoice_clone_mdwt_native_atwt_f32_step56.wav
  Started at: 12:46:44
[TRACE ts=20260722-124645] runtime.model.family omnivoice
[TRACE ts=20260722-124645] runtime.model.variant omnivoice
[TRACE ts=20260722-124645] runtime.model.root /home/ipt/kawshik/tts-testing/audio.cpp/models/OmniVoice
[TRACE ts=20260722-124645] runtime.model.discovered_config_count 6
[TRACE ts=20260722-124645] runtime.model.discovered_weight_count 2
[TRACE ts=20260722-124645] runtime.model.task_count 1
[TRACE ts=20260722-124645] runtime.model.language_count 1
[TRACE ts=20260722-124645] runtime.model.supports_speaker_reference 1
[TRACE ts=20260722-124645] runtime.model.supports_style_condition 1
[TRACE ts=20260722-124645] runtime.model.supports_timestamps 0
ggml_cuda_init: found 1 CUDA devices (Total VRAM: 24111 MiB):
  Device 0: NVIDIA GeForce RTX 4090, compute capability 8.9, VMM: yes, VRAM: 24111 MiB
ggml_backend_cuda_graph_compute: CUDA graph warmup complete
[TIMING ts=20260722-124649] omnivoice.reference.encode_ms 1.694231
[TIMING ts=20260722-124649] omnivoice.encoder.graph.rebuilt 1
[TIMING ts=20260722-124649] omnivoice.session.prompt_ms 2.87748
[TIMING ts=20260722-124649] omnivoice.session.generate_ms 1484.014851
[TIMING ts=20260722-124649] omnivoice.generator.graph.rebuilt 1
[TIMING ts=20260722-124649] omnivoice.generator.graph.rebuild_ms 2.930609
[TIMING ts=20260722-124649] omnivoice.session.decode_ms 39.4837
[TIMING ts=20260722-124649] omnivoice.decoder.graph.rebuilt 1
[TIMING ts=20260722-124649] omnivoice.decoder.graph.rebuild_ms 1.479472
[TIMING ts=20260722-124649] omnivoice.session.postprocess_ms 7.234251
[TIMING ts=20260722-124649] session.wall_ms 1535.52444
family=omnivoice
task=tts
mode=offline
audio_out=./outputs/single_infer/audiocpp_omnivoice_clone_mdwt_native_atwt_f32_step56.wav
  Completed at: 12:46:49
  Output: ./outputs/single_infer/audiocpp_omnivoice_clone_mdwt_native_atwt_f32_step56.wav

[303/375] weight_type=native | audio_tokenizer_weight_type=f16 | steps=56 -> audiocpp_omnivoice_clone_mdwt_native_atwt_f16_step56.wav
  Started at: 12:46:49
[TRACE ts=20260722-124649] runtime.model.family omnivoice
[TRACE ts=20260722-124649] runtime.model.variant omnivoice
[TRACE ts=20260722-124649] runtime.model.root /home/ipt/kawshik/tts-testing/audio.cpp/models/OmniVoice
[TRACE ts=20260722-124649] runtime.model.discovered_config_count 6
[TRACE ts=20260722-124649] runtime.model.discovered_weight_count 2
[TRACE ts=20260722-124649] runtime.model.task_count 1
[TRACE ts=20260722-124649] runtime.model.language_count 1
[TRACE ts=20260722-124649] runtime.model.supports_speaker_reference 1
[TRACE ts=20260722-124649] runtime.model.supports_style_condition 1
[TRACE ts=20260722-124649] runtime.model.supports_timestamps 0
ggml_cuda_init: found 1 CUDA devices (Total VRAM: 24111 MiB):
  Device 0: NVIDIA GeForce RTX 4090, compute capability 8.9, VMM: yes, VRAM: 24111 MiB
ggml_backend_cuda_graph_compute: CUDA graph warmup complete
[TIMING ts=20260722-124655] omnivoice.reference.encode_ms 1.39373
[TIMING ts=20260722-124655] omnivoice.encoder.graph.rebuilt 1
[TIMING ts=20260722-124655] omnivoice.session.prompt_ms 2.457065
[TIMING ts=20260722-124655] omnivoice.session.generate_ms 1459.122898
[TIMING ts=20260722-124655] omnivoice.generator.graph.rebuilt 1
[TIMING ts=20260722-124655] omnivoice.generator.graph.rebuild_ms 3.120613
[TIMING ts=20260722-124655] omnivoice.session.decode_ms 10.388521
[TIMING ts=20260722-124655] omnivoice.decoder.graph.rebuilt 1
[TIMING ts=20260722-124655] omnivoice.decoder.graph.rebuild_ms 2.189818
[TIMING ts=20260722-124655] omnivoice.session.postprocess_ms 8.35691
[TIMING ts=20260722-124655] session.wall_ms 1481.927534
family=omnivoice
task=tts
mode=offline
audio_out=./outputs/single_infer/audiocpp_omnivoice_clone_mdwt_native_atwt_f16_step56.wav
  Completed at: 12:46:55
  Output: ./outputs/single_infer/audiocpp_omnivoice_clone_mdwt_native_atwt_f16_step56.wav

[304/375] weight_type=native | audio_tokenizer_weight_type=bf16 | steps=56 -> audiocpp_omnivoice_clone_mdwt_native_atwt_bf16_step56.wav
  Started at: 12:46:55
[TRACE ts=20260722-124655] runtime.model.family omnivoice
[TRACE ts=20260722-124655] runtime.model.variant omnivoice
[TRACE ts=20260722-124655] runtime.model.root /home/ipt/kawshik/tts-testing/audio.cpp/models/OmniVoice
[TRACE ts=20260722-124655] runtime.model.discovered_config_count 6
[TRACE ts=20260722-124655] runtime.model.discovered_weight_count 2
[TRACE ts=20260722-124655] runtime.model.task_count 1
[TRACE ts=20260722-124655] runtime.model.language_count 1
[TRACE ts=20260722-124655] runtime.model.supports_speaker_reference 1
[TRACE ts=20260722-124655] runtime.model.supports_style_condition 1
[TRACE ts=20260722-124655] runtime.model.supports_timestamps 0
ggml_cuda_init: found 1 CUDA devices (Total VRAM: 24111 MiB):
  Device 0: NVIDIA GeForce RTX 4090, compute capability 8.9, VMM: yes, VRAM: 24111 MiB
ggml_backend_cuda_graph_compute: CUDA graph warmup complete
[TIMING ts=20260722-124700] omnivoice.reference.encode_ms 1.694234
[TIMING ts=20260722-124700] omnivoice.encoder.graph.rebuilt 1
[TIMING ts=20260722-124700] omnivoice.session.prompt_ms 4.084163
[TIMING ts=20260722-124700] omnivoice.session.generate_ms 1485.221235
[TIMING ts=20260722-124700] omnivoice.generator.graph.rebuilt 1
[TIMING ts=20260722-124700] omnivoice.generator.graph.rebuild_ms 3.657068
[TIMING ts=20260722-124700] omnivoice.session.decode_ms 9.524787
[TIMING ts=20260722-124700] omnivoice.decoder.graph.rebuilt 1
[TIMING ts=20260722-124700] omnivoice.decoder.graph.rebuild_ms 1.489149
[TIMING ts=20260722-124700] omnivoice.session.postprocess_ms 6.8989
[TIMING ts=20260722-124700] session.wall_ms 1507.685599
family=omnivoice
task=tts
mode=offline
audio_out=./outputs/single_infer/audiocpp_omnivoice_clone_mdwt_native_atwt_bf16_step56.wav
  Completed at: 12:47:00
  Output: ./outputs/single_infer/audiocpp_omnivoice_clone_mdwt_native_atwt_bf16_step56.wav

[305/375] weight_type=native | audio_tokenizer_weight_type=q8_0 | steps=56 -> audiocpp_omnivoice_clone_mdwt_native_atwt_q8_0_step56.wav
  Started at: 12:47:00
[TRACE ts=20260722-124700] runtime.model.family omnivoice
[TRACE ts=20260722-124700] runtime.model.variant omnivoice
[TRACE ts=20260722-124700] runtime.model.root /home/ipt/kawshik/tts-testing/audio.cpp/models/OmniVoice
[TRACE ts=20260722-124700] runtime.model.discovered_config_count 6
[TRACE ts=20260722-124700] runtime.model.discovered_weight_count 2
[TRACE ts=20260722-124700] runtime.model.task_count 1
[TRACE ts=20260722-124700] runtime.model.language_count 1
[TRACE ts=20260722-124700] runtime.model.supports_speaker_reference 1
[TRACE ts=20260722-124700] runtime.model.supports_style_condition 1
[TRACE ts=20260722-124700] runtime.model.supports_timestamps 0
ggml_cuda_init: found 1 CUDA devices (Total VRAM: 24111 MiB):
  Device 0: NVIDIA GeForce RTX 4090, compute capability 8.9, VMM: yes, VRAM: 24111 MiB
ggml_backend_cuda_graph_compute: CUDA graph warmup complete
[TIMING ts=20260722-124705] omnivoice.reference.encode_ms 1.694086
[TIMING ts=20260722-124705] omnivoice.encoder.graph.rebuilt 1
[TIMING ts=20260722-124705] omnivoice.session.prompt_ms 3.967994
[TIMING ts=20260722-124705] omnivoice.session.generate_ms 1465.186882
[TIMING ts=20260722-124705] omnivoice.generator.graph.rebuilt 1
[TIMING ts=20260722-124705] omnivoice.generator.graph.rebuild_ms 3.744858
[TIMING ts=20260722-124705] omnivoice.session.decode_ms 44.242663
[TIMING ts=20260722-124705] omnivoice.decoder.graph.rebuilt 1
[TIMING ts=20260722-124705] omnivoice.decoder.graph.rebuild_ms 1.562749
[TIMING ts=20260722-124705] omnivoice.session.postprocess_ms 7.172723
[TIMING ts=20260722-124705] session.wall_ms 1522.50332
family=omnivoice
task=tts
mode=offline
audio_out=./outputs/single_infer/audiocpp_omnivoice_clone_mdwt_native_atwt_q8_0_step56.wav
  Completed at: 12:47:05
  Output: ./outputs/single_infer/audiocpp_omnivoice_clone_mdwt_native_atwt_q8_0_step56.wav

[306/375] weight_type=f32 | audio_tokenizer_weight_type=native | steps=56 -> audiocpp_omnivoice_clone_mdwt_f32_atwt_native_step56.wav
  Started at: 12:47:05
[TRACE ts=20260722-124705] runtime.model.family omnivoice
[TRACE ts=20260722-124705] runtime.model.variant omnivoice
[TRACE ts=20260722-124705] runtime.model.root /home/ipt/kawshik/tts-testing/audio.cpp/models/OmniVoice
[TRACE ts=20260722-124705] runtime.model.discovered_config_count 6
[TRACE ts=20260722-124705] runtime.model.discovered_weight_count 2
[TRACE ts=20260722-124705] runtime.model.task_count 1
[TRACE ts=20260722-124705] runtime.model.language_count 1
[TRACE ts=20260722-124705] runtime.model.supports_speaker_reference 1
[TRACE ts=20260722-124705] runtime.model.supports_style_condition 1
[TRACE ts=20260722-124705] runtime.model.supports_timestamps 0
ggml_cuda_init: found 1 CUDA devices (Total VRAM: 24111 MiB):
  Device 0: NVIDIA GeForce RTX 4090, compute capability 8.9, VMM: yes, VRAM: 24111 MiB
ggml_backend_cuda_graph_compute: CUDA graph warmup complete
[TIMING ts=20260722-124710] omnivoice.reference.encode_ms 1.711241
[TIMING ts=20260722-124710] omnivoice.encoder.graph.rebuilt 1
[TIMING ts=20260722-124710] omnivoice.session.prompt_ms 2.859261
[TIMING ts=20260722-124710] omnivoice.session.generate_ms 1486.920463
[TIMING ts=20260722-124710] omnivoice.generator.graph.rebuilt 1
[TIMING ts=20260722-124710] omnivoice.generator.graph.rebuild_ms 3.023584
[TIMING ts=20260722-124710] omnivoice.session.decode_ms 40.724023
[TIMING ts=20260722-124710] omnivoice.decoder.graph.rebuilt 1
[TIMING ts=20260722-124710] omnivoice.decoder.graph.rebuild_ms 1.458312
[TIMING ts=20260722-124710] omnivoice.session.postprocess_ms 7.523329
[TIMING ts=20260722-124710] session.wall_ms 1539.970762
family=omnivoice
task=tts
mode=offline
audio_out=./outputs/single_infer/audiocpp_omnivoice_clone_mdwt_f32_atwt_native_step56.wav
  Completed at: 12:47:10
  Output: ./outputs/single_infer/audiocpp_omnivoice_clone_mdwt_f32_atwt_native_step56.wav

[307/375] weight_type=f32 | audio_tokenizer_weight_type=f32 | steps=56 -> audiocpp_omnivoice_clone_mdwt_f32_atwt_f32_step56.wav
  Started at: 12:47:10
[TRACE ts=20260722-124711] runtime.model.family omnivoice
[TRACE ts=20260722-124711] runtime.model.variant omnivoice
[TRACE ts=20260722-124711] runtime.model.root /home/ipt/kawshik/tts-testing/audio.cpp/models/OmniVoice
[TRACE ts=20260722-124711] runtime.model.discovered_config_count 6
[TRACE ts=20260722-124711] runtime.model.discovered_weight_count 2
[TRACE ts=20260722-124711] runtime.model.task_count 1
[TRACE ts=20260722-124711] runtime.model.language_count 1
[TRACE ts=20260722-124711] runtime.model.supports_speaker_reference 1
[TRACE ts=20260722-124711] runtime.model.supports_style_condition 1
[TRACE ts=20260722-124711] runtime.model.supports_timestamps 0
ggml_cuda_init: found 1 CUDA devices (Total VRAM: 24111 MiB):
  Device 0: NVIDIA GeForce RTX 4090, compute capability 8.9, VMM: yes, VRAM: 24111 MiB
ggml_backend_cuda_graph_compute: CUDA graph warmup complete
[TIMING ts=20260722-124715] omnivoice.reference.encode_ms 1.49862
[TIMING ts=20260722-124715] omnivoice.encoder.graph.rebuilt 1
[TIMING ts=20260722-124715] omnivoice.session.prompt_ms 2.549919
[TIMING ts=20260722-124715] omnivoice.session.generate_ms 1461.083334
[TIMING ts=20260722-124715] omnivoice.generator.graph.rebuilt 1
[TIMING ts=20260722-124715] omnivoice.generator.graph.rebuild_ms 2.609249
[TIMING ts=20260722-124715] omnivoice.session.decode_ms 46.11439
[TIMING ts=20260722-124715] omnivoice.decoder.graph.rebuilt 1
[TIMING ts=20260722-124715] omnivoice.decoder.graph.rebuild_ms 1.687441
[TIMING ts=20260722-124715] omnivoice.session.postprocess_ms 7.291637
[TIMING ts=20260722-124715] session.wall_ms 1518.75443
family=omnivoice
task=tts
mode=offline
audio_out=./outputs/single_infer/audiocpp_omnivoice_clone_mdwt_f32_atwt_f32_step56.wav
  Completed at: 12:47:15
  Output: ./outputs/single_infer/audiocpp_omnivoice_clone_mdwt_f32_atwt_f32_step56.wav

[308/375] weight_type=f32 | audio_tokenizer_weight_type=f16 | steps=56 -> audiocpp_omnivoice_clone_mdwt_f32_atwt_f16_step56.wav
  Started at: 12:47:15
[TRACE ts=20260722-124715] runtime.model.family omnivoice
[TRACE ts=20260722-124715] runtime.model.variant omnivoice
[TRACE ts=20260722-124715] runtime.model.root /home/ipt/kawshik/tts-testing/audio.cpp/models/OmniVoice
[TRACE ts=20260722-124715] runtime.model.discovered_config_count 6
[TRACE ts=20260722-124715] runtime.model.discovered_weight_count 2
[TRACE ts=20260722-124715] runtime.model.task_count 1
[TRACE ts=20260722-124715] runtime.model.language_count 1
[TRACE ts=20260722-124715] runtime.model.supports_speaker_reference 1
[TRACE ts=20260722-124715] runtime.model.supports_style_condition 1
[TRACE ts=20260722-124715] runtime.model.supports_timestamps 0
ggml_cuda_init: found 1 CUDA devices (Total VRAM: 24111 MiB):
  Device 0: NVIDIA GeForce RTX 4090, compute capability 8.9, VMM: yes, VRAM: 24111 MiB
ggml_backend_cuda_graph_compute: CUDA graph warmup complete
[TIMING ts=20260722-124720] omnivoice.reference.encode_ms 1.694262
[TIMING ts=20260722-124720] omnivoice.encoder.graph.rebuilt 1
[TIMING ts=20260722-124720] omnivoice.session.prompt_ms 2.858365
[TIMING ts=20260722-124720] omnivoice.session.generate_ms 1488.581621
[TIMING ts=20260722-124720] omnivoice.generator.graph.rebuilt 1
[TIMING ts=20260722-124720] omnivoice.generator.graph.rebuild_ms 3.799368
[TIMING ts=20260722-124720] omnivoice.session.decode_ms 9.955561
[TIMING ts=20260722-124720] omnivoice.decoder.graph.rebuilt 1
[TIMING ts=20260722-124720] omnivoice.decoder.graph.rebuild_ms 1.580679
[TIMING ts=20260722-124720] omnivoice.session.postprocess_ms 8.319867
[TIMING ts=20260722-124720] session.wall_ms 1511.675115
family=omnivoice
task=tts
mode=offline
audio_out=./outputs/single_infer/audiocpp_omnivoice_clone_mdwt_f32_atwt_f16_step56.wav
  Completed at: 12:47:20
  Output: ./outputs/single_infer/audiocpp_omnivoice_clone_mdwt_f32_atwt_f16_step56.wav

[309/375] weight_type=f32 | audio_tokenizer_weight_type=bf16 | steps=56 -> audiocpp_omnivoice_clone_mdwt_f32_atwt_bf16_step56.wav
  Started at: 12:47:20
[TRACE ts=20260722-124721] runtime.model.family omnivoice
[TRACE ts=20260722-124721] runtime.model.variant omnivoice
[TRACE ts=20260722-124721] runtime.model.root /home/ipt/kawshik/tts-testing/audio.cpp/models/OmniVoice
[TRACE ts=20260722-124721] runtime.model.discovered_config_count 6
[TRACE ts=20260722-124721] runtime.model.discovered_weight_count 2
[TRACE ts=20260722-124721] runtime.model.task_count 1
[TRACE ts=20260722-124721] runtime.model.language_count 1
[TRACE ts=20260722-124721] runtime.model.supports_speaker_reference 1
[TRACE ts=20260722-124721] runtime.model.supports_style_condition 1
[TRACE ts=20260722-124721] runtime.model.supports_timestamps 0
ggml_cuda_init: found 1 CUDA devices (Total VRAM: 24111 MiB):
  Device 0: NVIDIA GeForce RTX 4090, compute capability 8.9, VMM: yes, VRAM: 24111 MiB
ggml_backend_cuda_graph_compute: CUDA graph warmup complete
[TIMING ts=20260722-124726] omnivoice.reference.encode_ms 1.694233
[TIMING ts=20260722-124726] omnivoice.encoder.graph.rebuilt 1
[TIMING ts=20260722-124726] omnivoice.session.prompt_ms 3.819193
[TIMING ts=20260722-124726] omnivoice.session.generate_ms 1475.866886
[TIMING ts=20260722-124726] omnivoice.generator.graph.rebuilt 1
[TIMING ts=20260722-124726] omnivoice.generator.graph.rebuild_ms 3.685737
[TIMING ts=20260722-124726] omnivoice.session.decode_ms 9.535366
[TIMING ts=20260722-124726] omnivoice.decoder.graph.rebuilt 1
[TIMING ts=20260722-124726] omnivoice.decoder.graph.rebuild_ms 1.489291
[TIMING ts=20260722-124726] omnivoice.session.postprocess_ms 6.979513
[TIMING ts=20260722-124726] session.wall_ms 1498.152581
family=omnivoice
task=tts
mode=offline
audio_out=./outputs/single_infer/audiocpp_omnivoice_clone_mdwt_f32_atwt_bf16_step56.wav
  Completed at: 12:47:26
  Output: ./outputs/single_infer/audiocpp_omnivoice_clone_mdwt_f32_atwt_bf16_step56.wav

[310/375] weight_type=f32 | audio_tokenizer_weight_type=q8_0 | steps=56 -> audiocpp_omnivoice_clone_mdwt_f32_atwt_q8_0_step56.wav
  Started at: 12:47:26
[TRACE ts=20260722-124726] runtime.model.family omnivoice
[TRACE ts=20260722-124726] runtime.model.variant omnivoice
[TRACE ts=20260722-124726] runtime.model.root /home/ipt/kawshik/tts-testing/audio.cpp/models/OmniVoice
[TRACE ts=20260722-124726] runtime.model.discovered_config_count 6
[TRACE ts=20260722-124726] runtime.model.discovered_weight_count 2
[TRACE ts=20260722-124726] runtime.model.task_count 1
[TRACE ts=20260722-124726] runtime.model.language_count 1
[TRACE ts=20260722-124726] runtime.model.supports_speaker_reference 1
[TRACE ts=20260722-124726] runtime.model.supports_style_condition 1
[TRACE ts=20260722-124726] runtime.model.supports_timestamps 0
ggml_cuda_init: found 1 CUDA devices (Total VRAM: 24111 MiB):
  Device 0: NVIDIA GeForce RTX 4090, compute capability 8.9, VMM: yes, VRAM: 24111 MiB
ggml_backend_cuda_graph_compute: CUDA graph warmup complete
[TIMING ts=20260722-124732] omnivoice.reference.encode_ms 1.372471
[TIMING ts=20260722-124732] omnivoice.encoder.graph.rebuilt 1
[TIMING ts=20260722-124732] omnivoice.session.prompt_ms 3.349687
[TIMING ts=20260722-124732] omnivoice.session.generate_ms 1456.263622
[TIMING ts=20260722-124732] omnivoice.generator.graph.rebuilt 1
[TIMING ts=20260722-124732] omnivoice.generator.graph.rebuild_ms 3.105847
[TIMING ts=20260722-124732] omnivoice.session.decode_ms 43.527443
[TIMING ts=20260722-124732] omnivoice.decoder.graph.rebuilt 1
[TIMING ts=20260722-124732] omnivoice.decoder.graph.rebuild_ms 1.498159
[TIMING ts=20260722-124732] omnivoice.session.postprocess_ms 7.229467
[TIMING ts=20260722-124732] session.wall_ms 1511.986064
family=omnivoice
task=tts
mode=offline
audio_out=./outputs/single_infer/audiocpp_omnivoice_clone_mdwt_f32_atwt_q8_0_step56.wav
  Completed at: 12:47:32
  Output: ./outputs/single_infer/audiocpp_omnivoice_clone_mdwt_f32_atwt_q8_0_step56.wav

[311/375] weight_type=f16 | audio_tokenizer_weight_type=native | steps=56 -> audiocpp_omnivoice_clone_mdwt_f16_atwt_native_step56.wav
  Started at: 12:47:32
[TRACE ts=20260722-124732] runtime.model.family omnivoice
[TRACE ts=20260722-124732] runtime.model.variant omnivoice
[TRACE ts=20260722-124732] runtime.model.root /home/ipt/kawshik/tts-testing/audio.cpp/models/OmniVoice
[TRACE ts=20260722-124732] runtime.model.discovered_config_count 6
[TRACE ts=20260722-124732] runtime.model.discovered_weight_count 2
[TRACE ts=20260722-124732] runtime.model.task_count 1
[TRACE ts=20260722-124732] runtime.model.language_count 1
[TRACE ts=20260722-124732] runtime.model.supports_speaker_reference 1
[TRACE ts=20260722-124732] runtime.model.supports_style_condition 1
[TRACE ts=20260722-124732] runtime.model.supports_timestamps 0
ggml_cuda_init: found 1 CUDA devices (Total VRAM: 24111 MiB):
  Device 0: NVIDIA GeForce RTX 4090, compute capability 8.9, VMM: yes, VRAM: 24111 MiB
ggml_backend_cuda_graph_compute: CUDA graph warmup complete
[TIMING ts=20260722-124741] omnivoice.reference.encode_ms 1.422852
[TIMING ts=20260722-124741] omnivoice.encoder.graph.rebuilt 1
[TIMING ts=20260722-124741] omnivoice.session.prompt_ms 2.330522
[TIMING ts=20260722-124741] omnivoice.session.generate_ms 1152.949666
[TIMING ts=20260722-124741] omnivoice.generator.graph.rebuilt 1
[TIMING ts=20260722-124741] omnivoice.generator.graph.rebuild_ms 2.766124
[TIMING ts=20260722-124741] omnivoice.session.decode_ms 34.749035
[TIMING ts=20260722-124741] omnivoice.decoder.graph.rebuilt 1
[TIMING ts=20260722-124741] omnivoice.decoder.graph.rebuild_ms 1.401595
[TIMING ts=20260722-124741] omnivoice.session.postprocess_ms 7.768455
[TIMING ts=20260722-124741] session.wall_ms 1199.445804
family=omnivoice
task=tts
mode=offline
audio_out=./outputs/single_infer/audiocpp_omnivoice_clone_mdwt_f16_atwt_native_step56.wav
  Completed at: 12:47:41
  Output: ./outputs/single_infer/audiocpp_omnivoice_clone_mdwt_f16_atwt_native_step56.wav

[312/375] weight_type=f16 | audio_tokenizer_weight_type=f32 | steps=56 -> audiocpp_omnivoice_clone_mdwt_f16_atwt_f32_step56.wav
  Started at: 12:47:41
[TRACE ts=20260722-124741] runtime.model.family omnivoice
[TRACE ts=20260722-124741] runtime.model.variant omnivoice
[TRACE ts=20260722-124741] runtime.model.root /home/ipt/kawshik/tts-testing/audio.cpp/models/OmniVoice
[TRACE ts=20260722-124741] runtime.model.discovered_config_count 6
[TRACE ts=20260722-124741] runtime.model.discovered_weight_count 2
[TRACE ts=20260722-124741] runtime.model.task_count 1
[TRACE ts=20260722-124741] runtime.model.language_count 1
[TRACE ts=20260722-124741] runtime.model.supports_speaker_reference 1
[TRACE ts=20260722-124741] runtime.model.supports_style_condition 1
[TRACE ts=20260722-124741] runtime.model.supports_timestamps 0
ggml_cuda_init: found 1 CUDA devices (Total VRAM: 24111 MiB):
  Device 0: NVIDIA GeForce RTX 4090, compute capability 8.9, VMM: yes, VRAM: 24111 MiB
ggml_backend_cuda_graph_compute: CUDA graph warmup complete
[TIMING ts=20260722-124750] omnivoice.reference.encode_ms 1.3379
[TIMING ts=20260722-124750] omnivoice.encoder.graph.rebuilt 1
[TIMING ts=20260722-124750] omnivoice.session.prompt_ms 2.978617
[TIMING ts=20260722-124750] omnivoice.session.generate_ms 1156.463484
[TIMING ts=20260722-124750] omnivoice.generator.graph.rebuilt 1
[TIMING ts=20260722-124750] omnivoice.generator.graph.rebuild_ms 2.974285
[TIMING ts=20260722-124750] omnivoice.session.decode_ms 33.930715
[TIMING ts=20260722-124750] omnivoice.decoder.graph.rebuilt 1
[TIMING ts=20260722-124750] omnivoice.decoder.graph.rebuild_ms 1.360372
[TIMING ts=20260722-124750] omnivoice.session.postprocess_ms 6.957248
[TIMING ts=20260722-124750] session.wall_ms 1202.470127
family=omnivoice
task=tts
mode=offline
audio_out=./outputs/single_infer/audiocpp_omnivoice_clone_mdwt_f16_atwt_f32_step56.wav
  Completed at: 12:47:51
  Output: ./outputs/single_infer/audiocpp_omnivoice_clone_mdwt_f16_atwt_f32_step56.wav

[313/375] weight_type=f16 | audio_tokenizer_weight_type=f16 | steps=56 -> audiocpp_omnivoice_clone_mdwt_f16_atwt_f16_step56.wav
  Started at: 12:47:51
[TRACE ts=20260722-124751] runtime.model.family omnivoice
[TRACE ts=20260722-124751] runtime.model.variant omnivoice
[TRACE ts=20260722-124751] runtime.model.root /home/ipt/kawshik/tts-testing/audio.cpp/models/OmniVoice
[TRACE ts=20260722-124751] runtime.model.discovered_config_count 6
[TRACE ts=20260722-124751] runtime.model.discovered_weight_count 2
[TRACE ts=20260722-124751] runtime.model.task_count 1
[TRACE ts=20260722-124751] runtime.model.language_count 1
[TRACE ts=20260722-124751] runtime.model.supports_speaker_reference 1
[TRACE ts=20260722-124751] runtime.model.supports_style_condition 1
[TRACE ts=20260722-124751] runtime.model.supports_timestamps 0
ggml_cuda_init: found 1 CUDA devices (Total VRAM: 24111 MiB):
  Device 0: NVIDIA GeForce RTX 4090, compute capability 8.9, VMM: yes, VRAM: 24111 MiB
ggml_backend_cuda_graph_compute: CUDA graph warmup complete
[TIMING ts=20260722-124801] omnivoice.reference.encode_ms 1.498715
[TIMING ts=20260722-124801] omnivoice.encoder.graph.rebuilt 1
[TIMING ts=20260722-124801] omnivoice.session.prompt_ms 4.980506
[TIMING ts=20260722-124801] omnivoice.session.generate_ms 1105.310733
[TIMING ts=20260722-124801] omnivoice.generator.graph.rebuilt 1
[TIMING ts=20260722-124801] omnivoice.generator.graph.rebuild_ms 3.379344
[TIMING ts=20260722-124801] omnivoice.session.decode_ms 8.950829
[TIMING ts=20260722-124801] omnivoice.decoder.graph.rebuilt 1
[TIMING ts=20260722-124801] omnivoice.decoder.graph.rebuild_ms 1.330377
[TIMING ts=20260722-124801] omnivoice.session.postprocess_ms 6.971684
[TIMING ts=20260722-124801] session.wall_ms 1127.926859
family=omnivoice
task=tts
mode=offline
audio_out=./outputs/single_infer/audiocpp_omnivoice_clone_mdwt_f16_atwt_f16_step56.wav
  Completed at: 12:48:02
  Output: ./outputs/single_infer/audiocpp_omnivoice_clone_mdwt_f16_atwt_f16_step56.wav

[314/375] weight_type=f16 | audio_tokenizer_weight_type=bf16 | steps=56 -> audiocpp_omnivoice_clone_mdwt_f16_atwt_bf16_step56.wav
  Started at: 12:48:02
[TRACE ts=20260722-124802] runtime.model.family omnivoice
[TRACE ts=20260722-124802] runtime.model.variant omnivoice
[TRACE ts=20260722-124802] runtime.model.root /home/ipt/kawshik/tts-testing/audio.cpp/models/OmniVoice
[TRACE ts=20260722-124802] runtime.model.discovered_config_count 6
[TRACE ts=20260722-124802] runtime.model.discovered_weight_count 2
[TRACE ts=20260722-124802] runtime.model.task_count 1
[TRACE ts=20260722-124802] runtime.model.language_count 1
[TRACE ts=20260722-124802] runtime.model.supports_speaker_reference 1
[TRACE ts=20260722-124802] runtime.model.supports_style_condition 1
[TRACE ts=20260722-124802] runtime.model.supports_timestamps 0
ggml_cuda_init: found 1 CUDA devices (Total VRAM: 24111 MiB):
  Device 0: NVIDIA GeForce RTX 4090, compute capability 8.9, VMM: yes, VRAM: 24111 MiB
ggml_backend_cuda_graph_compute: CUDA graph warmup complete
[TIMING ts=20260722-124812] omnivoice.reference.encode_ms 1.432911
[TIMING ts=20260722-124812] omnivoice.encoder.graph.rebuilt 1
[TIMING ts=20260722-124812] omnivoice.session.prompt_ms 3.439433
[TIMING ts=20260722-124812] omnivoice.session.generate_ms 1106.575815
[TIMING ts=20260722-124812] omnivoice.generator.graph.rebuilt 1
[TIMING ts=20260722-124812] omnivoice.generator.graph.rebuild_ms 3.216713
[TIMING ts=20260722-124812] omnivoice.session.decode_ms 9.49113
[TIMING ts=20260722-124812] omnivoice.decoder.graph.rebuilt 1
[TIMING ts=20260722-124812] omnivoice.decoder.graph.rebuild_ms 1.424688
[TIMING ts=20260722-124812] omnivoice.session.postprocess_ms 7.13245
[TIMING ts=20260722-124812] session.wall_ms 1128.287092
family=omnivoice
task=tts
mode=offline
audio_out=./outputs/single_infer/audiocpp_omnivoice_clone_mdwt_f16_atwt_bf16_step56.wav
  Completed at: 12:48:12
  Output: ./outputs/single_infer/audiocpp_omnivoice_clone_mdwt_f16_atwt_bf16_step56.wav

[315/375] weight_type=f16 | audio_tokenizer_weight_type=q8_0 | steps=56 -> audiocpp_omnivoice_clone_mdwt_f16_atwt_q8_0_step56.wav
  Started at: 12:48:12
[TRACE ts=20260722-124812] runtime.model.family omnivoice
[TRACE ts=20260722-124812] runtime.model.variant omnivoice
[TRACE ts=20260722-124812] runtime.model.root /home/ipt/kawshik/tts-testing/audio.cpp/models/OmniVoice
[TRACE ts=20260722-124812] runtime.model.discovered_config_count 6
[TRACE ts=20260722-124812] runtime.model.discovered_weight_count 2
[TRACE ts=20260722-124812] runtime.model.task_count 1
[TRACE ts=20260722-124812] runtime.model.language_count 1
[TRACE ts=20260722-124812] runtime.model.supports_speaker_reference 1
[TRACE ts=20260722-124812] runtime.model.supports_style_condition 1
[TRACE ts=20260722-124812] runtime.model.supports_timestamps 0
ggml_cuda_init: found 1 CUDA devices (Total VRAM: 24111 MiB):
  Device 0: NVIDIA GeForce RTX 4090, compute capability 8.9, VMM: yes, VRAM: 24111 MiB
ggml_backend_cuda_graph_compute: CUDA graph warmup complete
[TIMING ts=20260722-124823] omnivoice.reference.encode_ms 1.399199
[TIMING ts=20260722-124823] omnivoice.encoder.graph.rebuilt 1
[TIMING ts=20260722-124823] omnivoice.session.prompt_ms 3.296727
[TIMING ts=20260722-124823] omnivoice.session.generate_ms 1104.200731
[TIMING ts=20260722-124823] omnivoice.generator.graph.rebuilt 1
[TIMING ts=20260722-124823] omnivoice.generator.graph.rebuild_ms 3.344866
[TIMING ts=20260722-124823] omnivoice.session.decode_ms 43.793357
[TIMING ts=20260722-124823] omnivoice.decoder.graph.rebuilt 1
[TIMING ts=20260722-124823] omnivoice.decoder.graph.rebuild_ms 1.417847
[TIMING ts=20260722-124823] omnivoice.session.postprocess_ms 7.412246
[TIMING ts=20260722-124823] session.wall_ms 1160.989718
family=omnivoice
task=tts
mode=offline
audio_out=./outputs/single_infer/audiocpp_omnivoice_clone_mdwt_f16_atwt_q8_0_step56.wav
  Completed at: 12:48:23
  Output: ./outputs/single_infer/audiocpp_omnivoice_clone_mdwt_f16_atwt_q8_0_step56.wav

[316/375] weight_type=bf16 | audio_tokenizer_weight_type=native | steps=56 -> audiocpp_omnivoice_clone_mdwt_bf16_atwt_native_step56.wav
  Started at: 12:48:23
[TRACE ts=20260722-124823] runtime.model.family omnivoice
[TRACE ts=20260722-124823] runtime.model.variant omnivoice
[TRACE ts=20260722-124823] runtime.model.root /home/ipt/kawshik/tts-testing/audio.cpp/models/OmniVoice
[TRACE ts=20260722-124823] runtime.model.discovered_config_count 6
[TRACE ts=20260722-124823] runtime.model.discovered_weight_count 2
[TRACE ts=20260722-124823] runtime.model.task_count 1
[TRACE ts=20260722-124823] runtime.model.language_count 1
[TRACE ts=20260722-124823] runtime.model.supports_speaker_reference 1
[TRACE ts=20260722-124823] runtime.model.supports_style_condition 1
[TRACE ts=20260722-124823] runtime.model.supports_timestamps 0
ggml_cuda_init: found 1 CUDA devices (Total VRAM: 24111 MiB):
  Device 0: NVIDIA GeForce RTX 4090, compute capability 8.9, VMM: yes, VRAM: 24111 MiB
ggml_backend_cuda_graph_compute: CUDA graph warmup complete
[TIMING ts=20260722-124831] omnivoice.reference.encode_ms 1.855517
[TIMING ts=20260722-124831] omnivoice.encoder.graph.rebuilt 1
[TIMING ts=20260722-124831] omnivoice.session.prompt_ms 3.149116
[TIMING ts=20260722-124831] omnivoice.session.generate_ms 1395.808221
[TIMING ts=20260722-124831] omnivoice.generator.graph.rebuilt 1
[TIMING ts=20260722-124831] omnivoice.generator.graph.rebuild_ms 3.677469
[TIMING ts=20260722-124831] omnivoice.session.decode_ms 36.864332
[TIMING ts=20260722-124831] omnivoice.decoder.graph.rebuilt 1
[TIMING ts=20260722-124831] omnivoice.decoder.graph.rebuild_ms 1.412866
[TIMING ts=20260722-124831] omnivoice.session.postprocess_ms 7.134486
[TIMING ts=20260722-124831] session.wall_ms 1445.082427
family=omnivoice
task=tts
mode=offline
audio_out=./outputs/single_infer/audiocpp_omnivoice_clone_mdwt_bf16_atwt_native_step56.wav
  Completed at: 12:48:31
  Output: ./outputs/single_infer/audiocpp_omnivoice_clone_mdwt_bf16_atwt_native_step56.wav

[317/375] weight_type=bf16 | audio_tokenizer_weight_type=f32 | steps=56 -> audiocpp_omnivoice_clone_mdwt_bf16_atwt_f32_step56.wav
  Started at: 12:48:31
[TRACE ts=20260722-124831] runtime.model.family omnivoice
[TRACE ts=20260722-124831] runtime.model.variant omnivoice
[TRACE ts=20260722-124831] runtime.model.root /home/ipt/kawshik/tts-testing/audio.cpp/models/OmniVoice
[TRACE ts=20260722-124831] runtime.model.discovered_config_count 6
[TRACE ts=20260722-124831] runtime.model.discovered_weight_count 2
[TRACE ts=20260722-124831] runtime.model.task_count 1
[TRACE ts=20260722-124831] runtime.model.language_count 1
[TRACE ts=20260722-124831] runtime.model.supports_speaker_reference 1
[TRACE ts=20260722-124831] runtime.model.supports_style_condition 1
[TRACE ts=20260722-124831] runtime.model.supports_timestamps 0
ggml_cuda_init: found 1 CUDA devices (Total VRAM: 24111 MiB):
  Device 0: NVIDIA GeForce RTX 4090, compute capability 8.9, VMM: yes, VRAM: 24111 MiB
ggml_backend_cuda_graph_compute: CUDA graph warmup complete
[TIMING ts=20260722-124840] omnivoice.reference.encode_ms 1.524529
[TIMING ts=20260722-124840] omnivoice.encoder.graph.rebuilt 1
[TIMING ts=20260722-124840] omnivoice.session.prompt_ms 2.630156
[TIMING ts=20260722-124840] omnivoice.session.generate_ms 1332.451147
[TIMING ts=20260722-124840] omnivoice.generator.graph.rebuilt 1
[TIMING ts=20260722-124840] omnivoice.generator.graph.rebuild_ms 2.886369
[TIMING ts=20260722-124840] omnivoice.session.decode_ms 45.031921
[TIMING ts=20260722-124840] omnivoice.decoder.graph.rebuilt 1
[TIMING ts=20260722-124840] omnivoice.decoder.graph.rebuild_ms 6.104008
[TIMING ts=20260722-124840] omnivoice.session.postprocess_ms 7.126072
[TIMING ts=20260722-124840] session.wall_ms 1388.977579
family=omnivoice
task=tts
mode=offline
audio_out=./outputs/single_infer/audiocpp_omnivoice_clone_mdwt_bf16_atwt_f32_step56.wav
  Completed at: 12:48:40
  Output: ./outputs/single_infer/audiocpp_omnivoice_clone_mdwt_bf16_atwt_f32_step56.wav

[318/375] weight_type=bf16 | audio_tokenizer_weight_type=f16 | steps=56 -> audiocpp_omnivoice_clone_mdwt_bf16_atwt_f16_step56.wav
  Started at: 12:48:40
[TRACE ts=20260722-124840] runtime.model.family omnivoice
[TRACE ts=20260722-124840] runtime.model.variant omnivoice
[TRACE ts=20260722-124840] runtime.model.root /home/ipt/kawshik/tts-testing/audio.cpp/models/OmniVoice
[TRACE ts=20260722-124840] runtime.model.discovered_config_count 6
[TRACE ts=20260722-124840] runtime.model.discovered_weight_count 2
[TRACE ts=20260722-124840] runtime.model.task_count 1
[TRACE ts=20260722-124840] runtime.model.language_count 1
[TRACE ts=20260722-124840] runtime.model.supports_speaker_reference 1
[TRACE ts=20260722-124840] runtime.model.supports_style_condition 1
[TRACE ts=20260722-124840] runtime.model.supports_timestamps 0
ggml_cuda_init: found 1 CUDA devices (Total VRAM: 24111 MiB):
  Device 0: NVIDIA GeForce RTX 4090, compute capability 8.9, VMM: yes, VRAM: 24111 MiB
ggml_backend_cuda_graph_compute: CUDA graph warmup complete
[TIMING ts=20260722-124849] omnivoice.reference.encode_ms 1.334188
[TIMING ts=20260722-124849] omnivoice.encoder.graph.rebuilt 1
[TIMING ts=20260722-124849] omnivoice.session.prompt_ms 2.870065
[TIMING ts=20260722-124849] omnivoice.session.generate_ms 1374.636069
[TIMING ts=20260722-124849] omnivoice.generator.graph.rebuilt 1
[TIMING ts=20260722-124849] omnivoice.generator.graph.rebuild_ms 3.272599
[TIMING ts=20260722-124849] omnivoice.session.decode_ms 11.26094
[TIMING ts=20260722-124849] omnivoice.decoder.graph.rebuilt 1
[TIMING ts=20260722-124849] omnivoice.decoder.graph.rebuild_ms 2.407159
[TIMING ts=20260722-124849] omnivoice.session.postprocess_ms 8.355405
[TIMING ts=20260722-124849] session.wall_ms 1398.691898
family=omnivoice
task=tts
mode=offline
audio_out=./outputs/single_infer/audiocpp_omnivoice_clone_mdwt_bf16_atwt_f16_step56.wav
  Completed at: 12:48:49
  Output: ./outputs/single_infer/audiocpp_omnivoice_clone_mdwt_bf16_atwt_f16_step56.wav

[319/375] weight_type=bf16 | audio_tokenizer_weight_type=bf16 | steps=56 -> audiocpp_omnivoice_clone_mdwt_bf16_atwt_bf16_step56.wav
  Started at: 12:48:49
[TRACE ts=20260722-124849] runtime.model.family omnivoice
[TRACE ts=20260722-124849] runtime.model.variant omnivoice
[TRACE ts=20260722-124849] runtime.model.root /home/ipt/kawshik/tts-testing/audio.cpp/models/OmniVoice
[TRACE ts=20260722-124849] runtime.model.discovered_config_count 6
[TRACE ts=20260722-124849] runtime.model.discovered_weight_count 2
[TRACE ts=20260722-124849] runtime.model.task_count 1
[TRACE ts=20260722-124849] runtime.model.language_count 1
[TRACE ts=20260722-124849] runtime.model.supports_speaker_reference 1
[TRACE ts=20260722-124849] runtime.model.supports_style_condition 1
[TRACE ts=20260722-124849] runtime.model.supports_timestamps 0
ggml_cuda_init: found 1 CUDA devices (Total VRAM: 24111 MiB):
  Device 0: NVIDIA GeForce RTX 4090, compute capability 8.9, VMM: yes, VRAM: 24111 MiB
ggml_backend_cuda_graph_compute: CUDA graph warmup complete
[TIMING ts=20260722-124858] omnivoice.reference.encode_ms 1.29893
[TIMING ts=20260722-124858] omnivoice.encoder.graph.rebuilt 1
[TIMING ts=20260722-124858] omnivoice.session.prompt_ms 3.297443
[TIMING ts=20260722-124858] omnivoice.session.generate_ms 1177.607523
[TIMING ts=20260722-124858] omnivoice.generator.graph.rebuilt 1
[TIMING ts=20260722-124858] omnivoice.generator.graph.rebuild_ms 3.234091
[TIMING ts=20260722-124858] omnivoice.session.decode_ms 9.970433
[TIMING ts=20260722-124858] omnivoice.decoder.graph.rebuilt 1
[TIMING ts=20260722-124858] omnivoice.decoder.graph.rebuild_ms 1.684406
[TIMING ts=20260722-124858] omnivoice.session.postprocess_ms 8.371182
[TIMING ts=20260722-124858] session.wall_ms 1200.772701
family=omnivoice
task=tts
mode=offline
audio_out=./outputs/single_infer/audiocpp_omnivoice_clone_mdwt_bf16_atwt_bf16_step56.wav
  Completed at: 12:48:58
  Output: ./outputs/single_infer/audiocpp_omnivoice_clone_mdwt_bf16_atwt_bf16_step56.wav

[320/375] weight_type=bf16 | audio_tokenizer_weight_type=q8_0 | steps=56 -> audiocpp_omnivoice_clone_mdwt_bf16_atwt_q8_0_step56.wav
  Started at: 12:48:58
[TRACE ts=20260722-124858] runtime.model.family omnivoice
[TRACE ts=20260722-124858] runtime.model.variant omnivoice
[TRACE ts=20260722-124858] runtime.model.root /home/ipt/kawshik/tts-testing/audio.cpp/models/OmniVoice
[TRACE ts=20260722-124858] runtime.model.discovered_config_count 6
[TRACE ts=20260722-124858] runtime.model.discovered_weight_count 2
[TRACE ts=20260722-124858] runtime.model.task_count 1
[TRACE ts=20260722-124858] runtime.model.language_count 1
[TRACE ts=20260722-124858] runtime.model.supports_speaker_reference 1
[TRACE ts=20260722-124858] runtime.model.supports_style_condition 1
[TRACE ts=20260722-124858] runtime.model.supports_timestamps 0
ggml_cuda_init: found 1 CUDA devices (Total VRAM: 24111 MiB):
  Device 0: NVIDIA GeForce RTX 4090, compute capability 8.9, VMM: yes, VRAM: 24111 MiB
ggml_backend_cuda_graph_compute: CUDA graph warmup complete
[TIMING ts=20260722-124907] omnivoice.reference.encode_ms 1.694193
[TIMING ts=20260722-124907] omnivoice.encoder.graph.rebuilt 1
[TIMING ts=20260722-124907] omnivoice.session.prompt_ms 3.99259
[TIMING ts=20260722-124907] omnivoice.session.generate_ms 1352.635818
[TIMING ts=20260722-124907] omnivoice.generator.graph.rebuilt 1
[TIMING ts=20260722-124907] omnivoice.generator.graph.rebuild_ms 3.74952
[TIMING ts=20260722-124907] omnivoice.session.decode_ms 54.608833
[TIMING ts=20260722-124907] omnivoice.decoder.graph.rebuilt 1
[TIMING ts=20260722-124907] omnivoice.decoder.graph.rebuild_ms 4.33909
[TIMING ts=20260722-124907] omnivoice.session.postprocess_ms 9.582896
[TIMING ts=20260722-124907] session.wall_ms 1422.761854
family=omnivoice
task=tts
mode=offline
audio_out=./outputs/single_infer/audiocpp_omnivoice_clone_mdwt_bf16_atwt_q8_0_step56.wav
  Completed at: 12:49:07
  Output: ./outputs/single_infer/audiocpp_omnivoice_clone_mdwt_bf16_atwt_q8_0_step56.wav

[321/375] weight_type=q8_0 | audio_tokenizer_weight_type=native | steps=56 -> audiocpp_omnivoice_clone_mdwt_q8_0_atwt_native_step56.wav
  Started at: 12:49:07
[TRACE ts=20260722-124907] runtime.model.family omnivoice
[TRACE ts=20260722-124907] runtime.model.variant omnivoice
[TRACE ts=20260722-124907] runtime.model.root /home/ipt/kawshik/tts-testing/audio.cpp/models/OmniVoice
[TRACE ts=20260722-124907] runtime.model.discovered_config_count 6
[TRACE ts=20260722-124907] runtime.model.discovered_weight_count 2
[TRACE ts=20260722-124907] runtime.model.task_count 1
[TRACE ts=20260722-124907] runtime.model.language_count 1
[TRACE ts=20260722-124907] runtime.model.supports_speaker_reference 1
[TRACE ts=20260722-124907] runtime.model.supports_style_condition 1
[TRACE ts=20260722-124907] runtime.model.supports_timestamps 0
ggml_cuda_init: found 1 CUDA devices (Total VRAM: 24111 MiB):
  Device 0: NVIDIA GeForce RTX 4090, compute capability 8.9, VMM: yes, VRAM: 24111 MiB
ggml_backend_cuda_graph_compute: CUDA graph warmup complete
[TIMING ts=20260722-124917] omnivoice.reference.encode_ms 1.364322
[TIMING ts=20260722-124917] omnivoice.encoder.graph.rebuilt 1
[TIMING ts=20260722-124917] omnivoice.session.prompt_ms 2.461435
[TIMING ts=20260722-124917] omnivoice.session.generate_ms 1218.284669
[TIMING ts=20260722-124917] omnivoice.generator.graph.rebuilt 1
[TIMING ts=20260722-124917] omnivoice.generator.graph.rebuild_ms 2.844961
[TIMING ts=20260722-124917] omnivoice.session.decode_ms 33.021933
[TIMING ts=20260722-124917] omnivoice.decoder.graph.rebuilt 1
[TIMING ts=20260722-124917] omnivoice.decoder.graph.rebuild_ms 1.322876
[TIMING ts=20260722-124917] omnivoice.session.postprocess_ms 7.224095
[TIMING ts=20260722-124917] session.wall_ms 1262.580887
family=omnivoice
task=tts
mode=offline
audio_out=./outputs/single_infer/audiocpp_omnivoice_clone_mdwt_q8_0_atwt_native_step56.wav
  Completed at: 12:49:17
  Output: ./outputs/single_infer/audiocpp_omnivoice_clone_mdwt_q8_0_atwt_native_step56.wav

[322/375] weight_type=q8_0 | audio_tokenizer_weight_type=f32 | steps=56 -> audiocpp_omnivoice_clone_mdwt_q8_0_atwt_f32_step56.wav
  Started at: 12:49:17
[TRACE ts=20260722-124917] runtime.model.family omnivoice
[TRACE ts=20260722-124917] runtime.model.variant omnivoice
[TRACE ts=20260722-124917] runtime.model.root /home/ipt/kawshik/tts-testing/audio.cpp/models/OmniVoice
[TRACE ts=20260722-124917] runtime.model.discovered_config_count 6
[TRACE ts=20260722-124917] runtime.model.discovered_weight_count 2
[TRACE ts=20260722-124917] runtime.model.task_count 1
[TRACE ts=20260722-124917] runtime.model.language_count 1
[TRACE ts=20260722-124917] runtime.model.supports_speaker_reference 1
[TRACE ts=20260722-124917] runtime.model.supports_style_condition 1
[TRACE ts=20260722-124917] runtime.model.supports_timestamps 0
ggml_cuda_init: found 1 CUDA devices (Total VRAM: 24111 MiB):
  Device 0: NVIDIA GeForce RTX 4090, compute capability 8.9, VMM: yes, VRAM: 24111 MiB
ggml_backend_cuda_graph_compute: CUDA graph warmup complete
[TIMING ts=20260722-124927] omnivoice.reference.encode_ms 1.359751
[TIMING ts=20260722-124927] omnivoice.encoder.graph.rebuilt 1
[TIMING ts=20260722-124927] omnivoice.session.prompt_ms 2.318127
[TIMING ts=20260722-124927] omnivoice.session.generate_ms 1204.098541
[TIMING ts=20260722-124927] omnivoice.generator.graph.rebuilt 1
[TIMING ts=20260722-124927] omnivoice.generator.graph.rebuild_ms 2.896272
[TIMING ts=20260722-124927] omnivoice.session.decode_ms 35.467183
[TIMING ts=20260722-124927] omnivoice.decoder.graph.rebuilt 1
[TIMING ts=20260722-124927] omnivoice.decoder.graph.rebuild_ms 1.533791
[TIMING ts=20260722-124927] omnivoice.session.postprocess_ms 7.513413
[TIMING ts=20260722-124927] session.wall_ms 1250.97678
family=omnivoice
task=tts
mode=offline
audio_out=./outputs/single_infer/audiocpp_omnivoice_clone_mdwt_q8_0_atwt_f32_step56.wav
  Completed at: 12:49:27
  Output: ./outputs/single_infer/audiocpp_omnivoice_clone_mdwt_q8_0_atwt_f32_step56.wav

[323/375] weight_type=q8_0 | audio_tokenizer_weight_type=f16 | steps=56 -> audiocpp_omnivoice_clone_mdwt_q8_0_atwt_f16_step56.wav
  Started at: 12:49:27
[TRACE ts=20260722-124927] runtime.model.family omnivoice
[TRACE ts=20260722-124927] runtime.model.variant omnivoice
[TRACE ts=20260722-124927] runtime.model.root /home/ipt/kawshik/tts-testing/audio.cpp/models/OmniVoice
[TRACE ts=20260722-124927] runtime.model.discovered_config_count 6
[TRACE ts=20260722-124927] runtime.model.discovered_weight_count 2
[TRACE ts=20260722-124927] runtime.model.task_count 1
[TRACE ts=20260722-124927] runtime.model.language_count 1
[TRACE ts=20260722-124927] runtime.model.supports_speaker_reference 1
[TRACE ts=20260722-124927] runtime.model.supports_style_condition 1
[TRACE ts=20260722-124927] runtime.model.supports_timestamps 0
ggml_cuda_init: found 1 CUDA devices (Total VRAM: 24111 MiB):
  Device 0: NVIDIA GeForce RTX 4090, compute capability 8.9, VMM: yes, VRAM: 24111 MiB
ggml_backend_cuda_graph_compute: CUDA graph warmup complete
[TIMING ts=20260722-124938] omnivoice.reference.encode_ms 1.553218
[TIMING ts=20260722-124938] omnivoice.encoder.graph.rebuilt 1
[TIMING ts=20260722-124938] omnivoice.session.prompt_ms 2.39425
[TIMING ts=20260722-124938] omnivoice.session.generate_ms 1171.786328
[TIMING ts=20260722-124938] omnivoice.generator.graph.rebuilt 1
[TIMING ts=20260722-124938] omnivoice.generator.graph.rebuild_ms 3.428723
[TIMING ts=20260722-124938] omnivoice.session.decode_ms 9.601081
[TIMING ts=20260722-124938] omnivoice.decoder.graph.rebuilt 1
[TIMING ts=20260722-124938] omnivoice.decoder.graph.rebuild_ms 1.520644
[TIMING ts=20260722-124938] omnivoice.session.postprocess_ms 7.362336
[TIMING ts=20260722-124938] session.wall_ms 1192.951654
family=omnivoice
task=tts
mode=offline
audio_out=./outputs/single_infer/audiocpp_omnivoice_clone_mdwt_q8_0_atwt_f16_step56.wav
  Completed at: 12:49:38
  Output: ./outputs/single_infer/audiocpp_omnivoice_clone_mdwt_q8_0_atwt_f16_step56.wav

[324/375] weight_type=q8_0 | audio_tokenizer_weight_type=bf16 | steps=56 -> audiocpp_omnivoice_clone_mdwt_q8_0_atwt_bf16_step56.wav
  Started at: 12:49:38
[TRACE ts=20260722-124938] runtime.model.family omnivoice
[TRACE ts=20260722-124938] runtime.model.variant omnivoice
[TRACE ts=20260722-124938] runtime.model.root /home/ipt/kawshik/tts-testing/audio.cpp/models/OmniVoice
[TRACE ts=20260722-124938] runtime.model.discovered_config_count 6
[TRACE ts=20260722-124938] runtime.model.discovered_weight_count 2
[TRACE ts=20260722-124938] runtime.model.task_count 1
[TRACE ts=20260722-124938] runtime.model.language_count 1
[TRACE ts=20260722-124938] runtime.model.supports_speaker_reference 1
[TRACE ts=20260722-124938] runtime.model.supports_style_condition 1
[TRACE ts=20260722-124938] runtime.model.supports_timestamps 0
ggml_cuda_init: found 1 CUDA devices (Total VRAM: 24111 MiB):
  Device 0: NVIDIA GeForce RTX 4090, compute capability 8.9, VMM: yes, VRAM: 24111 MiB
ggml_backend_cuda_graph_compute: CUDA graph warmup complete
[TIMING ts=20260722-124950] omnivoice.reference.encode_ms 1.694042
[TIMING ts=20260722-124950] omnivoice.encoder.graph.rebuilt 1
[TIMING ts=20260722-124950] omnivoice.session.prompt_ms 3.958298
[TIMING ts=20260722-124950] omnivoice.session.generate_ms 1194.099547
[TIMING ts=20260722-124950] omnivoice.generator.graph.rebuilt 1
[TIMING ts=20260722-124950] omnivoice.generator.graph.rebuild_ms 3.625476
[TIMING ts=20260722-124950] omnivoice.session.decode_ms 9.306781
[TIMING ts=20260722-124950] omnivoice.decoder.graph.rebuilt 1
[TIMING ts=20260722-124950] omnivoice.decoder.graph.rebuild_ms 1.297538
[TIMING ts=20260722-124950] omnivoice.session.postprocess_ms 7.22457
[TIMING ts=20260722-124950] session.wall_ms 1216.50537
family=omnivoice
task=tts
mode=offline
audio_out=./outputs/single_infer/audiocpp_omnivoice_clone_mdwt_q8_0_atwt_bf16_step56.wav
  Completed at: 12:49:50
  Output: ./outputs/single_infer/audiocpp_omnivoice_clone_mdwt_q8_0_atwt_bf16_step56.wav

[325/375] weight_type=q8_0 | audio_tokenizer_weight_type=q8_0 | steps=56 -> audiocpp_omnivoice_clone_mdwt_q8_0_atwt_q8_0_step56.wav
  Started at: 12:49:50
[TRACE ts=20260722-124950] runtime.model.family omnivoice
[TRACE ts=20260722-124950] runtime.model.variant omnivoice
[TRACE ts=20260722-124950] runtime.model.root /home/ipt/kawshik/tts-testing/audio.cpp/models/OmniVoice
[TRACE ts=20260722-124950] runtime.model.discovered_config_count 6
[TRACE ts=20260722-124950] runtime.model.discovered_weight_count 2
[TRACE ts=20260722-124950] runtime.model.task_count 1
[TRACE ts=20260722-124950] runtime.model.language_count 1
[TRACE ts=20260722-124950] runtime.model.supports_speaker_reference 1
[TRACE ts=20260722-124950] runtime.model.supports_style_condition 1
[TRACE ts=20260722-124950] runtime.model.supports_timestamps 0
ggml_cuda_init: found 1 CUDA devices (Total VRAM: 24111 MiB):
  Device 0: NVIDIA GeForce RTX 4090, compute capability 8.9, VMM: yes, VRAM: 24111 MiB
ggml_backend_cuda_graph_compute: CUDA graph warmup complete
[TIMING ts=20260722-125002] omnivoice.reference.encode_ms 1.527759
[TIMING ts=20260722-125002] omnivoice.encoder.graph.rebuilt 1
[TIMING ts=20260722-125002] omnivoice.session.prompt_ms 3.523671
[TIMING ts=20260722-125002] omnivoice.session.generate_ms 1165.704765
[TIMING ts=20260722-125002] omnivoice.generator.graph.rebuilt 1
[TIMING ts=20260722-125002] omnivoice.generator.graph.rebuild_ms 3.303599
[TIMING ts=20260722-125002] omnivoice.session.decode_ms 44.271568
[TIMING ts=20260722-125002] omnivoice.decoder.graph.rebuilt 1
[TIMING ts=20260722-125002] omnivoice.decoder.graph.rebuild_ms 1.559558
[TIMING ts=20260722-125002] omnivoice.session.postprocess_ms 8.561951
[TIMING ts=20260722-125002] session.wall_ms 1223.810893
family=omnivoice
task=tts
mode=offline
audio_out=./outputs/single_infer/audiocpp_omnivoice_clone_mdwt_q8_0_atwt_q8_0_step56.wav
  Completed at: 12:50:02
  Output: ./outputs/single_infer/audiocpp_omnivoice_clone_mdwt_q8_0_atwt_q8_0_step56.wav

[326/375] weight_type=native | audio_tokenizer_weight_type=native | steps=60 -> audiocpp_omnivoice_clone_mdwt_native_atwt_native_step60.wav
  Started at: 12:50:02
[TRACE ts=20260722-125002] runtime.model.family omnivoice
[TRACE ts=20260722-125002] runtime.model.variant omnivoice
[TRACE ts=20260722-125002] runtime.model.root /home/ipt/kawshik/tts-testing/audio.cpp/models/OmniVoice
[TRACE ts=20260722-125002] runtime.model.discovered_config_count 6
[TRACE ts=20260722-125002] runtime.model.discovered_weight_count 2
[TRACE ts=20260722-125002] runtime.model.task_count 1
[TRACE ts=20260722-125002] runtime.model.language_count 1
[TRACE ts=20260722-125002] runtime.model.supports_speaker_reference 1
[TRACE ts=20260722-125002] runtime.model.supports_style_condition 1
[TRACE ts=20260722-125002] runtime.model.supports_timestamps 0
ggml_cuda_init: found 1 CUDA devices (Total VRAM: 24111 MiB):
  Device 0: NVIDIA GeForce RTX 4090, compute capability 8.9, VMM: yes, VRAM: 24111 MiB
ggml_backend_cuda_graph_compute: CUDA graph warmup complete
[TIMING ts=20260722-125007] omnivoice.reference.encode_ms 1.701353
[TIMING ts=20260722-125007] omnivoice.encoder.graph.rebuilt 1
[TIMING ts=20260722-125007] omnivoice.session.prompt_ms 3.02543
[TIMING ts=20260722-125007] omnivoice.session.generate_ms 1577.309483
[TIMING ts=20260722-125007] omnivoice.generator.graph.rebuilt 1
[TIMING ts=20260722-125007] omnivoice.generator.graph.rebuild_ms 2.922289
[TIMING ts=20260722-125007] omnivoice.session.decode_ms 45.318042
[TIMING ts=20260722-125007] omnivoice.decoder.graph.rebuilt 1
[TIMING ts=20260722-125007] omnivoice.decoder.graph.rebuild_ms 1.729345
[TIMING ts=20260722-125007] omnivoice.session.postprocess_ms 7.447722
[TIMING ts=20260722-125007] session.wall_ms 1635.025612
family=omnivoice
task=tts
mode=offline
audio_out=./outputs/single_infer/audiocpp_omnivoice_clone_mdwt_native_atwt_native_step60.wav
  Completed at: 12:50:07
  Output: ./outputs/single_infer/audiocpp_omnivoice_clone_mdwt_native_atwt_native_step60.wav

[327/375] weight_type=native | audio_tokenizer_weight_type=f32 | steps=60 -> audiocpp_omnivoice_clone_mdwt_native_atwt_f32_step60.wav
  Started at: 12:50:07
[TRACE ts=20260722-125007] runtime.model.family omnivoice
[TRACE ts=20260722-125007] runtime.model.variant omnivoice
[TRACE ts=20260722-125007] runtime.model.root /home/ipt/kawshik/tts-testing/audio.cpp/models/OmniVoice
[TRACE ts=20260722-125007] runtime.model.discovered_config_count 6
[TRACE ts=20260722-125007] runtime.model.discovered_weight_count 2
[TRACE ts=20260722-125007] runtime.model.task_count 1
[TRACE ts=20260722-125007] runtime.model.language_count 1
[TRACE ts=20260722-125007] runtime.model.supports_speaker_reference 1
[TRACE ts=20260722-125007] runtime.model.supports_style_condition 1
[TRACE ts=20260722-125007] runtime.model.supports_timestamps 0
ggml_cuda_init: found 1 CUDA devices (Total VRAM: 24111 MiB):
  Device 0: NVIDIA GeForce RTX 4090, compute capability 8.9, VMM: yes, VRAM: 24111 MiB
ggml_backend_cuda_graph_compute: CUDA graph warmup complete
[TIMING ts=20260722-125012] omnivoice.reference.encode_ms 1.694165
[TIMING ts=20260722-125012] omnivoice.encoder.graph.rebuilt 1
[TIMING ts=20260722-125012] omnivoice.session.prompt_ms 2.824955
[TIMING ts=20260722-125012] omnivoice.session.generate_ms 1615.55663
[TIMING ts=20260722-125012] omnivoice.generator.graph.rebuilt 1
[TIMING ts=20260722-125012] omnivoice.generator.graph.rebuild_ms 2.856451
[TIMING ts=20260722-125012] omnivoice.session.decode_ms 48.953958
[TIMING ts=20260722-125012] omnivoice.decoder.graph.rebuilt 1
[TIMING ts=20260722-125012] omnivoice.decoder.graph.rebuild_ms 1.826544
[TIMING ts=20260722-125012] omnivoice.session.postprocess_ms 8.750704
[TIMING ts=20260722-125012] session.wall_ms 1678.001582
family=omnivoice
task=tts
mode=offline
audio_out=./outputs/single_infer/audiocpp_omnivoice_clone_mdwt_native_atwt_f32_step60.wav
  Completed at: 12:50:12
  Output: ./outputs/single_infer/audiocpp_omnivoice_clone_mdwt_native_atwt_f32_step60.wav

[328/375] weight_type=native | audio_tokenizer_weight_type=f16 | steps=60 -> audiocpp_omnivoice_clone_mdwt_native_atwt_f16_step60.wav
  Started at: 12:50:12
[TRACE ts=20260722-125012] runtime.model.family omnivoice
[TRACE ts=20260722-125012] runtime.model.variant omnivoice
[TRACE ts=20260722-125012] runtime.model.root /home/ipt/kawshik/tts-testing/audio.cpp/models/OmniVoice
[TRACE ts=20260722-125012] runtime.model.discovered_config_count 6
[TRACE ts=20260722-125012] runtime.model.discovered_weight_count 2
[TRACE ts=20260722-125012] runtime.model.task_count 1
[TRACE ts=20260722-125012] runtime.model.language_count 1
[TRACE ts=20260722-125012] runtime.model.supports_speaker_reference 1
[TRACE ts=20260722-125012] runtime.model.supports_style_condition 1
[TRACE ts=20260722-125012] runtime.model.supports_timestamps 0
ggml_cuda_init: found 1 CUDA devices (Total VRAM: 24111 MiB):
  Device 0: NVIDIA GeForce RTX 4090, compute capability 8.9, VMM: yes, VRAM: 24111 MiB
ggml_backend_cuda_graph_compute: CUDA graph warmup complete
[TIMING ts=20260722-125017] omnivoice.reference.encode_ms 1.576067
[TIMING ts=20260722-125017] omnivoice.encoder.graph.rebuilt 1
[TIMING ts=20260722-125017] omnivoice.session.prompt_ms 2.439544
[TIMING ts=20260722-125017] omnivoice.session.generate_ms 1588.408156
[TIMING ts=20260722-125017] omnivoice.generator.graph.rebuilt 1
[TIMING ts=20260722-125017] omnivoice.generator.graph.rebuild_ms 3.362603
[TIMING ts=20260722-125017] omnivoice.session.decode_ms 9.087929
[TIMING ts=20260722-125017] omnivoice.decoder.graph.rebuilt 1
[TIMING ts=20260722-125017] omnivoice.decoder.graph.rebuild_ms 1.397604
[TIMING ts=20260722-125017] omnivoice.session.postprocess_ms 6.695872
[TIMING ts=20260722-125017] session.wall_ms 1608.439069
family=omnivoice
task=tts
mode=offline
audio_out=./outputs/single_infer/audiocpp_omnivoice_clone_mdwt_native_atwt_f16_step60.wav
  Completed at: 12:50:18
  Output: ./outputs/single_infer/audiocpp_omnivoice_clone_mdwt_native_atwt_f16_step60.wav

[329/375] weight_type=native | audio_tokenizer_weight_type=bf16 | steps=60 -> audiocpp_omnivoice_clone_mdwt_native_atwt_bf16_step60.wav
  Started at: 12:50:18
[TRACE ts=20260722-125018] runtime.model.family omnivoice
[TRACE ts=20260722-125018] runtime.model.variant omnivoice
[TRACE ts=20260722-125018] runtime.model.root /home/ipt/kawshik/tts-testing/audio.cpp/models/OmniVoice
[TRACE ts=20260722-125018] runtime.model.discovered_config_count 6
[TRACE ts=20260722-125018] runtime.model.discovered_weight_count 2
[TRACE ts=20260722-125018] runtime.model.task_count 1
[TRACE ts=20260722-125018] runtime.model.language_count 1
[TRACE ts=20260722-125018] runtime.model.supports_speaker_reference 1
[TRACE ts=20260722-125018] runtime.model.supports_style_condition 1
[TRACE ts=20260722-125018] runtime.model.supports_timestamps 0
ggml_cuda_init: found 1 CUDA devices (Total VRAM: 24111 MiB):
  Device 0: NVIDIA GeForce RTX 4090, compute capability 8.9, VMM: yes, VRAM: 24111 MiB
ggml_backend_cuda_graph_compute: CUDA graph warmup complete
[TIMING ts=20260722-125023] omnivoice.reference.encode_ms 1.717543
[TIMING ts=20260722-125023] omnivoice.encoder.graph.rebuilt 1
[TIMING ts=20260722-125023] omnivoice.session.prompt_ms 4.062291
[TIMING ts=20260722-125023] omnivoice.session.generate_ms 1584.995642
[TIMING ts=20260722-125023] omnivoice.generator.graph.rebuilt 1
[TIMING ts=20260722-125023] omnivoice.generator.graph.rebuild_ms 3.682056
[TIMING ts=20260722-125023] omnivoice.session.decode_ms 9.694589
[TIMING ts=20260722-125023] omnivoice.decoder.graph.rebuilt 1
[TIMING ts=20260722-125023] omnivoice.decoder.graph.rebuild_ms 1.51108
[TIMING ts=20260722-125023] omnivoice.session.postprocess_ms 6.783365
[TIMING ts=20260722-125023] session.wall_ms 1607.508845
family=omnivoice
task=tts
mode=offline
audio_out=./outputs/single_infer/audiocpp_omnivoice_clone_mdwt_native_atwt_bf16_step60.wav
  Completed at: 12:50:23
  Output: ./outputs/single_infer/audiocpp_omnivoice_clone_mdwt_native_atwt_bf16_step60.wav

[330/375] weight_type=native | audio_tokenizer_weight_type=q8_0 | steps=60 -> audiocpp_omnivoice_clone_mdwt_native_atwt_q8_0_step60.wav
  Started at: 12:50:23
[TRACE ts=20260722-125023] runtime.model.family omnivoice
[TRACE ts=20260722-125023] runtime.model.variant omnivoice
[TRACE ts=20260722-125023] runtime.model.root /home/ipt/kawshik/tts-testing/audio.cpp/models/OmniVoice
[TRACE ts=20260722-125023] runtime.model.discovered_config_count 6
[TRACE ts=20260722-125023] runtime.model.discovered_weight_count 2
[TRACE ts=20260722-125023] runtime.model.task_count 1
[TRACE ts=20260722-125023] runtime.model.language_count 1
[TRACE ts=20260722-125023] runtime.model.supports_speaker_reference 1
[TRACE ts=20260722-125023] runtime.model.supports_style_condition 1
[TRACE ts=20260722-125023] runtime.model.supports_timestamps 0
ggml_cuda_init: found 1 CUDA devices (Total VRAM: 24111 MiB):
  Device 0: NVIDIA GeForce RTX 4090, compute capability 8.9, VMM: yes, VRAM: 24111 MiB
ggml_backend_cuda_graph_compute: CUDA graph warmup complete
[TIMING ts=20260722-125029] omnivoice.reference.encode_ms 1.71377
[TIMING ts=20260722-125029] omnivoice.encoder.graph.rebuilt 1
[TIMING ts=20260722-125029] omnivoice.session.prompt_ms 4.127696
[TIMING ts=20260722-125029] omnivoice.session.generate_ms 1580.837412
[TIMING ts=20260722-125029] omnivoice.generator.graph.rebuilt 1
[TIMING ts=20260722-125029] omnivoice.generator.graph.rebuild_ms 3.967094
[TIMING ts=20260722-125029] omnivoice.session.decode_ms 43.622873
[TIMING ts=20260722-125029] omnivoice.decoder.graph.rebuilt 1
[TIMING ts=20260722-125029] omnivoice.decoder.graph.rebuild_ms 1.400189
[TIMING ts=20260722-125029] omnivoice.session.postprocess_ms 7.356581
[TIMING ts=20260722-125029] session.wall_ms 1637.94422
family=omnivoice
task=tts
mode=offline
audio_out=./outputs/single_infer/audiocpp_omnivoice_clone_mdwt_native_atwt_q8_0_step60.wav
  Completed at: 12:50:29
  Output: ./outputs/single_infer/audiocpp_omnivoice_clone_mdwt_native_atwt_q8_0_step60.wav

[331/375] weight_type=f32 | audio_tokenizer_weight_type=native | steps=60 -> audiocpp_omnivoice_clone_mdwt_f32_atwt_native_step60.wav
  Started at: 12:50:29
[TRACE ts=20260722-125029] runtime.model.family omnivoice
[TRACE ts=20260722-125029] runtime.model.variant omnivoice
[TRACE ts=20260722-125029] runtime.model.root /home/ipt/kawshik/tts-testing/audio.cpp/models/OmniVoice
[TRACE ts=20260722-125029] runtime.model.discovered_config_count 6
[TRACE ts=20260722-125029] runtime.model.discovered_weight_count 2
[TRACE ts=20260722-125029] runtime.model.task_count 1
[TRACE ts=20260722-125029] runtime.model.language_count 1
[TRACE ts=20260722-125029] runtime.model.supports_speaker_reference 1
[TRACE ts=20260722-125029] runtime.model.supports_style_condition 1
[TRACE ts=20260722-125029] runtime.model.supports_timestamps 0
ggml_cuda_init: found 1 CUDA devices (Total VRAM: 24111 MiB):
  Device 0: NVIDIA GeForce RTX 4090, compute capability 8.9, VMM: yes, VRAM: 24111 MiB
ggml_backend_cuda_graph_compute: CUDA graph warmup complete
[TIMING ts=20260722-125033] omnivoice.reference.encode_ms 1.90848
[TIMING ts=20260722-125033] omnivoice.encoder.graph.rebuilt 1
[TIMING ts=20260722-125033] omnivoice.session.prompt_ms 3.132838
[TIMING ts=20260722-125033] omnivoice.session.generate_ms 1574.54762
[TIMING ts=20260722-125033] omnivoice.generator.graph.rebuilt 1
[TIMING ts=20260722-125033] omnivoice.generator.graph.rebuild_ms 3.277566
[TIMING ts=20260722-125033] omnivoice.session.decode_ms 38.946958
[TIMING ts=20260722-125033] omnivoice.decoder.graph.rebuilt 1
[TIMING ts=20260722-125033] omnivoice.decoder.graph.rebuild_ms 1.35704
[TIMING ts=20260722-125033] omnivoice.session.postprocess_ms 7.480695
[TIMING ts=20260722-125033] session.wall_ms 1626.291951
family=omnivoice
task=tts
mode=offline
audio_out=./outputs/single_infer/audiocpp_omnivoice_clone_mdwt_f32_atwt_native_step60.wav
  Completed at: 12:50:34
  Output: ./outputs/single_infer/audiocpp_omnivoice_clone_mdwt_f32_atwt_native_step60.wav

[332/375] weight_type=f32 | audio_tokenizer_weight_type=f32 | steps=60 -> audiocpp_omnivoice_clone_mdwt_f32_atwt_f32_step60.wav
  Started at: 12:50:34
[TRACE ts=20260722-125034] runtime.model.family omnivoice
[TRACE ts=20260722-125034] runtime.model.variant omnivoice
[TRACE ts=20260722-125034] runtime.model.root /home/ipt/kawshik/tts-testing/audio.cpp/models/OmniVoice
[TRACE ts=20260722-125034] runtime.model.discovered_config_count 6
[TRACE ts=20260722-125034] runtime.model.discovered_weight_count 2
[TRACE ts=20260722-125034] runtime.model.task_count 1
[TRACE ts=20260722-125034] runtime.model.language_count 1
[TRACE ts=20260722-125034] runtime.model.supports_speaker_reference 1
[TRACE ts=20260722-125034] runtime.model.supports_style_condition 1
[TRACE ts=20260722-125034] runtime.model.supports_timestamps 0
ggml_cuda_init: found 1 CUDA devices (Total VRAM: 24111 MiB):
  Device 0: NVIDIA GeForce RTX 4090, compute capability 8.9, VMM: yes, VRAM: 24111 MiB
ggml_backend_cuda_graph_compute: CUDA graph warmup complete
[TIMING ts=20260722-125038] omnivoice.reference.encode_ms 1.406283
[TIMING ts=20260722-125038] omnivoice.encoder.graph.rebuilt 1
[TIMING ts=20260722-125038] omnivoice.session.prompt_ms 2.505705
[TIMING ts=20260722-125038] omnivoice.session.generate_ms 1555.270457
[TIMING ts=20260722-125038] omnivoice.generator.graph.rebuilt 1
[TIMING ts=20260722-125038] omnivoice.generator.graph.rebuild_ms 2.458776
[TIMING ts=20260722-125038] omnivoice.session.decode_ms 39.120792
[TIMING ts=20260722-125038] omnivoice.decoder.graph.rebuilt 1
[TIMING ts=20260722-125038] omnivoice.decoder.graph.rebuild_ms 1.516642
[TIMING ts=20260722-125038] omnivoice.session.postprocess_ms 7.044967
[TIMING ts=20260722-125038] session.wall_ms 1605.562141
family=omnivoice
task=tts
mode=offline
audio_out=./outputs/single_infer/audiocpp_omnivoice_clone_mdwt_f32_atwt_f32_step60.wav
  Completed at: 12:50:38
  Output: ./outputs/single_infer/audiocpp_omnivoice_clone_mdwt_f32_atwt_f32_step60.wav

[333/375] weight_type=f32 | audio_tokenizer_weight_type=f16 | steps=60 -> audiocpp_omnivoice_clone_mdwt_f32_atwt_f16_step60.wav
  Started at: 12:50:38
[TRACE ts=20260722-125038] runtime.model.family omnivoice
[TRACE ts=20260722-125038] runtime.model.variant omnivoice
[TRACE ts=20260722-125038] runtime.model.root /home/ipt/kawshik/tts-testing/audio.cpp/models/OmniVoice
[TRACE ts=20260722-125038] runtime.model.discovered_config_count 6
[TRACE ts=20260722-125038] runtime.model.discovered_weight_count 2
[TRACE ts=20260722-125038] runtime.model.task_count 1
[TRACE ts=20260722-125038] runtime.model.language_count 1
[TRACE ts=20260722-125038] runtime.model.supports_speaker_reference 1
[TRACE ts=20260722-125038] runtime.model.supports_style_condition 1
[TRACE ts=20260722-125038] runtime.model.supports_timestamps 0
ggml_cuda_init: found 1 CUDA devices (Total VRAM: 24111 MiB):
  Device 0: NVIDIA GeForce RTX 4090, compute capability 8.9, VMM: yes, VRAM: 24111 MiB
ggml_backend_cuda_graph_compute: CUDA graph warmup complete
[TIMING ts=20260722-125044] omnivoice.reference.encode_ms 1.39268
[TIMING ts=20260722-125044] omnivoice.encoder.graph.rebuilt 1
[TIMING ts=20260722-125044] omnivoice.session.prompt_ms 2.303696
[TIMING ts=20260722-125044] omnivoice.session.generate_ms 1562.603113
[TIMING ts=20260722-125044] omnivoice.generator.graph.rebuilt 1
[TIMING ts=20260722-125044] omnivoice.generator.graph.rebuild_ms 2.960905
[TIMING ts=20260722-125044] omnivoice.session.decode_ms 9.332929
[TIMING ts=20260722-125044] omnivoice.decoder.graph.rebuilt 1
[TIMING ts=20260722-125044] omnivoice.decoder.graph.rebuild_ms 1.395947
[TIMING ts=20260722-125044] omnivoice.session.postprocess_ms 6.91501
[TIMING ts=20260722-125044] session.wall_ms 1582.759168
family=omnivoice
task=tts
mode=offline
audio_out=./outputs/single_infer/audiocpp_omnivoice_clone_mdwt_f32_atwt_f16_step60.wav
  Completed at: 12:50:44
  Output: ./outputs/single_infer/audiocpp_omnivoice_clone_mdwt_f32_atwt_f16_step60.wav

[334/375] weight_type=f32 | audio_tokenizer_weight_type=bf16 | steps=60 -> audiocpp_omnivoice_clone_mdwt_f32_atwt_bf16_step60.wav
  Started at: 12:50:44
[TRACE ts=20260722-125044] runtime.model.family omnivoice
[TRACE ts=20260722-125044] runtime.model.variant omnivoice
[TRACE ts=20260722-125044] runtime.model.root /home/ipt/kawshik/tts-testing/audio.cpp/models/OmniVoice
[TRACE ts=20260722-125044] runtime.model.discovered_config_count 6
[TRACE ts=20260722-125044] runtime.model.discovered_weight_count 2
[TRACE ts=20260722-125044] runtime.model.task_count 1
[TRACE ts=20260722-125044] runtime.model.language_count 1
[TRACE ts=20260722-125044] runtime.model.supports_speaker_reference 1
[TRACE ts=20260722-125044] runtime.model.supports_style_condition 1
[TRACE ts=20260722-125044] runtime.model.supports_timestamps 0
ggml_cuda_init: found 1 CUDA devices (Total VRAM: 24111 MiB):
  Device 0: NVIDIA GeForce RTX 4090, compute capability 8.9, VMM: yes, VRAM: 24111 MiB
ggml_backend_cuda_graph_compute: CUDA graph warmup complete
[TIMING ts=20260722-125049] omnivoice.reference.encode_ms 1.457535
[TIMING ts=20260722-125049] omnivoice.encoder.graph.rebuilt 1
[TIMING ts=20260722-125049] omnivoice.session.prompt_ms 3.299798
[TIMING ts=20260722-125049] omnivoice.session.generate_ms 1560.689791
[TIMING ts=20260722-125049] omnivoice.generator.graph.rebuilt 1
[TIMING ts=20260722-125049] omnivoice.generator.graph.rebuild_ms 3.0205
[TIMING ts=20260722-125049] omnivoice.session.decode_ms 9.492193
[TIMING ts=20260722-125049] omnivoice.decoder.graph.rebuilt 1
[TIMING ts=20260722-125049] omnivoice.decoder.graph.rebuild_ms 1.451257
[TIMING ts=20260722-125049] omnivoice.session.postprocess_ms 7.933407
[TIMING ts=20260722-125049] session.wall_ms 1583.1178
family=omnivoice
task=tts
mode=offline
audio_out=./outputs/single_infer/audiocpp_omnivoice_clone_mdwt_f32_atwt_bf16_step60.wav
  Completed at: 12:50:49
  Output: ./outputs/single_infer/audiocpp_omnivoice_clone_mdwt_f32_atwt_bf16_step60.wav

[335/375] weight_type=f32 | audio_tokenizer_weight_type=q8_0 | steps=60 -> audiocpp_omnivoice_clone_mdwt_f32_atwt_q8_0_step60.wav
  Started at: 12:50:49
[TRACE ts=20260722-125049] runtime.model.family omnivoice
[TRACE ts=20260722-125049] runtime.model.variant omnivoice
[TRACE ts=20260722-125049] runtime.model.root /home/ipt/kawshik/tts-testing/audio.cpp/models/OmniVoice
[TRACE ts=20260722-125049] runtime.model.discovered_config_count 6
[TRACE ts=20260722-125049] runtime.model.discovered_weight_count 2
[TRACE ts=20260722-125049] runtime.model.task_count 1
[TRACE ts=20260722-125049] runtime.model.language_count 1
[TRACE ts=20260722-125049] runtime.model.supports_speaker_reference 1
[TRACE ts=20260722-125049] runtime.model.supports_style_condition 1
[TRACE ts=20260722-125049] runtime.model.supports_timestamps 0
ggml_cuda_init: found 1 CUDA devices (Total VRAM: 24111 MiB):
  Device 0: NVIDIA GeForce RTX 4090, compute capability 8.9, VMM: yes, VRAM: 24111 MiB
ggml_backend_cuda_graph_compute: CUDA graph warmup complete
[TIMING ts=20260722-125055] omnivoice.reference.encode_ms 1.498666
[TIMING ts=20260722-125055] omnivoice.encoder.graph.rebuilt 1
[TIMING ts=20260722-125055] omnivoice.session.prompt_ms 5.997147
[TIMING ts=20260722-125055] omnivoice.session.generate_ms 1566.402774
[TIMING ts=20260722-125055] omnivoice.generator.graph.rebuilt 1
[TIMING ts=20260722-125055] omnivoice.generator.graph.rebuild_ms 3.280142
[TIMING ts=20260722-125055] omnivoice.session.decode_ms 42.408927
[TIMING ts=20260722-125055] omnivoice.decoder.graph.rebuilt 1
[TIMING ts=20260722-125055] omnivoice.decoder.graph.rebuild_ms 1.346707
[TIMING ts=20260722-125055] omnivoice.session.postprocess_ms 7.180808
[TIMING ts=20260722-125055] session.wall_ms 1623.70512
family=omnivoice
task=tts
mode=offline
audio_out=./outputs/single_infer/audiocpp_omnivoice_clone_mdwt_f32_atwt_q8_0_step60.wav
  Completed at: 12:50:55
  Output: ./outputs/single_infer/audiocpp_omnivoice_clone_mdwt_f32_atwt_q8_0_step60.wav

[336/375] weight_type=f16 | audio_tokenizer_weight_type=native | steps=60 -> audiocpp_omnivoice_clone_mdwt_f16_atwt_native_step60.wav
  Started at: 12:50:55
[TRACE ts=20260722-125055] runtime.model.family omnivoice
[TRACE ts=20260722-125055] runtime.model.variant omnivoice
[TRACE ts=20260722-125055] runtime.model.root /home/ipt/kawshik/tts-testing/audio.cpp/models/OmniVoice
[TRACE ts=20260722-125055] runtime.model.discovered_config_count 6
[TRACE ts=20260722-125055] runtime.model.discovered_weight_count 2
[TRACE ts=20260722-125055] runtime.model.task_count 1
[TRACE ts=20260722-125055] runtime.model.language_count 1
[TRACE ts=20260722-125055] runtime.model.supports_speaker_reference 1
[TRACE ts=20260722-125055] runtime.model.supports_style_condition 1
[TRACE ts=20260722-125055] runtime.model.supports_timestamps 0
ggml_cuda_init: found 1 CUDA devices (Total VRAM: 24111 MiB):
  Device 0: NVIDIA GeForce RTX 4090, compute capability 8.9, VMM: yes, VRAM: 24111 MiB
ggml_backend_cuda_graph_compute: CUDA graph warmup complete
[TIMING ts=20260722-125106] omnivoice.reference.encode_ms 1.500123
[TIMING ts=20260722-125106] omnivoice.encoder.graph.rebuilt 1
[TIMING ts=20260722-125106] omnivoice.session.prompt_ms 4.817461
[TIMING ts=20260722-125106] omnivoice.session.generate_ms 1279.297829
[TIMING ts=20260722-125106] omnivoice.generator.graph.rebuilt 1
[TIMING ts=20260722-125106] omnivoice.generator.graph.rebuild_ms 3.097229
[TIMING ts=20260722-125106] omnivoice.session.decode_ms 36.19164
[TIMING ts=20260722-125106] omnivoice.decoder.graph.rebuilt 1
[TIMING ts=20260722-125106] omnivoice.decoder.graph.rebuild_ms 1.522106
[TIMING ts=20260722-125106] omnivoice.session.postprocess_ms 7.141812
[TIMING ts=20260722-125106] session.wall_ms 1329.174278
family=omnivoice
task=tts
mode=offline
audio_out=./outputs/single_infer/audiocpp_omnivoice_clone_mdwt_f16_atwt_native_step60.wav
  Completed at: 12:51:06
  Output: ./outputs/single_infer/audiocpp_omnivoice_clone_mdwt_f16_atwt_native_step60.wav

[337/375] weight_type=f16 | audio_tokenizer_weight_type=f32 | steps=60 -> audiocpp_omnivoice_clone_mdwt_f16_atwt_f32_step60.wav
  Started at: 12:51:06
[TRACE ts=20260722-125106] runtime.model.family omnivoice
[TRACE ts=20260722-125106] runtime.model.variant omnivoice
[TRACE ts=20260722-125106] runtime.model.root /home/ipt/kawshik/tts-testing/audio.cpp/models/OmniVoice
[TRACE ts=20260722-125106] runtime.model.discovered_config_count 6
[TRACE ts=20260722-125106] runtime.model.discovered_weight_count 2
[TRACE ts=20260722-125106] runtime.model.task_count 1
[TRACE ts=20260722-125106] runtime.model.language_count 1
[TRACE ts=20260722-125106] runtime.model.supports_speaker_reference 1
[TRACE ts=20260722-125106] runtime.model.supports_style_condition 1
[TRACE ts=20260722-125106] runtime.model.supports_timestamps 0
ggml_cuda_init: found 1 CUDA devices (Total VRAM: 24111 MiB):
  Device 0: NVIDIA GeForce RTX 4090, compute capability 8.9, VMM: yes, VRAM: 24111 MiB
ggml_backend_cuda_graph_compute: CUDA graph warmup complete
[TIMING ts=20260722-125115] omnivoice.reference.encode_ms 1.434034
[TIMING ts=20260722-125115] omnivoice.encoder.graph.rebuilt 1
[TIMING ts=20260722-125115] omnivoice.session.prompt_ms 2.231889
[TIMING ts=20260722-125115] omnivoice.session.generate_ms 1229.610105
[TIMING ts=20260722-125115] omnivoice.generator.graph.rebuilt 1
[TIMING ts=20260722-125115] omnivoice.generator.graph.rebuild_ms 2.860875
[TIMING ts=20260722-125115] omnivoice.session.decode_ms 34.815093
[TIMING ts=20260722-125115] omnivoice.decoder.graph.rebuilt 1
[TIMING ts=20260722-125115] omnivoice.decoder.graph.rebuild_ms 1.512692
[TIMING ts=20260722-125115] omnivoice.session.postprocess_ms 7.696678
[TIMING ts=20260722-125115] session.wall_ms 1276.002188
family=omnivoice
task=tts
mode=offline
audio_out=./outputs/single_infer/audiocpp_omnivoice_clone_mdwt_f16_atwt_f32_step60.wav
  Completed at: 12:51:15
  Output: ./outputs/single_infer/audiocpp_omnivoice_clone_mdwt_f16_atwt_f32_step60.wav

[338/375] weight_type=f16 | audio_tokenizer_weight_type=f16 | steps=60 -> audiocpp_omnivoice_clone_mdwt_f16_atwt_f16_step60.wav
  Started at: 12:51:15
[TRACE ts=20260722-125115] runtime.model.family omnivoice
[TRACE ts=20260722-125115] runtime.model.variant omnivoice
[TRACE ts=20260722-125115] runtime.model.root /home/ipt/kawshik/tts-testing/audio.cpp/models/OmniVoice
[TRACE ts=20260722-125115] runtime.model.discovered_config_count 6
[TRACE ts=20260722-125115] runtime.model.discovered_weight_count 2
[TRACE ts=20260722-125115] runtime.model.task_count 1
[TRACE ts=20260722-125115] runtime.model.language_count 1
[TRACE ts=20260722-125115] runtime.model.supports_speaker_reference 1
[TRACE ts=20260722-125115] runtime.model.supports_style_condition 1
[TRACE ts=20260722-125115] runtime.model.supports_timestamps 0
ggml_cuda_init: found 1 CUDA devices (Total VRAM: 24111 MiB):
  Device 0: NVIDIA GeForce RTX 4090, compute capability 8.9, VMM: yes, VRAM: 24111 MiB
ggml_backend_cuda_graph_compute: CUDA graph warmup complete
[TIMING ts=20260722-125125] omnivoice.reference.encode_ms 1.395308
[TIMING ts=20260722-125125] omnivoice.encoder.graph.rebuilt 1
[TIMING ts=20260722-125125] omnivoice.session.prompt_ms 2.950344
[TIMING ts=20260722-125125] omnivoice.session.generate_ms 1188.377687
[TIMING ts=20260722-125125] omnivoice.generator.graph.rebuilt 1
[TIMING ts=20260722-125125] omnivoice.generator.graph.rebuild_ms 3.15982
[TIMING ts=20260722-125125] omnivoice.session.decode_ms 9.093118
[TIMING ts=20260722-125125] omnivoice.decoder.graph.rebuilt 1
[TIMING ts=20260722-125125] omnivoice.decoder.graph.rebuild_ms 1.387013
[TIMING ts=20260722-125125] omnivoice.session.postprocess_ms 6.9021
[TIMING ts=20260722-125125] session.wall_ms 1208.941119
family=omnivoice
task=tts
mode=offline
audio_out=./outputs/single_infer/audiocpp_omnivoice_clone_mdwt_f16_atwt_f16_step60.wav
  Completed at: 12:51:26
  Output: ./outputs/single_infer/audiocpp_omnivoice_clone_mdwt_f16_atwt_f16_step60.wav

[339/375] weight_type=f16 | audio_tokenizer_weight_type=bf16 | steps=60 -> audiocpp_omnivoice_clone_mdwt_f16_atwt_bf16_step60.wav
  Started at: 12:51:26
[TRACE ts=20260722-125126] runtime.model.family omnivoice
[TRACE ts=20260722-125126] runtime.model.variant omnivoice
[TRACE ts=20260722-125126] runtime.model.root /home/ipt/kawshik/tts-testing/audio.cpp/models/OmniVoice
[TRACE ts=20260722-125126] runtime.model.discovered_config_count 6
[TRACE ts=20260722-125126] runtime.model.discovered_weight_count 2
[TRACE ts=20260722-125126] runtime.model.task_count 1
[TRACE ts=20260722-125126] runtime.model.language_count 1
[TRACE ts=20260722-125126] runtime.model.supports_speaker_reference 1
[TRACE ts=20260722-125126] runtime.model.supports_style_condition 1
[TRACE ts=20260722-125126] runtime.model.supports_timestamps 0
ggml_cuda_init: found 1 CUDA devices (Total VRAM: 24111 MiB):
  Device 0: NVIDIA GeForce RTX 4090, compute capability 8.9, VMM: yes, VRAM: 24111 MiB
ggml_backend_cuda_graph_compute: CUDA graph warmup complete
[TIMING ts=20260722-125135] omnivoice.reference.encode_ms 1.476329
[TIMING ts=20260722-125135] omnivoice.encoder.graph.rebuilt 1
[TIMING ts=20260722-125135] omnivoice.session.prompt_ms 3.263473
[TIMING ts=20260722-125135] omnivoice.session.generate_ms 1179.937043
[TIMING ts=20260722-125135] omnivoice.generator.graph.rebuilt 1
[TIMING ts=20260722-125135] omnivoice.generator.graph.rebuild_ms 3.121085
[TIMING ts=20260722-125135] omnivoice.session.decode_ms 9.25219
[TIMING ts=20260722-125135] omnivoice.decoder.graph.rebuilt 1
[TIMING ts=20260722-125135] omnivoice.decoder.graph.rebuild_ms 1.410254
[TIMING ts=20260722-125135] omnivoice.session.postprocess_ms 7.153904
[TIMING ts=20260722-125135] session.wall_ms 1201.296336
family=omnivoice
task=tts
mode=offline
audio_out=./outputs/single_infer/audiocpp_omnivoice_clone_mdwt_f16_atwt_bf16_step60.wav
  Completed at: 12:51:35
  Output: ./outputs/single_infer/audiocpp_omnivoice_clone_mdwt_f16_atwt_bf16_step60.wav

[340/375] weight_type=f16 | audio_tokenizer_weight_type=q8_0 | steps=60 -> audiocpp_omnivoice_clone_mdwt_f16_atwt_q8_0_step60.wav
  Started at: 12:51:35
[TRACE ts=20260722-125135] runtime.model.family omnivoice
[TRACE ts=20260722-125135] runtime.model.variant omnivoice
[TRACE ts=20260722-125135] runtime.model.root /home/ipt/kawshik/tts-testing/audio.cpp/models/OmniVoice
[TRACE ts=20260722-125135] runtime.model.discovered_config_count 6
[TRACE ts=20260722-125135] runtime.model.discovered_weight_count 2
[TRACE ts=20260722-125135] runtime.model.task_count 1
[TRACE ts=20260722-125135] runtime.model.language_count 1
[TRACE ts=20260722-125135] runtime.model.supports_speaker_reference 1
[TRACE ts=20260722-125135] runtime.model.supports_style_condition 1
[TRACE ts=20260722-125135] runtime.model.supports_timestamps 0
ggml_cuda_init: found 1 CUDA devices (Total VRAM: 24111 MiB):
  Device 0: NVIDIA GeForce RTX 4090, compute capability 8.9, VMM: yes, VRAM: 24111 MiB
ggml_backend_cuda_graph_compute: CUDA graph warmup complete
[TIMING ts=20260722-125147] omnivoice.reference.encode_ms 1.298795
[TIMING ts=20260722-125147] omnivoice.encoder.graph.rebuilt 1
[TIMING ts=20260722-125147] omnivoice.session.prompt_ms 3.326565
[TIMING ts=20260722-125147] omnivoice.session.generate_ms 1175.754319
[TIMING ts=20260722-125147] omnivoice.generator.graph.rebuilt 1
[TIMING ts=20260722-125147] omnivoice.generator.graph.rebuild_ms 3.157384
[TIMING ts=20260722-125147] omnivoice.session.decode_ms 46.222482
[TIMING ts=20260722-125147] omnivoice.decoder.graph.rebuilt 1
[TIMING ts=20260722-125147] omnivoice.decoder.graph.rebuild_ms 1.97145
[TIMING ts=20260722-125147] omnivoice.session.postprocess_ms 7.396624
[TIMING ts=20260722-125147] session.wall_ms 1234.211194
family=omnivoice
task=tts
mode=offline
audio_out=./outputs/single_infer/audiocpp_omnivoice_clone_mdwt_f16_atwt_q8_0_step60.wav
  Completed at: 12:51:47
  Output: ./outputs/single_infer/audiocpp_omnivoice_clone_mdwt_f16_atwt_q8_0_step60.wav

[341/375] weight_type=bf16 | audio_tokenizer_weight_type=native | steps=60 -> audiocpp_omnivoice_clone_mdwt_bf16_atwt_native_step60.wav
  Started at: 12:51:47
[TRACE ts=20260722-125147] runtime.model.family omnivoice
[TRACE ts=20260722-125147] runtime.model.variant omnivoice
[TRACE ts=20260722-125147] runtime.model.root /home/ipt/kawshik/tts-testing/audio.cpp/models/OmniVoice
[TRACE ts=20260722-125147] runtime.model.discovered_config_count 6
[TRACE ts=20260722-125147] runtime.model.discovered_weight_count 2
[TRACE ts=20260722-125147] runtime.model.task_count 1
[TRACE ts=20260722-125147] runtime.model.language_count 1
[TRACE ts=20260722-125147] runtime.model.supports_speaker_reference 1
[TRACE ts=20260722-125147] runtime.model.supports_style_condition 1
[TRACE ts=20260722-125147] runtime.model.supports_timestamps 0
ggml_cuda_init: found 1 CUDA devices (Total VRAM: 24111 MiB):
  Device 0: NVIDIA GeForce RTX 4090, compute capability 8.9, VMM: yes, VRAM: 24111 MiB
ggml_backend_cuda_graph_compute: CUDA graph warmup complete
[TIMING ts=20260722-125156] omnivoice.reference.encode_ms 1.477662
[TIMING ts=20260722-125156] omnivoice.encoder.graph.rebuilt 1
[TIMING ts=20260722-125156] omnivoice.session.prompt_ms 3.064643
[TIMING ts=20260722-125156] omnivoice.session.generate_ms 1433.859044
[TIMING ts=20260722-125156] omnivoice.generator.graph.rebuilt 1
[TIMING ts=20260722-125156] omnivoice.generator.graph.rebuild_ms 2.964758
[TIMING ts=20260722-125156] omnivoice.session.decode_ms 42.490018
[TIMING ts=20260722-125156] omnivoice.decoder.graph.rebuilt 1
[TIMING ts=20260722-125156] omnivoice.decoder.graph.rebuild_ms 1.499456
[TIMING ts=20260722-125156] omnivoice.session.postprocess_ms 9.641143
[TIMING ts=20260722-125156] session.wall_ms 1490.740887
family=omnivoice
task=tts
mode=offline
audio_out=./outputs/single_infer/audiocpp_omnivoice_clone_mdwt_bf16_atwt_native_step60.wav
  Completed at: 12:51:56
  Output: ./outputs/single_infer/audiocpp_omnivoice_clone_mdwt_bf16_atwt_native_step60.wav

[342/375] weight_type=bf16 | audio_tokenizer_weight_type=f32 | steps=60 -> audiocpp_omnivoice_clone_mdwt_bf16_atwt_f32_step60.wav
  Started at: 12:51:56
[TRACE ts=20260722-125156] runtime.model.family omnivoice
[TRACE ts=20260722-125156] runtime.model.variant omnivoice
[TRACE ts=20260722-125156] runtime.model.root /home/ipt/kawshik/tts-testing/audio.cpp/models/OmniVoice
[TRACE ts=20260722-125156] runtime.model.discovered_config_count 6
[TRACE ts=20260722-125156] runtime.model.discovered_weight_count 2
[TRACE ts=20260722-125156] runtime.model.task_count 1
[TRACE ts=20260722-125156] runtime.model.language_count 1
[TRACE ts=20260722-125156] runtime.model.supports_speaker_reference 1
[TRACE ts=20260722-125156] runtime.model.supports_style_condition 1
[TRACE ts=20260722-125156] runtime.model.supports_timestamps 0
ggml_cuda_init: found 1 CUDA devices (Total VRAM: 24111 MiB):
  Device 0: NVIDIA GeForce RTX 4090, compute capability 8.9, VMM: yes, VRAM: 24111 MiB
ggml_backend_cuda_graph_compute: CUDA graph warmup complete
[TIMING ts=20260722-125204] omnivoice.reference.encode_ms 1.427552
[TIMING ts=20260722-125204] omnivoice.encoder.graph.rebuilt 1
[TIMING ts=20260722-125204] omnivoice.session.prompt_ms 2.326722
[TIMING ts=20260722-125204] omnivoice.session.generate_ms 1391.143355
[TIMING ts=20260722-125204] omnivoice.generator.graph.rebuilt 1
[TIMING ts=20260722-125204] omnivoice.generator.graph.rebuild_ms 2.697101
[TIMING ts=20260722-125204] omnivoice.session.decode_ms 36.592101
[TIMING ts=20260722-125204] omnivoice.decoder.graph.rebuilt 1
[TIMING ts=20260722-125204] omnivoice.decoder.graph.rebuild_ms 1.361061
[TIMING ts=20260722-125204] omnivoice.session.postprocess_ms 7.340724
[TIMING ts=20260722-125204] session.wall_ms 1439.043891
family=omnivoice
task=tts
mode=offline
audio_out=./outputs/single_infer/audiocpp_omnivoice_clone_mdwt_bf16_atwt_f32_step60.wav
  Completed at: 12:52:04
  Output: ./outputs/single_infer/audiocpp_omnivoice_clone_mdwt_bf16_atwt_f32_step60.wav

[343/375] weight_type=bf16 | audio_tokenizer_weight_type=f16 | steps=60 -> audiocpp_omnivoice_clone_mdwt_bf16_atwt_f16_step60.wav
  Started at: 12:52:04
[TRACE ts=20260722-125204] runtime.model.family omnivoice
[TRACE ts=20260722-125204] runtime.model.variant omnivoice
[TRACE ts=20260722-125204] runtime.model.root /home/ipt/kawshik/tts-testing/audio.cpp/models/OmniVoice
[TRACE ts=20260722-125204] runtime.model.discovered_config_count 6
[TRACE ts=20260722-125204] runtime.model.discovered_weight_count 2
[TRACE ts=20260722-125204] runtime.model.task_count 1
[TRACE ts=20260722-125204] runtime.model.language_count 1
[TRACE ts=20260722-125204] runtime.model.supports_speaker_reference 1
[TRACE ts=20260722-125204] runtime.model.supports_style_condition 1
[TRACE ts=20260722-125204] runtime.model.supports_timestamps 0
ggml_cuda_init: found 1 CUDA devices (Total VRAM: 24111 MiB):
  Device 0: NVIDIA GeForce RTX 4090, compute capability 8.9, VMM: yes, VRAM: 24111 MiB
ggml_backend_cuda_graph_compute: CUDA graph warmup complete
[TIMING ts=20260722-125214] omnivoice.reference.encode_ms 1.498751
[TIMING ts=20260722-125214] omnivoice.encoder.graph.rebuilt 1
[TIMING ts=20260722-125214] omnivoice.session.prompt_ms 3.125976
[TIMING ts=20260722-125214] omnivoice.session.generate_ms 1438.47274
[TIMING ts=20260722-125214] omnivoice.generator.graph.rebuilt 1
[TIMING ts=20260722-125214] omnivoice.generator.graph.rebuild_ms 3.370929
[TIMING ts=20260722-125214] omnivoice.session.decode_ms 9.096718
[TIMING ts=20260722-125214] omnivoice.decoder.graph.rebuilt 1
[TIMING ts=20260722-125214] omnivoice.decoder.graph.rebuild_ms 1.457557
[TIMING ts=20260722-125214] omnivoice.session.postprocess_ms 6.924021
[TIMING ts=20260722-125214] session.wall_ms 1459.336685
family=omnivoice
task=tts
mode=offline
audio_out=./outputs/single_infer/audiocpp_omnivoice_clone_mdwt_bf16_atwt_f16_step60.wav
  Completed at: 12:52:14
  Output: ./outputs/single_infer/audiocpp_omnivoice_clone_mdwt_bf16_atwt_f16_step60.wav

[344/375] weight_type=bf16 | audio_tokenizer_weight_type=bf16 | steps=60 -> audiocpp_omnivoice_clone_mdwt_bf16_atwt_bf16_step60.wav
  Started at: 12:52:14
[TRACE ts=20260722-125214] runtime.model.family omnivoice
[TRACE ts=20260722-125214] runtime.model.variant omnivoice
[TRACE ts=20260722-125214] runtime.model.root /home/ipt/kawshik/tts-testing/audio.cpp/models/OmniVoice
[TRACE ts=20260722-125214] runtime.model.discovered_config_count 6
[TRACE ts=20260722-125214] runtime.model.discovered_weight_count 2
[TRACE ts=20260722-125214] runtime.model.task_count 1
[TRACE ts=20260722-125214] runtime.model.language_count 1
[TRACE ts=20260722-125214] runtime.model.supports_speaker_reference 1
[TRACE ts=20260722-125214] runtime.model.supports_style_condition 1
[TRACE ts=20260722-125214] runtime.model.supports_timestamps 0
ggml_cuda_init: found 1 CUDA devices (Total VRAM: 24111 MiB):
  Device 0: NVIDIA GeForce RTX 4090, compute capability 8.9, VMM: yes, VRAM: 24111 MiB
ggml_backend_cuda_graph_compute: CUDA graph warmup complete
[TIMING ts=20260722-125223] omnivoice.reference.encode_ms 1.400465
[TIMING ts=20260722-125223] omnivoice.encoder.graph.rebuilt 1
[TIMING ts=20260722-125223] omnivoice.session.prompt_ms 3.472676
[TIMING ts=20260722-125223] omnivoice.session.generate_ms 1254.959013
[TIMING ts=20260722-125223] omnivoice.generator.graph.rebuilt 1
[TIMING ts=20260722-125223] omnivoice.generator.graph.rebuild_ms 3.167241
[TIMING ts=20260722-125223] omnivoice.session.decode_ms 10.166977
[TIMING ts=20260722-125223] omnivoice.decoder.graph.rebuilt 1
[TIMING ts=20260722-125223] omnivoice.decoder.graph.rebuild_ms 2.315265
[TIMING ts=20260722-125223] omnivoice.session.postprocess_ms 6.747915
[TIMING ts=20260722-125223] session.wall_ms 1276.961325
family=omnivoice
task=tts
mode=offline
audio_out=./outputs/single_infer/audiocpp_omnivoice_clone_mdwt_bf16_atwt_bf16_step60.wav
  Completed at: 12:52:23
  Output: ./outputs/single_infer/audiocpp_omnivoice_clone_mdwt_bf16_atwt_bf16_step60.wav

[345/375] weight_type=bf16 | audio_tokenizer_weight_type=q8_0 | steps=60 -> audiocpp_omnivoice_clone_mdwt_bf16_atwt_q8_0_step60.wav
  Started at: 12:52:23
[TRACE ts=20260722-125223] runtime.model.family omnivoice
[TRACE ts=20260722-125223] runtime.model.variant omnivoice
[TRACE ts=20260722-125223] runtime.model.root /home/ipt/kawshik/tts-testing/audio.cpp/models/OmniVoice
[TRACE ts=20260722-125223] runtime.model.discovered_config_count 6
[TRACE ts=20260722-125223] runtime.model.discovered_weight_count 2
[TRACE ts=20260722-125223] runtime.model.task_count 1
[TRACE ts=20260722-125223] runtime.model.language_count 1
[TRACE ts=20260722-125223] runtime.model.supports_speaker_reference 1
[TRACE ts=20260722-125223] runtime.model.supports_style_condition 1
[TRACE ts=20260722-125223] runtime.model.supports_timestamps 0
ggml_cuda_init: found 1 CUDA devices (Total VRAM: 24111 MiB):
  Device 0: NVIDIA GeForce RTX 4090, compute capability 8.9, VMM: yes, VRAM: 24111 MiB
ggml_backend_cuda_graph_compute: CUDA graph warmup complete
[TIMING ts=20260722-125233] omnivoice.reference.encode_ms 1.498718
[TIMING ts=20260722-125233] omnivoice.encoder.graph.rebuilt 1
[TIMING ts=20260722-125233] omnivoice.session.prompt_ms 3.693914
[TIMING ts=20260722-125233] omnivoice.session.generate_ms 1444.355917
[TIMING ts=20260722-125233] omnivoice.generator.graph.rebuilt 1
[TIMING ts=20260722-125233] omnivoice.generator.graph.rebuild_ms 3.516755
[TIMING ts=20260722-125233] omnivoice.session.decode_ms 43.209771
[TIMING ts=20260722-125233] omnivoice.decoder.graph.rebuilt 1
[TIMING ts=20260722-125233] omnivoice.decoder.graph.rebuild_ms 1.464231
[TIMING ts=20260722-125233] omnivoice.session.postprocess_ms 7.282783
[TIMING ts=20260722-125233] session.wall_ms 1500.279733
family=omnivoice
task=tts
mode=offline
audio_out=./outputs/single_infer/audiocpp_omnivoice_clone_mdwt_bf16_atwt_q8_0_step60.wav
  Completed at: 12:52:33
  Output: ./outputs/single_infer/audiocpp_omnivoice_clone_mdwt_bf16_atwt_q8_0_step60.wav

[346/375] weight_type=q8_0 | audio_tokenizer_weight_type=native | steps=60 -> audiocpp_omnivoice_clone_mdwt_q8_0_atwt_native_step60.wav
  Started at: 12:52:33
[TRACE ts=20260722-125233] runtime.model.family omnivoice
[TRACE ts=20260722-125233] runtime.model.variant omnivoice
[TRACE ts=20260722-125233] runtime.model.root /home/ipt/kawshik/tts-testing/audio.cpp/models/OmniVoice
[TRACE ts=20260722-125233] runtime.model.discovered_config_count 6
[TRACE ts=20260722-125233] runtime.model.discovered_weight_count 2
[TRACE ts=20260722-125233] runtime.model.task_count 1
[TRACE ts=20260722-125233] runtime.model.language_count 1
[TRACE ts=20260722-125233] runtime.model.supports_speaker_reference 1
[TRACE ts=20260722-125233] runtime.model.supports_style_condition 1
[TRACE ts=20260722-125233] runtime.model.supports_timestamps 0
ggml_cuda_init: found 1 CUDA devices (Total VRAM: 24111 MiB):
  Device 0: NVIDIA GeForce RTX 4090, compute capability 8.9, VMM: yes, VRAM: 24111 MiB
ggml_backend_cuda_graph_compute: CUDA graph warmup complete
[TIMING ts=20260722-125243] omnivoice.reference.encode_ms 1.498695
[TIMING ts=20260722-125243] omnivoice.encoder.graph.rebuilt 1
[TIMING ts=20260722-125243] omnivoice.session.prompt_ms 2.560937
[TIMING ts=20260722-125243] omnivoice.session.generate_ms 1285.327915
[TIMING ts=20260722-125243] omnivoice.generator.graph.rebuilt 1
[TIMING ts=20260722-125243] omnivoice.generator.graph.rebuild_ms 3.002254
[TIMING ts=20260722-125243] omnivoice.session.decode_ms 34.24219
[TIMING ts=20260722-125243] omnivoice.decoder.graph.rebuilt 1
[TIMING ts=20260722-125243] omnivoice.decoder.graph.rebuild_ms 1.526067
[TIMING ts=20260722-125243] omnivoice.session.postprocess_ms 6.873018
[TIMING ts=20260722-125243] session.wall_ms 1330.722548
family=omnivoice
task=tts
mode=offline
audio_out=./outputs/single_infer/audiocpp_omnivoice_clone_mdwt_q8_0_atwt_native_step60.wav
  Completed at: 12:52:43
  Output: ./outputs/single_infer/audiocpp_omnivoice_clone_mdwt_q8_0_atwt_native_step60.wav

[347/375] weight_type=q8_0 | audio_tokenizer_weight_type=f32 | steps=60 -> audiocpp_omnivoice_clone_mdwt_q8_0_atwt_f32_step60.wav
  Started at: 12:52:43
[TRACE ts=20260722-125243] runtime.model.family omnivoice
[TRACE ts=20260722-125243] runtime.model.variant omnivoice
[TRACE ts=20260722-125243] runtime.model.root /home/ipt/kawshik/tts-testing/audio.cpp/models/OmniVoice
[TRACE ts=20260722-125243] runtime.model.discovered_config_count 6
[TRACE ts=20260722-125243] runtime.model.discovered_weight_count 2
[TRACE ts=20260722-125243] runtime.model.task_count 1
[TRACE ts=20260722-125243] runtime.model.language_count 1
[TRACE ts=20260722-125243] runtime.model.supports_speaker_reference 1
[TRACE ts=20260722-125243] runtime.model.supports_style_condition 1
[TRACE ts=20260722-125243] runtime.model.supports_timestamps 0
ggml_cuda_init: found 1 CUDA devices (Total VRAM: 24111 MiB):
  Device 0: NVIDIA GeForce RTX 4090, compute capability 8.9, VMM: yes, VRAM: 24111 MiB
ggml_backend_cuda_graph_compute: CUDA graph warmup complete
[TIMING ts=20260722-125254] omnivoice.reference.encode_ms 1.357016
[TIMING ts=20260722-125254] omnivoice.encoder.graph.rebuilt 1
[TIMING ts=20260722-125254] omnivoice.session.prompt_ms 2.400281
[TIMING ts=20260722-125254] omnivoice.session.generate_ms 1287.960401
[TIMING ts=20260722-125254] omnivoice.generator.graph.rebuilt 1
[TIMING ts=20260722-125254] omnivoice.generator.graph.rebuild_ms 2.800894
[TIMING ts=20260722-125254] omnivoice.session.decode_ms 34.804362
[TIMING ts=20260722-125254] omnivoice.decoder.graph.rebuilt 1
[TIMING ts=20260722-125254] omnivoice.decoder.graph.rebuild_ms 1.525068
[TIMING ts=20260722-125254] omnivoice.session.postprocess_ms 7.283043
[TIMING ts=20260722-125254] session.wall_ms 1334.016726
family=omnivoice
task=tts
mode=offline
audio_out=./outputs/single_infer/audiocpp_omnivoice_clone_mdwt_q8_0_atwt_f32_step60.wav
  Completed at: 12:52:54
  Output: ./outputs/single_infer/audiocpp_omnivoice_clone_mdwt_q8_0_atwt_f32_step60.wav

[348/375] weight_type=q8_0 | audio_tokenizer_weight_type=f16 | steps=60 -> audiocpp_omnivoice_clone_mdwt_q8_0_atwt_f16_step60.wav
  Started at: 12:52:54
[TRACE ts=20260722-125254] runtime.model.family omnivoice
[TRACE ts=20260722-125254] runtime.model.variant omnivoice
[TRACE ts=20260722-125254] runtime.model.root /home/ipt/kawshik/tts-testing/audio.cpp/models/OmniVoice
[TRACE ts=20260722-125254] runtime.model.discovered_config_count 6
[TRACE ts=20260722-125254] runtime.model.discovered_weight_count 2
[TRACE ts=20260722-125254] runtime.model.task_count 1
[TRACE ts=20260722-125254] runtime.model.language_count 1
[TRACE ts=20260722-125254] runtime.model.supports_speaker_reference 1
[TRACE ts=20260722-125254] runtime.model.supports_style_condition 1
[TRACE ts=20260722-125254] runtime.model.supports_timestamps 0
ggml_cuda_init: found 1 CUDA devices (Total VRAM: 24111 MiB):
  Device 0: NVIDIA GeForce RTX 4090, compute capability 8.9, VMM: yes, VRAM: 24111 MiB
ggml_backend_cuda_graph_compute: CUDA graph warmup complete
[TIMING ts=20260722-125305] omnivoice.reference.encode_ms 1.518619
[TIMING ts=20260722-125305] omnivoice.encoder.graph.rebuilt 1
[TIMING ts=20260722-125305] omnivoice.session.prompt_ms 3.114634
[TIMING ts=20260722-125305] omnivoice.session.generate_ms 1232.255131
[TIMING ts=20260722-125305] omnivoice.generator.graph.rebuilt 1
[TIMING ts=20260722-125305] omnivoice.generator.graph.rebuild_ms 3.406851
[TIMING ts=20260722-125305] omnivoice.session.decode_ms 10.072137
[TIMING ts=20260722-125305] omnivoice.decoder.graph.rebuilt 1
[TIMING ts=20260722-125305] omnivoice.decoder.graph.rebuild_ms 1.629826
[TIMING ts=20260722-125305] omnivoice.session.postprocess_ms 8.338603
[TIMING ts=20260722-125305] session.wall_ms 1255.519442
family=omnivoice
task=tts
mode=offline
audio_out=./outputs/single_infer/audiocpp_omnivoice_clone_mdwt_q8_0_atwt_f16_step60.wav
  Completed at: 12:53:05
  Output: ./outputs/single_infer/audiocpp_omnivoice_clone_mdwt_q8_0_atwt_f16_step60.wav

[349/375] weight_type=q8_0 | audio_tokenizer_weight_type=bf16 | steps=60 -> audiocpp_omnivoice_clone_mdwt_q8_0_atwt_bf16_step60.wav
  Started at: 12:53:05
[TRACE ts=20260722-125305] runtime.model.family omnivoice
[TRACE ts=20260722-125305] runtime.model.variant omnivoice
[TRACE ts=20260722-125305] runtime.model.root /home/ipt/kawshik/tts-testing/audio.cpp/models/OmniVoice
[TRACE ts=20260722-125305] runtime.model.discovered_config_count 6
[TRACE ts=20260722-125305] runtime.model.discovered_weight_count 2
[TRACE ts=20260722-125305] runtime.model.task_count 1
[TRACE ts=20260722-125305] runtime.model.language_count 1
[TRACE ts=20260722-125305] runtime.model.supports_speaker_reference 1
[TRACE ts=20260722-125305] runtime.model.supports_style_condition 1
[TRACE ts=20260722-125305] runtime.model.supports_timestamps 0
ggml_cuda_init: found 1 CUDA devices (Total VRAM: 24111 MiB):
  Device 0: NVIDIA GeForce RTX 4090, compute capability 8.9, VMM: yes, VRAM: 24111 MiB
ggml_backend_cuda_graph_compute: CUDA graph warmup complete
[TIMING ts=20260722-125316] omnivoice.reference.encode_ms 1.503523
[TIMING ts=20260722-125316] omnivoice.encoder.graph.rebuilt 1
[TIMING ts=20260722-125316] omnivoice.session.prompt_ms 3.618492
[TIMING ts=20260722-125316] omnivoice.session.generate_ms 1229.503955
[TIMING ts=20260722-125316] omnivoice.generator.graph.rebuilt 1
[TIMING ts=20260722-125316] omnivoice.generator.graph.rebuild_ms 3.341638
[TIMING ts=20260722-125316] omnivoice.session.decode_ms 9.445894
[TIMING ts=20260722-125316] omnivoice.decoder.graph.rebuilt 1
[TIMING ts=20260722-125316] omnivoice.decoder.graph.rebuild_ms 1.468748
[TIMING ts=20260722-125316] omnivoice.session.postprocess_ms 7.460519
[TIMING ts=20260722-125316] session.wall_ms 1251.753541
family=omnivoice
task=tts
mode=offline
audio_out=./outputs/single_infer/audiocpp_omnivoice_clone_mdwt_q8_0_atwt_bf16_step60.wav
  Completed at: 12:53:17
  Output: ./outputs/single_infer/audiocpp_omnivoice_clone_mdwt_q8_0_atwt_bf16_step60.wav

[350/375] weight_type=q8_0 | audio_tokenizer_weight_type=q8_0 | steps=60 -> audiocpp_omnivoice_clone_mdwt_q8_0_atwt_q8_0_step60.wav
  Started at: 12:53:17
[TRACE ts=20260722-125317] runtime.model.family omnivoice
[TRACE ts=20260722-125317] runtime.model.variant omnivoice
[TRACE ts=20260722-125317] runtime.model.root /home/ipt/kawshik/tts-testing/audio.cpp/models/OmniVoice
[TRACE ts=20260722-125317] runtime.model.discovered_config_count 6
[TRACE ts=20260722-125317] runtime.model.discovered_weight_count 2
[TRACE ts=20260722-125317] runtime.model.task_count 1
[TRACE ts=20260722-125317] runtime.model.language_count 1
[TRACE ts=20260722-125317] runtime.model.supports_speaker_reference 1
[TRACE ts=20260722-125317] runtime.model.supports_style_condition 1
[TRACE ts=20260722-125317] runtime.model.supports_timestamps 0
ggml_cuda_init: found 1 CUDA devices (Total VRAM: 24111 MiB):
  Device 0: NVIDIA GeForce RTX 4090, compute capability 8.9, VMM: yes, VRAM: 24111 MiB
ggml_backend_cuda_graph_compute: CUDA graph warmup complete
[TIMING ts=20260722-125328] omnivoice.reference.encode_ms 1.715142
[TIMING ts=20260722-125328] omnivoice.encoder.graph.rebuilt 1
[TIMING ts=20260722-125328] omnivoice.session.prompt_ms 4.138234
[TIMING ts=20260722-125328] omnivoice.session.generate_ms 1247.964333
[TIMING ts=20260722-125328] omnivoice.generator.graph.rebuilt 1
[TIMING ts=20260722-125328] omnivoice.generator.graph.rebuild_ms 4.032831
[TIMING ts=20260722-125328] omnivoice.session.decode_ms 48.2353
[TIMING ts=20260722-125328] omnivoice.decoder.graph.rebuilt 1
[TIMING ts=20260722-125328] omnivoice.decoder.graph.rebuild_ms 1.369073
[TIMING ts=20260722-125328] omnivoice.session.postprocess_ms 8.748046
[TIMING ts=20260722-125328] session.wall_ms 1311.888505
family=omnivoice
task=tts
mode=offline
audio_out=./outputs/single_infer/audiocpp_omnivoice_clone_mdwt_q8_0_atwt_q8_0_step60.wav
  Completed at: 12:53:28
  Output: ./outputs/single_infer/audiocpp_omnivoice_clone_mdwt_q8_0_atwt_q8_0_step60.wav

[351/375] weight_type=native | audio_tokenizer_weight_type=native | steps=64 -> audiocpp_omnivoice_clone_mdwt_native_atwt_native_step64.wav
  Started at: 12:53:28
[TRACE ts=20260722-125328] runtime.model.family omnivoice
[TRACE ts=20260722-125328] runtime.model.variant omnivoice
[TRACE ts=20260722-125328] runtime.model.root /home/ipt/kawshik/tts-testing/audio.cpp/models/OmniVoice
[TRACE ts=20260722-125328] runtime.model.discovered_config_count 6
[TRACE ts=20260722-125328] runtime.model.discovered_weight_count 2
[TRACE ts=20260722-125328] runtime.model.task_count 1
[TRACE ts=20260722-125328] runtime.model.language_count 1
[TRACE ts=20260722-125328] runtime.model.supports_speaker_reference 1
[TRACE ts=20260722-125328] runtime.model.supports_style_condition 1
[TRACE ts=20260722-125328] runtime.model.supports_timestamps 0
ggml_cuda_init: found 1 CUDA devices (Total VRAM: 24111 MiB):
  Device 0: NVIDIA GeForce RTX 4090, compute capability 8.9, VMM: yes, VRAM: 24111 MiB
ggml_backend_cuda_graph_compute: CUDA graph warmup complete
[TIMING ts=20260722-125333] omnivoice.reference.encode_ms 1.715852
[TIMING ts=20260722-125333] omnivoice.encoder.graph.rebuilt 1
[TIMING ts=20260722-125333] omnivoice.session.prompt_ms 2.870234
[TIMING ts=20260722-125333] omnivoice.session.generate_ms 1683.288577
[TIMING ts=20260722-125333] omnivoice.generator.graph.rebuilt 1
[TIMING ts=20260722-125333] omnivoice.generator.graph.rebuild_ms 3.335066
[TIMING ts=20260722-125333] omnivoice.session.decode_ms 39.677488
[TIMING ts=20260722-125333] omnivoice.decoder.graph.rebuilt 1
[TIMING ts=20260722-125333] omnivoice.decoder.graph.rebuild_ms 1.499274
[TIMING ts=20260722-125333] omnivoice.session.postprocess_ms 6.955527
[TIMING ts=20260722-125333] session.wall_ms 1734.771341
family=omnivoice
task=tts
mode=offline
audio_out=./outputs/single_infer/audiocpp_omnivoice_clone_mdwt_native_atwt_native_step64.wav
  Completed at: 12:53:33
  Output: ./outputs/single_infer/audiocpp_omnivoice_clone_mdwt_native_atwt_native_step64.wav

[352/375] weight_type=native | audio_tokenizer_weight_type=f32 | steps=64 -> audiocpp_omnivoice_clone_mdwt_native_atwt_f32_step64.wav
  Started at: 12:53:33
[TRACE ts=20260722-125333] runtime.model.family omnivoice
[TRACE ts=20260722-125333] runtime.model.variant omnivoice
[TRACE ts=20260722-125333] runtime.model.root /home/ipt/kawshik/tts-testing/audio.cpp/models/OmniVoice
[TRACE ts=20260722-125333] runtime.model.discovered_config_count 6
[TRACE ts=20260722-125333] runtime.model.discovered_weight_count 2
[TRACE ts=20260722-125333] runtime.model.task_count 1
[TRACE ts=20260722-125333] runtime.model.language_count 1
[TRACE ts=20260722-125333] runtime.model.supports_speaker_reference 1
[TRACE ts=20260722-125333] runtime.model.supports_style_condition 1
[TRACE ts=20260722-125333] runtime.model.supports_timestamps 0
ggml_cuda_init: found 1 CUDA devices (Total VRAM: 24111 MiB):
  Device 0: NVIDIA GeForce RTX 4090, compute capability 8.9, VMM: yes, VRAM: 24111 MiB
ggml_backend_cuda_graph_compute: CUDA graph warmup complete
[TIMING ts=20260722-125338] omnivoice.reference.encode_ms 1.498628
[TIMING ts=20260722-125338] omnivoice.encoder.graph.rebuilt 1
[TIMING ts=20260722-125338] omnivoice.session.prompt_ms 2.548262
[TIMING ts=20260722-125338] omnivoice.session.generate_ms 1665.91239
[TIMING ts=20260722-125338] omnivoice.generator.graph.rebuilt 1
[TIMING ts=20260722-125338] omnivoice.generator.graph.rebuild_ms 2.6434
[TIMING ts=20260722-125338] omnivoice.session.decode_ms 34.008427
[TIMING ts=20260722-125338] omnivoice.decoder.graph.rebuilt 1
[TIMING ts=20260722-125338] omnivoice.decoder.graph.rebuild_ms 1.420076
[TIMING ts=20260722-125338] omnivoice.session.postprocess_ms 6.303967
[TIMING ts=20260722-125338] session.wall_ms 1710.490242
family=omnivoice
task=tts
mode=offline
audio_out=./outputs/single_infer/audiocpp_omnivoice_clone_mdwt_native_atwt_f32_step64.wav
  Completed at: 12:53:38
  Output: ./outputs/single_infer/audiocpp_omnivoice_clone_mdwt_native_atwt_f32_step64.wav

[353/375] weight_type=native | audio_tokenizer_weight_type=f16 | steps=64 -> audiocpp_omnivoice_clone_mdwt_native_atwt_f16_step64.wav
  Started at: 12:53:38
[TRACE ts=20260722-125338] runtime.model.family omnivoice
[TRACE ts=20260722-125338] runtime.model.variant omnivoice
[TRACE ts=20260722-125338] runtime.model.root /home/ipt/kawshik/tts-testing/audio.cpp/models/OmniVoice
[TRACE ts=20260722-125338] runtime.model.discovered_config_count 6
[TRACE ts=20260722-125338] runtime.model.discovered_weight_count 2
[TRACE ts=20260722-125338] runtime.model.task_count 1
[TRACE ts=20260722-125338] runtime.model.language_count 1
[TRACE ts=20260722-125338] runtime.model.supports_speaker_reference 1
[TRACE ts=20260722-125338] runtime.model.supports_style_condition 1
[TRACE ts=20260722-125338] runtime.model.supports_timestamps 0
ggml_cuda_init: found 1 CUDA devices (Total VRAM: 24111 MiB):
  Device 0: NVIDIA GeForce RTX 4090, compute capability 8.9, VMM: yes, VRAM: 24111 MiB
ggml_backend_cuda_graph_compute: CUDA graph warmup complete
[TIMING ts=20260722-125344] omnivoice.reference.encode_ms 1.694297
[TIMING ts=20260722-125344] omnivoice.encoder.graph.rebuilt 1
[TIMING ts=20260722-125344] omnivoice.session.prompt_ms 2.906462
[TIMING ts=20260722-125344] omnivoice.session.generate_ms 1682.472784
[TIMING ts=20260722-125344] omnivoice.generator.graph.rebuilt 1
[TIMING ts=20260722-125344] omnivoice.generator.graph.rebuild_ms 4.179775
[TIMING ts=20260722-125344] omnivoice.session.decode_ms 8.849489
[TIMING ts=20260722-125344] omnivoice.decoder.graph.rebuilt 1
[TIMING ts=20260722-125344] omnivoice.decoder.graph.rebuild_ms 1.357566
[TIMING ts=20260722-125344] omnivoice.session.postprocess_ms 6.925972
[TIMING ts=20260722-125344] session.wall_ms 1703.939938
family=omnivoice
task=tts
mode=offline
audio_out=./outputs/single_infer/audiocpp_omnivoice_clone_mdwt_native_atwt_f16_step64.wav
  Completed at: 12:53:44
  Output: ./outputs/single_infer/audiocpp_omnivoice_clone_mdwt_native_atwt_f16_step64.wav

[354/375] weight_type=native | audio_tokenizer_weight_type=bf16 | steps=64 -> audiocpp_omnivoice_clone_mdwt_native_atwt_bf16_step64.wav
  Started at: 12:53:44
[TRACE ts=20260722-125344] runtime.model.family omnivoice
[TRACE ts=20260722-125344] runtime.model.variant omnivoice
[TRACE ts=20260722-125344] runtime.model.root /home/ipt/kawshik/tts-testing/audio.cpp/models/OmniVoice
[TRACE ts=20260722-125344] runtime.model.discovered_config_count 6
[TRACE ts=20260722-125344] runtime.model.discovered_weight_count 2
[TRACE ts=20260722-125344] runtime.model.task_count 1
[TRACE ts=20260722-125344] runtime.model.language_count 1
[TRACE ts=20260722-125344] runtime.model.supports_speaker_reference 1
[TRACE ts=20260722-125344] runtime.model.supports_style_condition 1
[TRACE ts=20260722-125344] runtime.model.supports_timestamps 0
ggml_cuda_init: found 1 CUDA devices (Total VRAM: 24111 MiB):
  Device 0: NVIDIA GeForce RTX 4090, compute capability 8.9, VMM: yes, VRAM: 24111 MiB
ggml_backend_cuda_graph_compute: CUDA graph warmup complete
[TIMING ts=20260722-125350] omnivoice.reference.encode_ms 2.427671
[TIMING ts=20260722-125350] omnivoice.encoder.graph.rebuilt 1
[TIMING ts=20260722-125350] omnivoice.session.prompt_ms 8.494557
[TIMING ts=20260722-125350] omnivoice.session.generate_ms 1706.76278
[TIMING ts=20260722-125350] omnivoice.generator.graph.rebuilt 1
[TIMING ts=20260722-125350] omnivoice.generator.graph.rebuild_ms 5.053406
[TIMING ts=20260722-125350] omnivoice.session.decode_ms 10.725553
[TIMING ts=20260722-125350] omnivoice.decoder.graph.rebuilt 1
[TIMING ts=20260722-125350] omnivoice.decoder.graph.rebuild_ms 2.016131
[TIMING ts=20260722-125350] omnivoice.session.postprocess_ms 8.284387
[TIMING ts=20260722-125350] session.wall_ms 1736.9529
family=omnivoice
task=tts
mode=offline
audio_out=./outputs/single_infer/audiocpp_omnivoice_clone_mdwt_native_atwt_bf16_step64.wav
  Completed at: 12:53:50
  Output: ./outputs/single_infer/audiocpp_omnivoice_clone_mdwt_native_atwt_bf16_step64.wav

[355/375] weight_type=native | audio_tokenizer_weight_type=q8_0 | steps=64 -> audiocpp_omnivoice_clone_mdwt_native_atwt_q8_0_step64.wav
  Started at: 12:53:50
[TRACE ts=20260722-125350] runtime.model.family omnivoice
[TRACE ts=20260722-125350] runtime.model.variant omnivoice
[TRACE ts=20260722-125350] runtime.model.root /home/ipt/kawshik/tts-testing/audio.cpp/models/OmniVoice
[TRACE ts=20260722-125350] runtime.model.discovered_config_count 6
[TRACE ts=20260722-125350] runtime.model.discovered_weight_count 2
[TRACE ts=20260722-125350] runtime.model.task_count 1
[TRACE ts=20260722-125350] runtime.model.language_count 1
[TRACE ts=20260722-125350] runtime.model.supports_speaker_reference 1
[TRACE ts=20260722-125350] runtime.model.supports_style_condition 1
[TRACE ts=20260722-125350] runtime.model.supports_timestamps 0
ggml_cuda_init: found 1 CUDA devices (Total VRAM: 24111 MiB):
  Device 0: NVIDIA GeForce RTX 4090, compute capability 8.9, VMM: yes, VRAM: 24111 MiB
ggml_backend_cuda_graph_compute: CUDA graph warmup complete
[TIMING ts=20260722-125356] omnivoice.reference.encode_ms 1.694297
[TIMING ts=20260722-125356] omnivoice.encoder.graph.rebuilt 1
[TIMING ts=20260722-125356] omnivoice.session.prompt_ms 4.091737
[TIMING ts=20260722-125356] omnivoice.session.generate_ms 1688.610025
[TIMING ts=20260722-125356] omnivoice.generator.graph.rebuilt 1
[TIMING ts=20260722-125356] omnivoice.generator.graph.rebuild_ms 3.919646
[TIMING ts=20260722-125356] omnivoice.session.decode_ms 44.44037
[TIMING ts=20260722-125356] omnivoice.decoder.graph.rebuilt 1
[TIMING ts=20260722-125356] omnivoice.decoder.graph.rebuild_ms 1.433205
[TIMING ts=20260722-125356] omnivoice.session.postprocess_ms 7.457952
[TIMING ts=20260722-125356] session.wall_ms 1746.574616
family=omnivoice
task=tts
mode=offline
audio_out=./outputs/single_infer/audiocpp_omnivoice_clone_mdwt_native_atwt_q8_0_step64.wav
  Completed at: 12:53:56
  Output: ./outputs/single_infer/audiocpp_omnivoice_clone_mdwt_native_atwt_q8_0_step64.wav

[356/375] weight_type=f32 | audio_tokenizer_weight_type=native | steps=64 -> audiocpp_omnivoice_clone_mdwt_f32_atwt_native_step64.wav
  Started at: 12:53:56
[TRACE ts=20260722-125356] runtime.model.family omnivoice
[TRACE ts=20260722-125356] runtime.model.variant omnivoice
[TRACE ts=20260722-125356] runtime.model.root /home/ipt/kawshik/tts-testing/audio.cpp/models/OmniVoice
[TRACE ts=20260722-125356] runtime.model.discovered_config_count 6
[TRACE ts=20260722-125356] runtime.model.discovered_weight_count 2
[TRACE ts=20260722-125356] runtime.model.task_count 1
[TRACE ts=20260722-125356] runtime.model.language_count 1
[TRACE ts=20260722-125356] runtime.model.supports_speaker_reference 1
[TRACE ts=20260722-125356] runtime.model.supports_style_condition 1
[TRACE ts=20260722-125356] runtime.model.supports_timestamps 0
ggml_cuda_init: found 1 CUDA devices (Total VRAM: 24111 MiB):
  Device 0: NVIDIA GeForce RTX 4090, compute capability 8.9, VMM: yes, VRAM: 24111 MiB
ggml_backend_cuda_graph_compute: CUDA graph warmup complete
[TIMING ts=20260722-125401] omnivoice.reference.encode_ms 1.343841
[TIMING ts=20260722-125401] omnivoice.encoder.graph.rebuilt 1
[TIMING ts=20260722-125401] omnivoice.session.prompt_ms 2.429103
[TIMING ts=20260722-125401] omnivoice.session.generate_ms 1661.285167
[TIMING ts=20260722-125401] omnivoice.generator.graph.rebuilt 1
[TIMING ts=20260722-125401] omnivoice.generator.graph.rebuild_ms 2.491266
[TIMING ts=20260722-125401] omnivoice.session.decode_ms 39.453346
[TIMING ts=20260722-125401] omnivoice.decoder.graph.rebuilt 1
[TIMING ts=20260722-125401] omnivoice.decoder.graph.rebuild_ms 1.492641
[TIMING ts=20260722-125401] omnivoice.session.postprocess_ms 6.995191
[TIMING ts=20260722-125401] session.wall_ms 1711.721555
family=omnivoice
task=tts
mode=offline
audio_out=./outputs/single_infer/audiocpp_omnivoice_clone_mdwt_f32_atwt_native_step64.wav
  Completed at: 12:54:01
  Output: ./outputs/single_infer/audiocpp_omnivoice_clone_mdwt_f32_atwt_native_step64.wav

[357/375] weight_type=f32 | audio_tokenizer_weight_type=f32 | steps=64 -> audiocpp_omnivoice_clone_mdwt_f32_atwt_f32_step64.wav
  Started at: 12:54:01
[TRACE ts=20260722-125401] runtime.model.family omnivoice
[TRACE ts=20260722-125401] runtime.model.variant omnivoice
[TRACE ts=20260722-125401] runtime.model.root /home/ipt/kawshik/tts-testing/audio.cpp/models/OmniVoice
[TRACE ts=20260722-125401] runtime.model.discovered_config_count 6
[TRACE ts=20260722-125401] runtime.model.discovered_weight_count 2
[TRACE ts=20260722-125401] runtime.model.task_count 1
[TRACE ts=20260722-125401] runtime.model.language_count 1
[TRACE ts=20260722-125401] runtime.model.supports_speaker_reference 1
[TRACE ts=20260722-125401] runtime.model.supports_style_condition 1
[TRACE ts=20260722-125401] runtime.model.supports_timestamps 0
ggml_cuda_init: found 1 CUDA devices (Total VRAM: 24111 MiB):
  Device 0: NVIDIA GeForce RTX 4090, compute capability 8.9, VMM: yes, VRAM: 24111 MiB
ggml_backend_cuda_graph_compute: CUDA graph warmup complete
[TIMING ts=20260722-125406] omnivoice.reference.encode_ms 1.695564
[TIMING ts=20260722-125406] omnivoice.encoder.graph.rebuilt 1
[TIMING ts=20260722-125406] omnivoice.session.prompt_ms 5.917993
[TIMING ts=20260722-125406] omnivoice.session.generate_ms 1703.146362
[TIMING ts=20260722-125406] omnivoice.generator.graph.rebuilt 1
[TIMING ts=20260722-125406] omnivoice.generator.graph.rebuild_ms 4.942303
[TIMING ts=20260722-125406] omnivoice.session.decode_ms 54.108886
[TIMING ts=20260722-125406] omnivoice.decoder.graph.rebuilt 1
[TIMING ts=20260722-125406] omnivoice.decoder.graph.rebuild_ms 1.441819
[TIMING ts=20260722-125406] omnivoice.session.postprocess_ms 6.870468
[TIMING ts=20260722-125406] session.wall_ms 1771.999837
family=omnivoice
task=tts
mode=offline
audio_out=./outputs/single_infer/audiocpp_omnivoice_clone_mdwt_f32_atwt_f32_step64.wav
  Completed at: 12:54:07
  Output: ./outputs/single_infer/audiocpp_omnivoice_clone_mdwt_f32_atwt_f32_step64.wav

[358/375] weight_type=f32 | audio_tokenizer_weight_type=f16 | steps=64 -> audiocpp_omnivoice_clone_mdwt_f32_atwt_f16_step64.wav
  Started at: 12:54:07
[TRACE ts=20260722-125407] runtime.model.family omnivoice
[TRACE ts=20260722-125407] runtime.model.variant omnivoice
[TRACE ts=20260722-125407] runtime.model.root /home/ipt/kawshik/tts-testing/audio.cpp/models/OmniVoice
[TRACE ts=20260722-125407] runtime.model.discovered_config_count 6
[TRACE ts=20260722-125407] runtime.model.discovered_weight_count 2
[TRACE ts=20260722-125407] runtime.model.task_count 1
[TRACE ts=20260722-125407] runtime.model.language_count 1
[TRACE ts=20260722-125407] runtime.model.supports_speaker_reference 1
[TRACE ts=20260722-125407] runtime.model.supports_style_condition 1
[TRACE ts=20260722-125407] runtime.model.supports_timestamps 0
ggml_cuda_init: found 1 CUDA devices (Total VRAM: 24111 MiB):
  Device 0: NVIDIA GeForce RTX 4090, compute capability 8.9, VMM: yes, VRAM: 24111 MiB
ggml_backend_cuda_graph_compute: CUDA graph warmup complete
[TIMING ts=20260722-125412] omnivoice.reference.encode_ms 1.556688
[TIMING ts=20260722-125412] omnivoice.encoder.graph.rebuilt 1
[TIMING ts=20260722-125412] omnivoice.session.prompt_ms 2.596311
[TIMING ts=20260722-125412] omnivoice.session.generate_ms 1692.520649
[TIMING ts=20260722-125412] omnivoice.generator.graph.rebuilt 1
[TIMING ts=20260722-125412] omnivoice.generator.graph.rebuild_ms 3.221367
[TIMING ts=20260722-125412] omnivoice.session.decode_ms 9.569242
[TIMING ts=20260722-125412] omnivoice.decoder.graph.rebuilt 1
[TIMING ts=20260722-125412] omnivoice.decoder.graph.rebuild_ms 1.481425
[TIMING ts=20260722-125412] omnivoice.session.postprocess_ms 6.935122
[TIMING ts=20260722-125412] session.wall_ms 1713.427789
family=omnivoice
task=tts
mode=offline
audio_out=./outputs/single_infer/audiocpp_omnivoice_clone_mdwt_f32_atwt_f16_step64.wav
  Completed at: 12:54:13
  Output: ./outputs/single_infer/audiocpp_omnivoice_clone_mdwt_f32_atwt_f16_step64.wav

[359/375] weight_type=f32 | audio_tokenizer_weight_type=bf16 | steps=64 -> audiocpp_omnivoice_clone_mdwt_f32_atwt_bf16_step64.wav
  Started at: 12:54:13
[TRACE ts=20260722-125413] runtime.model.family omnivoice
[TRACE ts=20260722-125413] runtime.model.variant omnivoice
[TRACE ts=20260722-125413] runtime.model.root /home/ipt/kawshik/tts-testing/audio.cpp/models/OmniVoice
[TRACE ts=20260722-125413] runtime.model.discovered_config_count 6
[TRACE ts=20260722-125413] runtime.model.discovered_weight_count 2
[TRACE ts=20260722-125413] runtime.model.task_count 1
[TRACE ts=20260722-125413] runtime.model.language_count 1
[TRACE ts=20260722-125413] runtime.model.supports_speaker_reference 1
[TRACE ts=20260722-125413] runtime.model.supports_style_condition 1
[TRACE ts=20260722-125413] runtime.model.supports_timestamps 0
ggml_cuda_init: found 1 CUDA devices (Total VRAM: 24111 MiB):
  Device 0: NVIDIA GeForce RTX 4090, compute capability 8.9, VMM: yes, VRAM: 24111 MiB
ggml_backend_cuda_graph_compute: CUDA graph warmup complete
[TIMING ts=20260722-125418] omnivoice.reference.encode_ms 1.441777
[TIMING ts=20260722-125418] omnivoice.encoder.graph.rebuilt 1
[TIMING ts=20260722-125418] omnivoice.session.prompt_ms 3.239523
[TIMING ts=20260722-125418] omnivoice.session.generate_ms 1670.015833
[TIMING ts=20260722-125418] omnivoice.generator.graph.rebuilt 1
[TIMING ts=20260722-125418] omnivoice.generator.graph.rebuild_ms 2.983575
[TIMING ts=20260722-125418] omnivoice.session.decode_ms 10.392192
[TIMING ts=20260722-125418] omnivoice.decoder.graph.rebuilt 1
[TIMING ts=20260722-125418] omnivoice.decoder.graph.rebuild_ms 1.698491
[TIMING ts=20260722-125418] omnivoice.session.postprocess_ms 8.371145
[TIMING ts=20260722-125418] session.wall_ms 1693.672953
family=omnivoice
task=tts
mode=offline
audio_out=./outputs/single_infer/audiocpp_omnivoice_clone_mdwt_f32_atwt_bf16_step64.wav
  Completed at: 12:54:18
  Output: ./outputs/single_infer/audiocpp_omnivoice_clone_mdwt_f32_atwt_bf16_step64.wav

[360/375] weight_type=f32 | audio_tokenizer_weight_type=q8_0 | steps=64 -> audiocpp_omnivoice_clone_mdwt_f32_atwt_q8_0_step64.wav
  Started at: 12:54:18
[TRACE ts=20260722-125418] runtime.model.family omnivoice
[TRACE ts=20260722-125418] runtime.model.variant omnivoice
[TRACE ts=20260722-125418] runtime.model.root /home/ipt/kawshik/tts-testing/audio.cpp/models/OmniVoice
[TRACE ts=20260722-125418] runtime.model.discovered_config_count 6
[TRACE ts=20260722-125418] runtime.model.discovered_weight_count 2
[TRACE ts=20260722-125418] runtime.model.task_count 1
[TRACE ts=20260722-125418] runtime.model.language_count 1
[TRACE ts=20260722-125418] runtime.model.supports_speaker_reference 1
[TRACE ts=20260722-125418] runtime.model.supports_style_condition 1
[TRACE ts=20260722-125418] runtime.model.supports_timestamps 0
ggml_cuda_init: found 1 CUDA devices (Total VRAM: 24111 MiB):
  Device 0: NVIDIA GeForce RTX 4090, compute capability 8.9, VMM: yes, VRAM: 24111 MiB
ggml_backend_cuda_graph_compute: CUDA graph warmup complete
[TIMING ts=20260722-125424] omnivoice.reference.encode_ms 1.694167
[TIMING ts=20260722-125424] omnivoice.encoder.graph.rebuilt 1
[TIMING ts=20260722-125424] omnivoice.session.prompt_ms 6.671646
[TIMING ts=20260722-125424] omnivoice.session.generate_ms 1686.854588
[TIMING ts=20260722-125424] omnivoice.generator.graph.rebuilt 1
[TIMING ts=20260722-125424] omnivoice.generator.graph.rebuild_ms 3.890473
[TIMING ts=20260722-125424] omnivoice.session.decode_ms 44.727755
[TIMING ts=20260722-125424] omnivoice.decoder.graph.rebuilt 1
[TIMING ts=20260722-125424] omnivoice.decoder.graph.rebuild_ms 1.490211
[TIMING ts=20260722-125424] omnivoice.session.postprocess_ms 7.738701
[TIMING ts=20260722-125424] session.wall_ms 1747.945565
family=omnivoice
task=tts
mode=offline
audio_out=./outputs/single_infer/audiocpp_omnivoice_clone_mdwt_f32_atwt_q8_0_step64.wav
  Completed at: 12:54:24
  Output: ./outputs/single_infer/audiocpp_omnivoice_clone_mdwt_f32_atwt_q8_0_step64.wav

[361/375] weight_type=f16 | audio_tokenizer_weight_type=native | steps=64 -> audiocpp_omnivoice_clone_mdwt_f16_atwt_native_step64.wav
  Started at: 12:54:24
[TRACE ts=20260722-125424] runtime.model.family omnivoice
[TRACE ts=20260722-125424] runtime.model.variant omnivoice
[TRACE ts=20260722-125424] runtime.model.root /home/ipt/kawshik/tts-testing/audio.cpp/models/OmniVoice
[TRACE ts=20260722-125424] runtime.model.discovered_config_count 6
[TRACE ts=20260722-125424] runtime.model.discovered_weight_count 2
[TRACE ts=20260722-125424] runtime.model.task_count 1
[TRACE ts=20260722-125424] runtime.model.language_count 1
[TRACE ts=20260722-125424] runtime.model.supports_speaker_reference 1
[TRACE ts=20260722-125424] runtime.model.supports_style_condition 1
[TRACE ts=20260722-125424] runtime.model.supports_timestamps 0
ggml_cuda_init: found 1 CUDA devices (Total VRAM: 24111 MiB):
  Device 0: NVIDIA GeForce RTX 4090, compute capability 8.9, VMM: yes, VRAM: 24111 MiB
ggml_backend_cuda_graph_compute: CUDA graph warmup complete
[TIMING ts=20260722-125434] omnivoice.reference.encode_ms 1.316655
[TIMING ts=20260722-125434] omnivoice.encoder.graph.rebuilt 1
[TIMING ts=20260722-125434] omnivoice.session.prompt_ms 2.312343
[TIMING ts=20260722-125434] omnivoice.session.generate_ms 1317.9979
[TIMING ts=20260722-125434] omnivoice.generator.graph.rebuilt 1
[TIMING ts=20260722-125434] omnivoice.generator.graph.rebuild_ms 2.668946
[TIMING ts=20260722-125434] omnivoice.session.decode_ms 32.774616
[TIMING ts=20260722-125434] omnivoice.decoder.graph.rebuilt 1
[TIMING ts=20260722-125434] omnivoice.decoder.graph.rebuild_ms 1.438857
[TIMING ts=20260722-125434] omnivoice.session.postprocess_ms 7.029928
[TIMING ts=20260722-125434] session.wall_ms 1361.641511
family=omnivoice
task=tts
mode=offline
audio_out=./outputs/single_infer/audiocpp_omnivoice_clone_mdwt_f16_atwt_native_step64.wav
  Completed at: 12:54:35
  Output: ./outputs/single_infer/audiocpp_omnivoice_clone_mdwt_f16_atwt_native_step64.wav

[362/375] weight_type=f16 | audio_tokenizer_weight_type=f32 | steps=64 -> audiocpp_omnivoice_clone_mdwt_f16_atwt_f32_step64.wav
  Started at: 12:54:35
[TRACE ts=20260722-125435] runtime.model.family omnivoice
[TRACE ts=20260722-125435] runtime.model.variant omnivoice
[TRACE ts=20260722-125435] runtime.model.root /home/ipt/kawshik/tts-testing/audio.cpp/models/OmniVoice
[TRACE ts=20260722-125435] runtime.model.discovered_config_count 6
[TRACE ts=20260722-125435] runtime.model.discovered_weight_count 2
[TRACE ts=20260722-125435] runtime.model.task_count 1
[TRACE ts=20260722-125435] runtime.model.language_count 1
[TRACE ts=20260722-125435] runtime.model.supports_speaker_reference 1
[TRACE ts=20260722-125435] runtime.model.supports_style_condition 1
[TRACE ts=20260722-125435] runtime.model.supports_timestamps 0
ggml_cuda_init: found 1 CUDA devices (Total VRAM: 24111 MiB):
  Device 0: NVIDIA GeForce RTX 4090, compute capability 8.9, VMM: yes, VRAM: 24111 MiB
ggml_backend_cuda_graph_compute: CUDA graph warmup complete
[TIMING ts=20260722-125444] omnivoice.reference.encode_ms 1.299074
[TIMING ts=20260722-125444] omnivoice.encoder.graph.rebuilt 1
[TIMING ts=20260722-125444] omnivoice.session.prompt_ms 2.399442
[TIMING ts=20260722-125444] omnivoice.session.generate_ms 1318.39656
[TIMING ts=20260722-125444] omnivoice.generator.graph.rebuilt 1
[TIMING ts=20260722-125444] omnivoice.generator.graph.rebuild_ms 2.749575
[TIMING ts=20260722-125444] omnivoice.session.decode_ms 39.39696
[TIMING ts=20260722-125444] omnivoice.decoder.graph.rebuilt 1
[TIMING ts=20260722-125444] omnivoice.decoder.graph.rebuild_ms 1.697825
[TIMING ts=20260722-125444] omnivoice.session.postprocess_ms 6.955127
[TIMING ts=20260722-125444] session.wall_ms 1368.657034
family=omnivoice
task=tts
mode=offline
audio_out=./outputs/single_infer/audiocpp_omnivoice_clone_mdwt_f16_atwt_f32_step64.wav
  Completed at: 12:54:44
  Output: ./outputs/single_infer/audiocpp_omnivoice_clone_mdwt_f16_atwt_f32_step64.wav

[363/375] weight_type=f16 | audio_tokenizer_weight_type=f16 | steps=64 -> audiocpp_omnivoice_clone_mdwt_f16_atwt_f16_step64.wav
  Started at: 12:54:44
[TRACE ts=20260722-125444] runtime.model.family omnivoice
[TRACE ts=20260722-125444] runtime.model.variant omnivoice
[TRACE ts=20260722-125444] runtime.model.root /home/ipt/kawshik/tts-testing/audio.cpp/models/OmniVoice
[TRACE ts=20260722-125444] runtime.model.discovered_config_count 6
[TRACE ts=20260722-125444] runtime.model.discovered_weight_count 2
[TRACE ts=20260722-125444] runtime.model.task_count 1
[TRACE ts=20260722-125444] runtime.model.language_count 1
[TRACE ts=20260722-125444] runtime.model.supports_speaker_reference 1
[TRACE ts=20260722-125444] runtime.model.supports_style_condition 1
[TRACE ts=20260722-125444] runtime.model.supports_timestamps 0
ggml_cuda_init: found 1 CUDA devices (Total VRAM: 24111 MiB):
  Device 0: NVIDIA GeForce RTX 4090, compute capability 8.9, VMM: yes, VRAM: 24111 MiB
ggml_backend_cuda_graph_compute: CUDA graph warmup complete
[TIMING ts=20260722-125454] omnivoice.reference.encode_ms 1.521213
[TIMING ts=20260722-125454] omnivoice.encoder.graph.rebuilt 1
[TIMING ts=20260722-125454] omnivoice.session.prompt_ms 2.340467
[TIMING ts=20260722-125454] omnivoice.session.generate_ms 1277.105897
[TIMING ts=20260722-125454] omnivoice.generator.graph.rebuilt 1
[TIMING ts=20260722-125454] omnivoice.generator.graph.rebuild_ms 3.27302
[TIMING ts=20260722-125454] omnivoice.session.decode_ms 9.589458
[TIMING ts=20260722-125454] omnivoice.decoder.graph.rebuilt 1
[TIMING ts=20260722-125454] omnivoice.decoder.graph.rebuild_ms 1.46073
[TIMING ts=20260722-125454] omnivoice.session.postprocess_ms 6.999658
[TIMING ts=20260722-125454] session.wall_ms 1297.773742
family=omnivoice
task=tts
mode=offline
audio_out=./outputs/single_infer/audiocpp_omnivoice_clone_mdwt_f16_atwt_f16_step64.wav
  Completed at: 12:54:54
  Output: ./outputs/single_infer/audiocpp_omnivoice_clone_mdwt_f16_atwt_f16_step64.wav

[364/375] weight_type=f16 | audio_tokenizer_weight_type=bf16 | steps=64 -> audiocpp_omnivoice_clone_mdwt_f16_atwt_bf16_step64.wav
  Started at: 12:54:54
[TRACE ts=20260722-125454] runtime.model.family omnivoice
[TRACE ts=20260722-125454] runtime.model.variant omnivoice
[TRACE ts=20260722-125454] runtime.model.root /home/ipt/kawshik/tts-testing/audio.cpp/models/OmniVoice
[TRACE ts=20260722-125454] runtime.model.discovered_config_count 6
[TRACE ts=20260722-125454] runtime.model.discovered_weight_count 2
[TRACE ts=20260722-125454] runtime.model.task_count 1
[TRACE ts=20260722-125454] runtime.model.language_count 1
[TRACE ts=20260722-125454] runtime.model.supports_speaker_reference 1
[TRACE ts=20260722-125454] runtime.model.supports_style_condition 1
[TRACE ts=20260722-125454] runtime.model.supports_timestamps 0
ggml_cuda_init: found 1 CUDA devices (Total VRAM: 24111 MiB):
  Device 0: NVIDIA GeForce RTX 4090, compute capability 8.9, VMM: yes, VRAM: 24111 MiB
ggml_backend_cuda_graph_compute: CUDA graph warmup complete
[TIMING ts=20260722-125505] omnivoice.reference.encode_ms 1.382132
[TIMING ts=20260722-125505] omnivoice.encoder.graph.rebuilt 1
[TIMING ts=20260722-125505] omnivoice.session.prompt_ms 3.300555
[TIMING ts=20260722-125505] omnivoice.session.generate_ms 1265.502568
[TIMING ts=20260722-125505] omnivoice.generator.graph.rebuilt 1
[TIMING ts=20260722-125505] omnivoice.generator.graph.rebuild_ms 3.236048
[TIMING ts=20260722-125505] omnivoice.session.decode_ms 11.24925
[TIMING ts=20260722-125505] omnivoice.decoder.graph.rebuilt 1
[TIMING ts=20260722-125505] omnivoice.decoder.graph.rebuild_ms 2.860384
[TIMING ts=20260722-125505] omnivoice.session.postprocess_ms 7.290766
[TIMING ts=20260722-125505] session.wall_ms 1288.932269
family=omnivoice
task=tts
mode=offline
audio_out=./outputs/single_infer/audiocpp_omnivoice_clone_mdwt_f16_atwt_bf16_step64.wav
  Completed at: 12:55:05
  Output: ./outputs/single_infer/audiocpp_omnivoice_clone_mdwt_f16_atwt_bf16_step64.wav

[365/375] weight_type=f16 | audio_tokenizer_weight_type=q8_0 | steps=64 -> audiocpp_omnivoice_clone_mdwt_f16_atwt_q8_0_step64.wav
  Started at: 12:55:05
[TRACE ts=20260722-125505] runtime.model.family omnivoice
[TRACE ts=20260722-125505] runtime.model.variant omnivoice
[TRACE ts=20260722-125505] runtime.model.root /home/ipt/kawshik/tts-testing/audio.cpp/models/OmniVoice
[TRACE ts=20260722-125505] runtime.model.discovered_config_count 6
[TRACE ts=20260722-125505] runtime.model.discovered_weight_count 2
[TRACE ts=20260722-125505] runtime.model.task_count 1
[TRACE ts=20260722-125505] runtime.model.language_count 1
[TRACE ts=20260722-125505] runtime.model.supports_speaker_reference 1
[TRACE ts=20260722-125505] runtime.model.supports_style_condition 1
[TRACE ts=20260722-125505] runtime.model.supports_timestamps 0
ggml_cuda_init: found 1 CUDA devices (Total VRAM: 24111 MiB):
  Device 0: NVIDIA GeForce RTX 4090, compute capability 8.9, VMM: yes, VRAM: 24111 MiB
ggml_backend_cuda_graph_compute: CUDA graph warmup complete
[TIMING ts=20260722-125515] omnivoice.reference.encode_ms 1.298982
[TIMING ts=20260722-125515] omnivoice.encoder.graph.rebuilt 1
[TIMING ts=20260722-125515] omnivoice.session.prompt_ms 3.428317
[TIMING ts=20260722-125515] omnivoice.session.generate_ms 1260.635914
[TIMING ts=20260722-125515] omnivoice.generator.graph.rebuilt 1
[TIMING ts=20260722-125515] omnivoice.generator.graph.rebuild_ms 3.394212
[TIMING ts=20260722-125515] omnivoice.session.decode_ms 44.604673
[TIMING ts=20260722-125515] omnivoice.decoder.graph.rebuilt 1
[TIMING ts=20260722-125515] omnivoice.decoder.graph.rebuild_ms 1.47602
[TIMING ts=20260722-125515] omnivoice.session.postprocess_ms 7.393883
[TIMING ts=20260722-125515] session.wall_ms 1318.186728
family=omnivoice
task=tts
mode=offline
audio_out=./outputs/single_infer/audiocpp_omnivoice_clone_mdwt_f16_atwt_q8_0_step64.wav
  Completed at: 12:55:15
  Output: ./outputs/single_infer/audiocpp_omnivoice_clone_mdwt_f16_atwt_q8_0_step64.wav

[366/375] weight_type=bf16 | audio_tokenizer_weight_type=native | steps=64 -> audiocpp_omnivoice_clone_mdwt_bf16_atwt_native_step64.wav
  Started at: 12:55:15
[TRACE ts=20260722-125515] runtime.model.family omnivoice
[TRACE ts=20260722-125515] runtime.model.variant omnivoice
[TRACE ts=20260722-125515] runtime.model.root /home/ipt/kawshik/tts-testing/audio.cpp/models/OmniVoice
[TRACE ts=20260722-125515] runtime.model.discovered_config_count 6
[TRACE ts=20260722-125515] runtime.model.discovered_weight_count 2
[TRACE ts=20260722-125515] runtime.model.task_count 1
[TRACE ts=20260722-125515] runtime.model.language_count 1
[TRACE ts=20260722-125515] runtime.model.supports_speaker_reference 1
[TRACE ts=20260722-125515] runtime.model.supports_style_condition 1
[TRACE ts=20260722-125515] runtime.model.supports_timestamps 0
ggml_cuda_init: found 1 CUDA devices (Total VRAM: 24111 MiB):
  Device 0: NVIDIA GeForce RTX 4090, compute capability 8.9, VMM: yes, VRAM: 24111 MiB
ggml_backend_cuda_graph_compute: CUDA graph warmup complete
[TIMING ts=20260722-125523] omnivoice.reference.encode_ms 1.694202
[TIMING ts=20260722-125523] omnivoice.encoder.graph.rebuilt 1
[TIMING ts=20260722-125523] omnivoice.session.prompt_ms 2.867463
[TIMING ts=20260722-125523] omnivoice.session.generate_ms 1513.585779
[TIMING ts=20260722-125523] omnivoice.generator.graph.rebuilt 1
[TIMING ts=20260722-125523] omnivoice.generator.graph.rebuild_ms 3.288255
[TIMING ts=20260722-125523] omnivoice.session.decode_ms 37.791671
[TIMING ts=20260722-125523] omnivoice.decoder.graph.rebuilt 1
[TIMING ts=20260722-125523] omnivoice.decoder.graph.rebuild_ms 1.393394
[TIMING ts=20260722-125523] omnivoice.session.postprocess_ms 7.672771
[TIMING ts=20260722-125523] session.wall_ms 1563.830285
family=omnivoice
task=tts
mode=offline
audio_out=./outputs/single_infer/audiocpp_omnivoice_clone_mdwt_bf16_atwt_native_step64.wav
  Completed at: 12:55:23
  Output: ./outputs/single_infer/audiocpp_omnivoice_clone_mdwt_bf16_atwt_native_step64.wav

[367/375] weight_type=bf16 | audio_tokenizer_weight_type=f32 | steps=64 -> audiocpp_omnivoice_clone_mdwt_bf16_atwt_f32_step64.wav
  Started at: 12:55:23
[TRACE ts=20260722-125523] runtime.model.family omnivoice
[TRACE ts=20260722-125523] runtime.model.variant omnivoice
[TRACE ts=20260722-125523] runtime.model.root /home/ipt/kawshik/tts-testing/audio.cpp/models/OmniVoice
[TRACE ts=20260722-125523] runtime.model.discovered_config_count 6
[TRACE ts=20260722-125523] runtime.model.discovered_weight_count 2
[TRACE ts=20260722-125523] runtime.model.task_count 1
[TRACE ts=20260722-125523] runtime.model.language_count 1
[TRACE ts=20260722-125523] runtime.model.supports_speaker_reference 1
[TRACE ts=20260722-125523] runtime.model.supports_style_condition 1
[TRACE ts=20260722-125523] runtime.model.supports_timestamps 0
ggml_cuda_init: found 1 CUDA devices (Total VRAM: 24111 MiB):
  Device 0: NVIDIA GeForce RTX 4090, compute capability 8.9, VMM: yes, VRAM: 24111 MiB
ggml_backend_cuda_graph_compute: CUDA graph warmup complete
[TIMING ts=20260722-125532] omnivoice.reference.encode_ms 1.388385
[TIMING ts=20260722-125532] omnivoice.encoder.graph.rebuilt 1
[TIMING ts=20260722-125532] omnivoice.session.prompt_ms 2.273884
[TIMING ts=20260722-125532] omnivoice.session.generate_ms 1476.937069
[TIMING ts=20260722-125532] omnivoice.generator.graph.rebuilt 1
[TIMING ts=20260722-125532] omnivoice.generator.graph.rebuild_ms 2.85648
[TIMING ts=20260722-125532] omnivoice.session.decode_ms 38.506063
[TIMING ts=20260722-125532] omnivoice.decoder.graph.rebuilt 1
[TIMING ts=20260722-125532] omnivoice.decoder.graph.rebuild_ms 1.424428
[TIMING ts=20260722-125532] omnivoice.session.postprocess_ms 7.132269
[TIMING ts=20260722-125532] session.wall_ms 1526.48025
family=omnivoice
task=tts
mode=offline
audio_out=./outputs/single_infer/audiocpp_omnivoice_clone_mdwt_bf16_atwt_f32_step64.wav
  Completed at: 12:55:32
  Output: ./outputs/single_infer/audiocpp_omnivoice_clone_mdwt_bf16_atwt_f32_step64.wav

[368/375] weight_type=bf16 | audio_tokenizer_weight_type=f16 | steps=64 -> audiocpp_omnivoice_clone_mdwt_bf16_atwt_f16_step64.wav
  Started at: 12:55:32
[TRACE ts=20260722-125532] runtime.model.family omnivoice
[TRACE ts=20260722-125532] runtime.model.variant omnivoice
[TRACE ts=20260722-125532] runtime.model.root /home/ipt/kawshik/tts-testing/audio.cpp/models/OmniVoice
[TRACE ts=20260722-125532] runtime.model.discovered_config_count 6
[TRACE ts=20260722-125532] runtime.model.discovered_weight_count 2
[TRACE ts=20260722-125532] runtime.model.task_count 1
[TRACE ts=20260722-125532] runtime.model.language_count 1
[TRACE ts=20260722-125532] runtime.model.supports_speaker_reference 1
[TRACE ts=20260722-125532] runtime.model.supports_style_condition 1
[TRACE ts=20260722-125532] runtime.model.supports_timestamps 0
ggml_cuda_init: found 1 CUDA devices (Total VRAM: 24111 MiB):
  Device 0: NVIDIA GeForce RTX 4090, compute capability 8.9, VMM: yes, VRAM: 24111 MiB
ggml_backend_cuda_graph_compute: CUDA graph warmup complete
[TIMING ts=20260722-125541] omnivoice.reference.encode_ms 1.418223
[TIMING ts=20260722-125541] omnivoice.encoder.graph.rebuilt 1
[TIMING ts=20260722-125541] omnivoice.session.prompt_ms 2.894547
[TIMING ts=20260722-125541] omnivoice.session.generate_ms 1498.208737
[TIMING ts=20260722-125541] omnivoice.generator.graph.rebuilt 1
[TIMING ts=20260722-125541] omnivoice.generator.graph.rebuild_ms 3.324912
[TIMING ts=20260722-125541] omnivoice.session.decode_ms 9.036769
[TIMING ts=20260722-125541] omnivoice.decoder.graph.rebuilt 1
[TIMING ts=20260722-125541] omnivoice.decoder.graph.rebuild_ms 1.371607
[TIMING ts=20260722-125541] omnivoice.session.postprocess_ms 7.072747
[TIMING ts=20260722-125541] session.wall_ms 1519.213002
family=omnivoice
task=tts
mode=offline
audio_out=./outputs/single_infer/audiocpp_omnivoice_clone_mdwt_bf16_atwt_f16_step64.wav
  Completed at: 12:55:41
  Output: ./outputs/single_infer/audiocpp_omnivoice_clone_mdwt_bf16_atwt_f16_step64.wav

[369/375] weight_type=bf16 | audio_tokenizer_weight_type=bf16 | steps=64 -> audiocpp_omnivoice_clone_mdwt_bf16_atwt_bf16_step64.wav
  Started at: 12:55:41
[TRACE ts=20260722-125541] runtime.model.family omnivoice
[TRACE ts=20260722-125541] runtime.model.variant omnivoice
[TRACE ts=20260722-125541] runtime.model.root /home/ipt/kawshik/tts-testing/audio.cpp/models/OmniVoice
[TRACE ts=20260722-125541] runtime.model.discovered_config_count 6
[TRACE ts=20260722-125541] runtime.model.discovered_weight_count 2
[TRACE ts=20260722-125541] runtime.model.task_count 1
[TRACE ts=20260722-125541] runtime.model.language_count 1
[TRACE ts=20260722-125541] runtime.model.supports_speaker_reference 1
[TRACE ts=20260722-125541] runtime.model.supports_style_condition 1
[TRACE ts=20260722-125541] runtime.model.supports_timestamps 0
ggml_cuda_init: found 1 CUDA devices (Total VRAM: 24111 MiB):
  Device 0: NVIDIA GeForce RTX 4090, compute capability 8.9, VMM: yes, VRAM: 24111 MiB
ggml_backend_cuda_graph_compute: CUDA graph warmup complete
[TIMING ts=20260722-125550] omnivoice.reference.encode_ms 1.506888
[TIMING ts=20260722-125550] omnivoice.encoder.graph.rebuilt 1
[TIMING ts=20260722-125550] omnivoice.session.prompt_ms 3.583806
[TIMING ts=20260722-125550] omnivoice.session.generate_ms 1336.127101
[TIMING ts=20260722-125550] omnivoice.generator.graph.rebuilt 1
[TIMING ts=20260722-125550] omnivoice.generator.graph.rebuild_ms 3.32106
[TIMING ts=20260722-125550] omnivoice.session.decode_ms 9.113367
[TIMING ts=20260722-125550] omnivoice.decoder.graph.rebuilt 1
[TIMING ts=20260722-125550] omnivoice.decoder.graph.rebuild_ms 1.428034
[TIMING ts=20260722-125550] omnivoice.session.postprocess_ms 6.51481
[TIMING ts=20260722-125550] session.wall_ms 1357.06215
family=omnivoice
task=tts
mode=offline
audio_out=./outputs/single_infer/audiocpp_omnivoice_clone_mdwt_bf16_atwt_bf16_step64.wav
  Completed at: 12:55:50
  Output: ./outputs/single_infer/audiocpp_omnivoice_clone_mdwt_bf16_atwt_bf16_step64.wav

[370/375] weight_type=bf16 | audio_tokenizer_weight_type=q8_0 | steps=64 -> audiocpp_omnivoice_clone_mdwt_bf16_atwt_q8_0_step64.wav
  Started at: 12:55:50
[TRACE ts=20260722-125551] runtime.model.family omnivoice
[TRACE ts=20260722-125551] runtime.model.variant omnivoice
[TRACE ts=20260722-125551] runtime.model.root /home/ipt/kawshik/tts-testing/audio.cpp/models/OmniVoice
[TRACE ts=20260722-125551] runtime.model.discovered_config_count 6
[TRACE ts=20260722-125551] runtime.model.discovered_weight_count 2
[TRACE ts=20260722-125551] runtime.model.task_count 1
[TRACE ts=20260722-125551] runtime.model.language_count 1
[TRACE ts=20260722-125551] runtime.model.supports_speaker_reference 1
[TRACE ts=20260722-125551] runtime.model.supports_style_condition 1
[TRACE ts=20260722-125551] runtime.model.supports_timestamps 0
ggml_cuda_init: found 1 CUDA devices (Total VRAM: 24111 MiB):
  Device 0: NVIDIA GeForce RTX 4090, compute capability 8.9, VMM: yes, VRAM: 24111 MiB
ggml_backend_cuda_graph_compute: CUDA graph warmup complete
[TIMING ts=20260722-125600] omnivoice.reference.encode_ms 1.525086
[TIMING ts=20260722-125600] omnivoice.encoder.graph.rebuilt 1
[TIMING ts=20260722-125600] omnivoice.session.prompt_ms 3.655261
[TIMING ts=20260722-125600] omnivoice.session.generate_ms 1523.138129
[TIMING ts=20260722-125600] omnivoice.generator.graph.rebuilt 1
[TIMING ts=20260722-125600] omnivoice.generator.graph.rebuild_ms 3.462827
[TIMING ts=20260722-125600] omnivoice.session.decode_ms 43.196279
[TIMING ts=20260722-125600] omnivoice.decoder.graph.rebuilt 1
[TIMING ts=20260722-125600] omnivoice.decoder.graph.rebuild_ms 1.426048
[TIMING ts=20260722-125600] omnivoice.session.postprocess_ms 7.475298
[TIMING ts=20260722-125600] session.wall_ms 1579.227574
family=omnivoice
task=tts
mode=offline
audio_out=./outputs/single_infer/audiocpp_omnivoice_clone_mdwt_bf16_atwt_q8_0_step64.wav
  Completed at: 12:56:00
  Output: ./outputs/single_infer/audiocpp_omnivoice_clone_mdwt_bf16_atwt_q8_0_step64.wav

[371/375] weight_type=q8_0 | audio_tokenizer_weight_type=native | steps=64 -> audiocpp_omnivoice_clone_mdwt_q8_0_atwt_native_step64.wav
  Started at: 12:56:00
[TRACE ts=20260722-125600] runtime.model.family omnivoice
[TRACE ts=20260722-125600] runtime.model.variant omnivoice
[TRACE ts=20260722-125600] runtime.model.root /home/ipt/kawshik/tts-testing/audio.cpp/models/OmniVoice
[TRACE ts=20260722-125600] runtime.model.discovered_config_count 6
[TRACE ts=20260722-125600] runtime.model.discovered_weight_count 2
[TRACE ts=20260722-125600] runtime.model.task_count 1
[TRACE ts=20260722-125600] runtime.model.language_count 1
[TRACE ts=20260722-125600] runtime.model.supports_speaker_reference 1
[TRACE ts=20260722-125600] runtime.model.supports_style_condition 1
[TRACE ts=20260722-125600] runtime.model.supports_timestamps 0
ggml_cuda_init: found 1 CUDA devices (Total VRAM: 24111 MiB):
  Device 0: NVIDIA GeForce RTX 4090, compute capability 8.9, VMM: yes, VRAM: 24111 MiB
ggml_backend_cuda_graph_compute: CUDA graph warmup complete
[TIMING ts=20260722-125611] omnivoice.reference.encode_ms 1.355537
[TIMING ts=20260722-125611] omnivoice.encoder.graph.rebuilt 1
[TIMING ts=20260722-125611] omnivoice.session.prompt_ms 4.095006
[TIMING ts=20260722-125611] omnivoice.session.generate_ms 1388.981894
[TIMING ts=20260722-125611] omnivoice.generator.graph.rebuilt 1
[TIMING ts=20260722-125611] omnivoice.generator.graph.rebuild_ms 2.763744
[TIMING ts=20260722-125611] omnivoice.session.decode_ms 34.065139
[TIMING ts=20260722-125611] omnivoice.decoder.graph.rebuilt 1
[TIMING ts=20260722-125611] omnivoice.decoder.graph.rebuild_ms 1.376238
[TIMING ts=20260722-125611] omnivoice.session.postprocess_ms 7.285623
[TIMING ts=20260722-125611] session.wall_ms 1436.004818
family=omnivoice
task=tts
mode=offline
audio_out=./outputs/single_infer/audiocpp_omnivoice_clone_mdwt_q8_0_atwt_native_step64.wav
  Completed at: 12:56:11
  Output: ./outputs/single_infer/audiocpp_omnivoice_clone_mdwt_q8_0_atwt_native_step64.wav

[372/375] weight_type=q8_0 | audio_tokenizer_weight_type=f32 | steps=64 -> audiocpp_omnivoice_clone_mdwt_q8_0_atwt_f32_step64.wav
  Started at: 12:56:11
[TRACE ts=20260722-125611] runtime.model.family omnivoice
[TRACE ts=20260722-125611] runtime.model.variant omnivoice
[TRACE ts=20260722-125611] runtime.model.root /home/ipt/kawshik/tts-testing/audio.cpp/models/OmniVoice
[TRACE ts=20260722-125611] runtime.model.discovered_config_count 6
[TRACE ts=20260722-125611] runtime.model.discovered_weight_count 2
[TRACE ts=20260722-125611] runtime.model.task_count 1
[TRACE ts=20260722-125611] runtime.model.language_count 1
[TRACE ts=20260722-125611] runtime.model.supports_speaker_reference 1
[TRACE ts=20260722-125611] runtime.model.supports_style_condition 1
[TRACE ts=20260722-125611] runtime.model.supports_timestamps 0
ggml_cuda_init: found 1 CUDA devices (Total VRAM: 24111 MiB):
  Device 0: NVIDIA GeForce RTX 4090, compute capability 8.9, VMM: yes, VRAM: 24111 MiB
ggml_backend_cuda_graph_compute: CUDA graph warmup complete
[TIMING ts=20260722-125622] omnivoice.reference.encode_ms 1.461227
[TIMING ts=20260722-125622] omnivoice.encoder.graph.rebuilt 1
[TIMING ts=20260722-125622] omnivoice.session.prompt_ms 4.725673
[TIMING ts=20260722-125622] omnivoice.session.generate_ms 1382.010771
[TIMING ts=20260722-125622] omnivoice.generator.graph.rebuilt 1
[TIMING ts=20260722-125622] omnivoice.generator.graph.rebuild_ms 2.64999
[TIMING ts=20260722-125622] omnivoice.session.decode_ms 32.945992
[TIMING ts=20260722-125622] omnivoice.decoder.graph.rebuilt 1
[TIMING ts=20260722-125622] omnivoice.decoder.graph.rebuild_ms 1.505624
[TIMING ts=20260722-125622] omnivoice.session.postprocess_ms 6.86228
[TIMING ts=20260722-125622] session.wall_ms 1428.246759
family=omnivoice
task=tts
mode=offline
audio_out=./outputs/single_infer/audiocpp_omnivoice_clone_mdwt_q8_0_atwt_f32_step64.wav
  Completed at: 12:56:22
  Output: ./outputs/single_infer/audiocpp_omnivoice_clone_mdwt_q8_0_atwt_f32_step64.wav

[373/375] weight_type=q8_0 | audio_tokenizer_weight_type=f16 | steps=64 -> audiocpp_omnivoice_clone_mdwt_q8_0_atwt_f16_step64.wav
  Started at: 12:56:22
[TRACE ts=20260722-125622] runtime.model.family omnivoice
[TRACE ts=20260722-125622] runtime.model.variant omnivoice
[TRACE ts=20260722-125622] runtime.model.root /home/ipt/kawshik/tts-testing/audio.cpp/models/OmniVoice
[TRACE ts=20260722-125622] runtime.model.discovered_config_count 6
[TRACE ts=20260722-125622] runtime.model.discovered_weight_count 2
[TRACE ts=20260722-125622] runtime.model.task_count 1
[TRACE ts=20260722-125622] runtime.model.language_count 1
[TRACE ts=20260722-125622] runtime.model.supports_speaker_reference 1
[TRACE ts=20260722-125622] runtime.model.supports_style_condition 1
[TRACE ts=20260722-125622] runtime.model.supports_timestamps 0
ggml_cuda_init: found 1 CUDA devices (Total VRAM: 24111 MiB):
  Device 0: NVIDIA GeForce RTX 4090, compute capability 8.9, VMM: yes, VRAM: 24111 MiB
ggml_backend_cuda_graph_compute: CUDA graph warmup complete
[TIMING ts=20260722-125633] omnivoice.reference.encode_ms 1.694362
[TIMING ts=20260722-125633] omnivoice.encoder.graph.rebuilt 1
[TIMING ts=20260722-125633] omnivoice.session.prompt_ms 3.52396
[TIMING ts=20260722-125633] omnivoice.session.generate_ms 1320.92462
[TIMING ts=20260722-125633] omnivoice.generator.graph.rebuilt 1
[TIMING ts=20260722-125633] omnivoice.generator.graph.rebuild_ms 4.010369
[TIMING ts=20260722-125633] omnivoice.session.decode_ms 9.856438
[TIMING ts=20260722-125633] omnivoice.decoder.graph.rebuilt 1
[TIMING ts=20260722-125633] omnivoice.decoder.graph.rebuild_ms 1.571254
[TIMING ts=20260722-125633] omnivoice.session.postprocess_ms 8.359033
[TIMING ts=20260722-125633] session.wall_ms 1346.222879
family=omnivoice
task=tts
mode=offline
audio_out=./outputs/single_infer/audiocpp_omnivoice_clone_mdwt_q8_0_atwt_f16_step64.wav
  Completed at: 12:56:34
  Output: ./outputs/single_infer/audiocpp_omnivoice_clone_mdwt_q8_0_atwt_f16_step64.wav

[374/375] weight_type=q8_0 | audio_tokenizer_weight_type=bf16 | steps=64 -> audiocpp_omnivoice_clone_mdwt_q8_0_atwt_bf16_step64.wav
  Started at: 12:56:34
[TRACE ts=20260722-125634] runtime.model.family omnivoice
[TRACE ts=20260722-125634] runtime.model.variant omnivoice
[TRACE ts=20260722-125634] runtime.model.root /home/ipt/kawshik/tts-testing/audio.cpp/models/OmniVoice
[TRACE ts=20260722-125634] runtime.model.discovered_config_count 6
[TRACE ts=20260722-125634] runtime.model.discovered_weight_count 2
[TRACE ts=20260722-125634] runtime.model.task_count 1
[TRACE ts=20260722-125634] runtime.model.language_count 1
[TRACE ts=20260722-125634] runtime.model.supports_speaker_reference 1
[TRACE ts=20260722-125634] runtime.model.supports_style_condition 1
[TRACE ts=20260722-125634] runtime.model.supports_timestamps 0
ggml_cuda_init: found 1 CUDA devices (Total VRAM: 24111 MiB):
  Device 0: NVIDIA GeForce RTX 4090, compute capability 8.9, VMM: yes, VRAM: 24111 MiB
ggml_backend_cuda_graph_compute: CUDA graph warmup complete
[TIMING ts=20260722-125644] omnivoice.reference.encode_ms 1.416536
[TIMING ts=20260722-125644] omnivoice.encoder.graph.rebuilt 1
[TIMING ts=20260722-125644] omnivoice.session.prompt_ms 3.280333
[TIMING ts=20260722-125644] omnivoice.session.generate_ms 1328.383289
[TIMING ts=20260722-125644] omnivoice.generator.graph.rebuilt 1
[TIMING ts=20260722-125644] omnivoice.generator.graph.rebuild_ms 3.551414
[TIMING ts=20260722-125644] omnivoice.session.decode_ms 9.715275
[TIMING ts=20260722-125644] omnivoice.decoder.graph.rebuilt 1
[TIMING ts=20260722-125644] omnivoice.decoder.graph.rebuild_ms 1.563309
[TIMING ts=20260722-125644] omnivoice.session.postprocess_ms 6.702668
[TIMING ts=20260722-125644] session.wall_ms 1349.708238
family=omnivoice
task=tts
mode=offline
audio_out=./outputs/single_infer/audiocpp_omnivoice_clone_mdwt_q8_0_atwt_bf16_step64.wav
  Completed at: 12:56:45
  Output: ./outputs/single_infer/audiocpp_omnivoice_clone_mdwt_q8_0_atwt_bf16_step64.wav

[375/375] weight_type=q8_0 | audio_tokenizer_weight_type=q8_0 | steps=64 -> audiocpp_omnivoice_clone_mdwt_q8_0_atwt_q8_0_step64.wav
  Started at: 12:56:45
[TRACE ts=20260722-125645] runtime.model.family omnivoice
[TRACE ts=20260722-125645] runtime.model.variant omnivoice
[TRACE ts=20260722-125645] runtime.model.root /home/ipt/kawshik/tts-testing/audio.cpp/models/OmniVoice
[TRACE ts=20260722-125645] runtime.model.discovered_config_count 6
[TRACE ts=20260722-125645] runtime.model.discovered_weight_count 2
[TRACE ts=20260722-125645] runtime.model.task_count 1
[TRACE ts=20260722-125645] runtime.model.language_count 1
[TRACE ts=20260722-125645] runtime.model.supports_speaker_reference 1
[TRACE ts=20260722-125645] runtime.model.supports_style_condition 1
[TRACE ts=20260722-125645] runtime.model.supports_timestamps 0
ggml_cuda_init: found 1 CUDA devices (Total VRAM: 24111 MiB):
  Device 0: NVIDIA GeForce RTX 4090, compute capability 8.9, VMM: yes, VRAM: 24111 MiB
ggml_backend_cuda_graph_compute: CUDA graph warmup complete
[TIMING ts=20260722-125656] omnivoice.reference.encode_ms 1.400289
[TIMING ts=20260722-125656] omnivoice.encoder.graph.rebuilt 1
[TIMING ts=20260722-125656] omnivoice.session.prompt_ms 3.23305
[TIMING ts=20260722-125656] omnivoice.session.generate_ms 1313.584404
[TIMING ts=20260722-125656] omnivoice.generator.graph.rebuilt 1
[TIMING ts=20260722-125656] omnivoice.generator.graph.rebuild_ms 3.17521
[TIMING ts=20260722-125656] omnivoice.session.decode_ms 42.0946
[TIMING ts=20260722-125656] omnivoice.decoder.graph.rebuilt 1
[TIMING ts=20260722-125656] omnivoice.decoder.graph.rebuild_ms 1.434698
[TIMING ts=20260722-125656] omnivoice.session.postprocess_ms 7.196649
[TIMING ts=20260722-125656] session.wall_ms 1367.738477
family=omnivoice
task=tts
mode=offline
audio_out=./outputs/single_infer/audiocpp_omnivoice_clone_mdwt_q8_0_atwt_q8_0_step64.wav
  Completed at: 12:56:56
  Output: ./outputs/single_infer/audiocpp_omnivoice_clone_mdwt_q8_0_atwt_q8_0_step64.wav

==========================================
All 375 combinations completed!
Finished: Wed Jul 22 12:56:56 +06 2026
Outputs in: ./outputs/single_infer
Global Log: benchmark_audiocpp_omnivoice_clone.log
==========================================
